<?xml version='1.0' encoding='utf-8' ?>
<resources>
    <id name="ALT" />
    <id name="BOTTOM_END" />
    <id name="BOTTOM_START" />
    <id name="META" />
    <id name="NO_DEBUG" />
    <id name="SHIFT" />
    <id name="SHOW_ALL" />
    <id name="SHOW_PATH" />
    <id name="SHOW_PROGRESS" />
    <id name="SYM" />
    <id name="TOP_END" />
    <id name="TOP_START" />
    <id name="accelerate" />
    <id name="accessibility_action_clickable_span" />
    <id name="accessibility_custom_action_0" />
    <id name="accessibility_custom_action_1" />
    <id name="accessibility_custom_action_10" />
    <id name="accessibility_custom_action_11" />
    <id name="accessibility_custom_action_12" />
    <id name="accessibility_custom_action_13" />
    <id name="accessibility_custom_action_14" />
    <id name="accessibility_custom_action_15" />
    <id name="accessibility_custom_action_16" />
    <id name="accessibility_custom_action_17" />
    <id name="accessibility_custom_action_18" />
    <id name="accessibility_custom_action_19" />
    <id name="accessibility_custom_action_2" />
    <id name="accessibility_custom_action_20" />
    <id name="accessibility_custom_action_21" />
    <id name="accessibility_custom_action_22" />
    <id name="accessibility_custom_action_23" />
    <id name="accessibility_custom_action_24" />
    <id name="accessibility_custom_action_25" />
    <id name="accessibility_custom_action_26" />
    <id name="accessibility_custom_action_27" />
    <id name="accessibility_custom_action_28" />
    <id name="accessibility_custom_action_29" />
    <id name="accessibility_custom_action_3" />
    <id name="accessibility_custom_action_30" />
    <id name="accessibility_custom_action_31" />
    <id name="accessibility_custom_action_4" />
    <id name="accessibility_custom_action_5" />
    <id name="accessibility_custom_action_6" />
    <id name="accessibility_custom_action_7" />
    <id name="accessibility_custom_action_8" />
    <id name="accessibility_custom_action_9" />
    <id name="act_name" />
    <id name="action0" />
    <id name="action_bar" />
    <id name="action_bar_activity_content" />
    <id name="action_bar_container" />
    <id name="action_bar_root" />
    <id name="action_bar_spinner" />
    <id name="action_bar_subtitle" />
    <id name="action_bar_title" />
    <id name="action_container" />
    <id name="action_context_bar" />
    <id name="action_divider" />
    <id name="action_image" />
    <id name="action_menu_divider" />
    <id name="action_menu_presenter" />
    <id name="action_mode_bar" />
    <id name="action_mode_bar_stub" />
    <id name="action_mode_close_button" />
    <id name="action_share" />
    <id name="action_text" />
    <id name="actions" />
    <id name="activity_chooser_view_content" />
    <id name="ad_control_button" />
    <id name="ad_controls_view" />
    <id name="ad_presenter_view" />
    <id name="ad_view" />
    <id name="ad_view_container" />
    <id name="add" />
    <id name="adjust_height" />
    <id name="adjust_width" />
    <id name="al_exo_ad_overlay" />
    <id name="al_exo_artwork" />
    <id name="al_exo_audio_track" />
    <id name="al_exo_basic_controls" />
    <id name="al_exo_bottom_bar" />
    <id name="al_exo_buffering" />
    <id name="al_exo_center_controls" />
    <id name="al_exo_content_frame" />
    <id name="al_exo_controller" />
    <id name="al_exo_controller_placeholder" />
    <id name="al_exo_controls_background" />
    <id name="al_exo_duration" />
    <id name="al_exo_error_message" />
    <id name="al_exo_extra_controls" />
    <id name="al_exo_extra_controls_scroll_view" />
    <id name="al_exo_ffwd" />
    <id name="al_exo_ffwd_with_amount" />
    <id name="al_exo_fullscreen" />
    <id name="al_exo_minimal_controls" />
    <id name="al_exo_minimal_fullscreen" />
    <id name="al_exo_next" />
    <id name="al_exo_overflow_hide" />
    <id name="al_exo_overflow_show" />
    <id name="al_exo_overlay" />
    <id name="al_exo_pause" />
    <id name="al_exo_play" />
    <id name="al_exo_play_pause" />
    <id name="al_exo_playback_speed" />
    <id name="al_exo_position" />
    <id name="al_exo_prev" />
    <id name="al_exo_progress" />
    <id name="al_exo_progress_placeholder" />
    <id name="al_exo_repeat_toggle" />
    <id name="al_exo_rew" />
    <id name="al_exo_rew_with_amount" />
    <id name="al_exo_settings" />
    <id name="al_exo_shuffle" />
    <id name="al_exo_shutter" />
    <id name="al_exo_subtitle" />
    <id name="al_exo_subtitles" />
    <id name="al_exo_time" />
    <id name="al_exo_vr" />
    <id name="alertTitle" />
    <id name="aligned" />
    <id name="all" />
    <id name="always" />
    <id name="analytics_purposes_switch" />
    <id name="analytics_purposes_switch_textview" />
    <id name="animateToEnd" />
    <id name="animateToStart" />
    <id name="app_description" />
    <id name="app_logo" />
    <id name="app_name" />
    <id name="app_open_ad_control_button" />
    <id name="app_open_ad_control_view" />
    <id name="applovin_native_ad_badge_and_title_text_view" />
    <id name="applovin_native_ad_content_linear_layout" />
    <id name="applovin_native_ad_view_container" />
    <id name="applovin_native_advertiser_text_view" />
    <id name="applovin_native_badge_text_view" />
    <id name="applovin_native_body_text_view" />
    <id name="applovin_native_cta_button" />
    <id name="applovin_native_guideline" />
    <id name="applovin_native_icon_and_text_layout" />
    <id name="applovin_native_icon_image_view" />
    <id name="applovin_native_icon_view" />
    <id name="applovin_native_inner_linear_layout" />
    <id name="applovin_native_inner_parent_layout" />
    <id name="applovin_native_leader_icon_and_text_layout" />
    <id name="applovin_native_media_content_view" />
    <id name="applovin_native_options_view" />
    <id name="applovin_native_star_rating_view" />
    <id name="applovin_native_title_text_view" />
    <id name="apply" />
    <id name="arc" />
    <id name="asConfigured" />
    <id name="async" />
    <id name="auto" />
    <id name="autoComplete" />
    <id name="autoCompleteToEnd" />
    <id name="autoCompleteToStart" />
    <id name="automatic" />
    <id name="back" />
    <id name="back_button" />
    <id name="banner_ad_view_container" />
    <id name="banner_control_button" />
    <id name="banner_control_view" />
    <id name="banner_label" />
    <id name="baseline" />
    <id name="beginOnFirstDraw" />
    <id name="beginning" />
    <id name="blocking" />
    <id name="bottom" />
    <id name="bounce" />
    <id name="browser_actions_header_text" />
    <id name="browser_actions_menu_item_icon" />
    <id name="browser_actions_menu_item_text" />
    <id name="browser_actions_menu_items" />
    <id name="browser_actions_menu_view" />
    <id name="buttonPanel" />
    <id name="cancel_action" />
    <id name="cancel_button" />
    <id name="card_parent" />
    <id name="center" />
    <id name="centerCrop" />
    <id name="centerInside" />
    <id name="center_horizontal" />
    <id name="center_vertical" />
    <id name="chain" />
    <id name="chains" />
    <id name="champion_name" />
    <id name="channel_name" />
    <id name="checkbox" />
    <id name="checked" />
    <id name="chronometer" />
    <id name="circle_center" />
    <id name="clear_text" />
    <id name="clip_horizontal" />
    <id name="clip_vertical" />
    <id name="clockwise" />
    <id name="closer" />
    <id name="confirm_button" />
    <id name="contacts" />
    <id name="container" />
    <id name="content" />
    <id name="contentPanel" />
    <id name="continue_button" />
    <id name="controls_view" />
    <id name="counterclockwise" />
    <id name="coupon" />
    <id name="custom" />
    <id name="customPanel" />
    <id name="dark" />
    <id name="date_picker_actions" />
    <id name="decelerate" />
    <id name="decelerateAndComplete" />
    <id name="decor_content_parent" />
    <id name="default_activity_button" />
    <id name="deltaRelative" />
    <id name="design_bottom_sheet" />
    <id name="design_menu_item_action_area" />
    <id name="design_menu_item_action_area_stub" />
    <id name="design_menu_item_text" />
    <id name="design_navigation_view" />
    <id name="detailImageView" />
    <id name="dimensions" />
    <id name="direct" />
    <id name="disableHome" />
    <id name="disablePostScroll" />
    <id name="disableScroll" />
    <id name="disabled" />
    <id name="download" />
    <id name="dragDown" />
    <id name="dragEnd" />
    <id name="dragLeft" />
    <id name="dragRight" />
    <id name="dragStart" />
    <id name="dragUp" />
    <id name="drawer_email" />
    <id name="drawer_exit" />
    <id name="drawer_facebook" />
    <id name="drawer_instagram" />
    <id name="drawer_parent" />
    <id name="drawer_share" />
    <id name="drawer_telegram" />
    <id name="drawer_tube" />
    <id name="dropdown_menu" />
    <id name="edge" />
    <id name="edit_query" />
    <id name="edit_text_id" />
    <id name="elastic" />
    <id name="email" />
    <id name="email_report_tv" />
    <id name="embed" />
    <id name="enabled" />
    <id name="end" />
    <id name="endToStart" />
    <id name="end_padder" />
    <id name="end_subs" />
    <id name="enterAlways" />
    <id name="enterAlwaysCollapsed" />
    <id name="exit" />
    <id name="exo_ad_overlay" />
    <id name="exo_artwork" />
    <id name="exo_bottom_bar" />
    <id name="exo_buffering" />
    <id name="exo_cast" />
    <id name="exo_cast_1" />
    <id name="exo_content_frame" />
    <id name="exo_controller" />
    <id name="exo_controller_placeholder" />
    <id name="exo_duration" />
    <id name="exo_error_message" />
    <id name="exo_ffwd" />
    <id name="exo_fullscreen" />
    <id name="exo_next" />
    <id name="exo_overlay" />
    <id name="exo_pause" />
    <id name="exo_play" />
    <id name="exo_position" />
    <id name="exo_prev" />
    <id name="exo_progress" />
    <id name="exo_progress_placeholder" />
    <id name="exo_ratio" />
    <id name="exo_repeat_toggle" />
    <id name="exo_rew" />
    <id name="exo_shuffle" />
    <id name="exo_shutter" />
    <id name="exo_subtitles" />
    <id name="exo_track_selection_view" />
    <id name="exo_video_settings" />
    <id name="exo_volume" />
    <id name="exo_vr" />
    <id name="expand_activities_button" />
    <id name="expanded_menu" />
    <id name="fade" />
    <id name="filled" />
    <id name="flip" />
    <id name="floating" />
    <id name="fragment_container_view_tag" />
    <id name="fragment_placeholder" />
    <id name="ft_logo" />
    <id name="ft_name" />
    <id name="fullscreen_header" />
    <id name="get" />
    <id name="glide_custom_view_target_tag" />
    <id name="graph" />
    <id name="graph_wrap" />
    <id name="group_divider" />
    <id name="groups" />
    <id name="hardware" />
    <id name="header_title" />
    <id name="hide_ime_id" />
    <id name="hideable" />
    <id name="home" />
    <id name="home_prem" />
    <id name="home_telegram" />
    <id name="icon" />
    <id name="icon_group" />
    <id name="icon_only" />
    <id name="image" />
    <id name="imageView" />
    <id name="image_view" />
    <id name="indeterminate" />
    <id name="info" />
    <id name="interstitial_control_button" />
    <id name="interstitial_control_view" />
    <id name="invisible" />
    <id name="inward" />
    <id name="italic" />
    <id name="item_logo" />
    <id name="item_name" />
    <id name="item_touch_helper_previous_elevation" />
    <id name="labeled" />
    <id name="layout" />
    <id name="learn_more_button" />
    <id name="left" />
    <id name="leftToRight" />
    <id name="light" />
    <id name="line1" />
    <id name="line3" />
    <id name="linear" />
    <id name="listMode" />
    <id name="listView" />
    <id name="list_item" />
    <id name="main_container" />
    <id name="main_coor_parent" />
    <id name="main_drawer" />
    <id name="main_open_drawer" />
    <id name="main_parent_drawer" />
    <id name="main_refresh" />
    <id name="main_tab" />
    <id name="main_tool_bar" />
    <id name="marquee" />
    <id name="masked" />
    <id name="match_parent" />
    <id name="material_clock_display" />
    <id name="material_clock_display_and_toggle" />
    <id name="material_clock_face" />
    <id name="material_clock_hand" />
    <id name="material_clock_level" />
    <id name="material_clock_period_am_button" />
    <id name="material_clock_period_pm_button" />
    <id name="material_clock_period_toggle" />
    <id name="material_hour_text_input" />
    <id name="material_hour_tv" />
    <id name="material_label" />
    <id name="material_minute_text_input" />
    <id name="material_minute_tv" />
    <id name="material_textinput_timepicker" />
    <id name="material_timepicker_cancel_button" />
    <id name="material_timepicker_container" />
    <id name="material_timepicker_mode_button" />
    <id name="material_timepicker_ok_button" />
    <id name="material_timepicker_view" />
    <id name="material_value_index" />
    <id name="matrix" />
    <id name="media_actions" />
    <id name="media_controller_compat_view_tag" />
    <id name="message" />
    <id name="message_textview" />
    <id name="mic_icon" />
    <id name="mic_name" />
    <id name="middle" />
    <id name="mini" />
    <id name="month_grid" />
    <id name="month_navigation_bar" />
    <id name="month_navigation_fragment_toggle" />
    <id name="month_navigation_next" />
    <id name="month_navigation_previous" />
    <id name="month_title" />
    <id name="mrec_ad_view_container" />
    <id name="mrec_control_button" />
    <id name="mrec_control_view" />
    <id name="mtrl_calendar_day_selector_frame" />
    <id name="mtrl_calendar_days_of_week" />
    <id name="mtrl_calendar_frame" />
    <id name="mtrl_calendar_main_pane" />
    <id name="mtrl_calendar_months" />
    <id name="mtrl_calendar_year_selector_frame" />
    <id name="mtrl_card_checked_layer_id" />
    <id name="mtrl_picker_header_selection_text" />
    <id name="mtrl_picker_header_toggle" />
    <id name="mtrl_picker_title_text" />
    <id name="native_ad_view_container" />
    <id name="native_control_button" />
    <id name="native_control_view" />
    <id name="navigation_bar_item_active_indicator_view" />
    <id name="navigation_bar_item_icon_container" />
    <id name="navigation_bar_item_icon_view" />
    <id name="navigation_bar_item_labels_group" />
    <id name="navigation_bar_item_large_label_view" />
    <id name="navigation_bar_item_small_label_view" />
    <id name="navigation_header_container" />
    <id name="noScroll" />
    <id name="no_internet" />
    <id name="no_matches" />
    <id name="none" />
    <id name="normal" />
    <id name="notification_background" />
    <id name="notification_main_column" />
    <id name="notification_main_column_container" />
    <id name="off" />
    <id name="offline_dialog_advertiser_name" />
    <id name="offline_dialog_image" />
    <id name="offline_dialog_text" />
    <id name="on" />
    <id name="one" />
    <id name="outline" />
    <id name="outward" />
    <id name="parent" />
    <id name="parentPanel" />
    <id name="parentRelative" />
    <id name="parent_matrix" />
    <id name="partner_links_textview" />
    <id name="partners_content_view" />
    <id name="password_toggle" />
    <id name="path" />
    <id name="pathRelative" />
    <id name="percent" />
    <id name="personalized_advertising_switch" />
    <id name="personalized_advertising_switch_textview" />
    <id name="pin" />
    <id name="player_back" />
    <id name="player_parent" />
    <id name="player_servers" />
    <id name="player_view" />
    <id name="player_view_top_bar" />
    <id name="position" />
    <id name="privacy_policy_switch" />
    <id name="privacy_policy_switch_textview" />
    <id name="progress_bar" />
    <id name="progress_circular" />
    <id name="progress_horizontal" />
    <id name="ratio" />
    <id name="remove_app_icon" />
    <id name="report_ad_button" />
    <id name="report_drawn" />
    <id name="retry" />
    <id name="reverse" />
    <id name="reverseSawtooth" />
    <id name="rewarded_control_button" />
    <id name="rewarded_control_view" />
    <id name="rewarded_interstitial_control_button" />
    <id name="rewarded_interstitial_control_view" />
    <id name="right" />
    <id name="rightToLeft" />
    <id name="right_icon" />
    <id name="right_side" />
    <id name="rounded" />
    <id name="row_index_key" />
    <id name="save_non_transition_alpha" />
    <id name="save_overlay_view" />
    <id name="sawtooth" />
    <id name="scale" />
    <id name="screen" />
    <id name="scroll" />
    <id name="scrollIndicatorDown" />
    <id name="scrollIndicatorUp" />
    <id name="scrollView" />
    <id name="scroll_view" />
    <id name="scrollable" />
    <id name="search_badge" />
    <id name="search_bar" />
    <id name="search_bar_text_view" />
    <id name="search_button" />
    <id name="search_close_btn" />
    <id name="search_edit_frame" />
    <id name="search_go_btn" />
    <id name="search_mag_icon" />
    <id name="search_plate" />
    <id name="search_src_text" />
    <id name="search_view_background" />
    <id name="search_view_clear_button" />
    <id name="search_view_content_container" />
    <id name="search_view_divider" />
    <id name="search_view_dummy_toolbar" />
    <id name="search_view_edit_text" />
    <id name="search_view_header_container" />
    <id name="search_view_root" />
    <id name="search_view_scrim" />
    <id name="search_view_search_prefix" />
    <id name="search_view_status_bar_spacer" />
    <id name="search_view_toolbar" />
    <id name="search_view_toolbar_container" />
    <id name="search_voice_btn" />
    <id name="select_dialog_listview" />
    <id name="selected" />
    <id name="selection_type" />
    <id name="send_report" />
    <id name="server_btn" />
    <id name="shortcut" />
    <id name="showCustom" />
    <id name="showHome" />
    <id name="showTitle" />
    <id name="show_mrec_button" />
    <id name="show_native_button" />
    <id name="sin" />
    <id name="skipCollapsed" />
    <id name="snackbar_action" />
    <id name="snackbar_text" />
    <id name="software" />
    <id name="spacer" />
    <id name="special_effects_controller_view_tag" />
    <id name="spherical_gl_surface_view" />
    <id name="splash_icon" />
    <id name="spline" />
    <id name="split_action_bar" />
    <id name="spread" />
    <id name="spread_inside" />
    <id name="square" />
    <id name="src_atop" />
    <id name="src_in" />
    <id name="src_over" />
    <id name="st_logo" />
    <id name="st_name" />
    <id name="standard" />
    <id name="start" />
    <id name="startHorizontal" />
    <id name="startToEnd" />
    <id name="startVertical" />
    <id name="staticLayout" />
    <id name="staticPostLayout" />
    <id name="status" />
    <id name="status_bar_latest_event_content" />
    <id name="status_textview" />
    <id name="stop" />
    <id name="stretch" />
    <id name="submenuarrow" />
    <id name="subscribe" />
    <id name="tag_accessibility_actions" />
    <id name="tag_accessibility_clickable_spans" />
    <id name="tag_accessibility_heading" />
    <id name="tag_accessibility_pane_title" />
    <id name="tag_on_apply_window_listener" />
    <id name="tag_on_receive_content_listener" />
    <id name="tag_on_receive_content_mime_types" />
    <id name="tag_screen_reader_focusable" />
    <id name="tag_state_description" />
    <id name="tag_transition_group" />
    <id name="tag_unhandled_key_event_manager" />
    <id name="tag_unhandled_key_listeners" />
    <id name="tag_window_insets_animation_callback" />
    <id name="text" />
    <id name="text2" />
    <id name="textEnd" />
    <id name="textSpacerNoButtons" />
    <id name="textSpacerNoTitle" />
    <id name="textStart" />
    <id name="textTop" />
    <id name="textView" />
    <id name="text_input_end_icon" />
    <id name="text_input_error_icon" />
    <id name="text_input_start_icon" />
    <id name="textinput_counter" />
    <id name="textinput_error" />
    <id name="textinput_helper_text" />
    <id name="textinput_placeholder" />
    <id name="textinput_prefix_text" />
    <id name="textinput_suffix_text" />
    <id name="texture_view" />
    <id name="tim" />
    <id name="time" />
    <id name="time_left" />
    <id name="title" />
    <id name="titleDividerNoCustom" />
    <id name="title_template" />
    <id name="title_textview" />
    <id name="toggle" />
    <id name="tool_bar" />
    <id name="top" />
    <id name="topPanel" />
    <id name="touch_outside" />
    <id name="track_selection_dialog_cancel_button" />
    <id name="track_selection_dialog_ok_button" />
    <id name="track_selection_dialog_tab_layout" />
    <id name="track_selection_dialog_view_pager" />
    <id name="transitionToEnd" />
    <id name="transitionToStart" />
    <id name="transition_current_scene" />
    <id name="transition_layout_save" />
    <id name="transition_position" />
    <id name="transition_scene_layoutid_cache" />
    <id name="transition_transform" />
    <id name="triangle" />
    <id name="unchecked" />
    <id name="understand_and_confirm_button" />
    <id name="uniform" />
    <id name="up" />
    <id name="video_decoder_gl_surface_view" />
    <id name="view_offset_helper" />
    <id name="view_tree_lifecycle_owner" />
    <id name="view_tree_on_back_pressed_dispatcher_owner" />
    <id name="view_tree_saved_state_registry_owner" />
    <id name="view_tree_view_model_store_owner" />
    <id name="visible" />
    <id name="visible_removing_fragment_view_tag" />
    <id name="web" />
    <id name="web_player" />
</resources>