<?xml version='1.0' encoding='utf-8' ?>
<type id="0x0a" defaultWeak="true">
    <entry id="0x7f0a0000" name="ALT" />
    <entry id="0x7f0a0001" name="BOTTOM_END" />
    <entry id="0x7f0a0002" name="BOTTOM_START" />
    <entry id="0x7f0a0005" name="META" />
    <entry id="0x7f0a0006" name="NO_DEBUG" />
    <entry id="0x7f0a0007" name="SHIFT" />
    <entry id="0x7f0a0008" name="SHOW_ALL" />
    <entry id="0x7f0a0009" name="SHOW_PATH" />
    <entry id="0x7f0a000a" name="SHOW_PROGRESS" />
    <entry id="0x7f0a000b" name="SYM" />
    <entry id="0x7f0a000c" name="TOP_END" />
    <entry id="0x7f0a000d" name="TOP_START" />
    <entry id="0x7f0a000e" name="accelerate" />
    <entry id="0x7f0a000f" name="accessibility_action_clickable_span" />
    <entry id="0x7f0a0010" name="accessibility_custom_action_0" />
    <entry id="0x7f0a0011" name="accessibility_custom_action_1" />
    <entry id="0x7f0a0012" name="accessibility_custom_action_10" />
    <entry id="0x7f0a0013" name="accessibility_custom_action_11" />
    <entry id="0x7f0a0014" name="accessibility_custom_action_12" />
    <entry id="0x7f0a0015" name="accessibility_custom_action_13" />
    <entry id="0x7f0a0016" name="accessibility_custom_action_14" />
    <entry id="0x7f0a0017" name="accessibility_custom_action_15" />
    <entry id="0x7f0a0018" name="accessibility_custom_action_16" />
    <entry id="0x7f0a0019" name="accessibility_custom_action_17" />
    <entry id="0x7f0a001a" name="accessibility_custom_action_18" />
    <entry id="0x7f0a001b" name="accessibility_custom_action_19" />
    <entry id="0x7f0a001c" name="accessibility_custom_action_2" />
    <entry id="0x7f0a001d" name="accessibility_custom_action_20" />
    <entry id="0x7f0a001e" name="accessibility_custom_action_21" />
    <entry id="0x7f0a001f" name="accessibility_custom_action_22" />
    <entry id="0x7f0a0020" name="accessibility_custom_action_23" />
    <entry id="0x7f0a0021" name="accessibility_custom_action_24" />
    <entry id="0x7f0a0022" name="accessibility_custom_action_25" />
    <entry id="0x7f0a0023" name="accessibility_custom_action_26" />
    <entry id="0x7f0a0024" name="accessibility_custom_action_27" />
    <entry id="0x7f0a0025" name="accessibility_custom_action_28" />
    <entry id="0x7f0a0026" name="accessibility_custom_action_29" />
    <entry id="0x7f0a0027" name="accessibility_custom_action_3" />
    <entry id="0x7f0a0028" name="accessibility_custom_action_30" />
    <entry id="0x7f0a0029" name="accessibility_custom_action_31" />
    <entry id="0x7f0a002a" name="accessibility_custom_action_4" />
    <entry id="0x7f0a002b" name="accessibility_custom_action_5" />
    <entry id="0x7f0a002c" name="accessibility_custom_action_6" />
    <entry id="0x7f0a002d" name="accessibility_custom_action_7" />
    <entry id="0x7f0a002e" name="accessibility_custom_action_8" />
    <entry id="0x7f0a002f" name="accessibility_custom_action_9" />
    <entry id="0x7f0a0030" name="act_name" />
    <entry id="0x7f0a0031" name="action0" />
    <entry id="0x7f0a0032" name="action_bar" />
    <entry id="0x7f0a0033" name="action_bar_activity_content" />
    <entry id="0x7f0a0034" name="action_bar_container" />
    <entry id="0x7f0a0035" name="action_bar_root" />
    <entry id="0x7f0a0036" name="action_bar_spinner" />
    <entry id="0x7f0a0037" name="action_bar_subtitle" />
    <entry id="0x7f0a0038" name="action_bar_title" />
    <entry id="0x7f0a0039" name="action_container" />
    <entry id="0x7f0a003a" name="action_context_bar" />
    <entry id="0x7f0a003b" name="action_divider" />
    <entry id="0x7f0a003c" name="action_image" />
    <entry id="0x7f0a003d" name="action_menu_divider" />
    <entry id="0x7f0a003e" name="action_menu_presenter" />
    <entry id="0x7f0a003f" name="action_mode_bar" />
    <entry id="0x7f0a0040" name="action_mode_bar_stub" />
    <entry id="0x7f0a0041" name="action_mode_close_button" />
    <entry id="0x7f0a0042" name="action_share" />
    <entry id="0x7f0a0043" name="action_text" />
    <entry id="0x7f0a0044" name="actions" />
    <entry id="0x7f0a0045" name="activity_chooser_view_content" />
    <entry id="0x7f0a0046" name="ad_control_button" />
    <entry id="0x7f0a0047" name="ad_controls_view" />
    <entry id="0x7f0a0048" name="ad_presenter_view" />
    <entry id="0x7f0a0049" name="ad_view" />
    <entry id="0x7f0a004a" name="ad_view_container" />
    <entry id="0x7f0a004b" name="add" />
    <entry id="0x7f0a004c" name="adjust_height" />
    <entry id="0x7f0a004d" name="adjust_width" />
    <entry id="0x7f0a004e" name="al_exo_ad_overlay" />
    <entry id="0x7f0a004f" name="al_exo_artwork" />
    <entry id="0x7f0a0050" name="al_exo_audio_track" />
    <entry id="0x7f0a0051" name="al_exo_basic_controls" />
    <entry id="0x7f0a0052" name="al_exo_bottom_bar" />
    <entry id="0x7f0a0053" name="al_exo_buffering" />
    <entry id="0x7f0a0054" name="al_exo_center_controls" />
    <entry id="0x7f0a0055" name="al_exo_content_frame" />
    <entry id="0x7f0a0056" name="al_exo_controller" />
    <entry id="0x7f0a0057" name="al_exo_controller_placeholder" />
    <entry id="0x7f0a0058" name="al_exo_controls_background" />
    <entry id="0x7f0a0059" name="al_exo_duration" />
    <entry id="0x7f0a005a" name="al_exo_error_message" />
    <entry id="0x7f0a005b" name="al_exo_extra_controls" />
    <entry id="0x7f0a005c" name="al_exo_extra_controls_scroll_view" />
    <entry id="0x7f0a005d" name="al_exo_ffwd" />
    <entry id="0x7f0a005e" name="al_exo_ffwd_with_amount" />
    <entry id="0x7f0a005f" name="al_exo_fullscreen" />
    <entry id="0x7f0a0060" name="al_exo_minimal_controls" />
    <entry id="0x7f0a0061" name="al_exo_minimal_fullscreen" />
    <entry id="0x7f0a0062" name="al_exo_next" />
    <entry id="0x7f0a0063" name="al_exo_overflow_hide" />
    <entry id="0x7f0a0064" name="al_exo_overflow_show" />
    <entry id="0x7f0a0065" name="al_exo_overlay" />
    <entry id="0x7f0a0066" name="al_exo_pause" />
    <entry id="0x7f0a0067" name="al_exo_play" />
    <entry id="0x7f0a0068" name="al_exo_play_pause" />
    <entry id="0x7f0a0069" name="al_exo_playback_speed" />
    <entry id="0x7f0a006a" name="al_exo_position" />
    <entry id="0x7f0a006b" name="al_exo_prev" />
    <entry id="0x7f0a006c" name="al_exo_progress" />
    <entry id="0x7f0a006d" name="al_exo_progress_placeholder" />
    <entry id="0x7f0a006e" name="al_exo_repeat_toggle" />
    <entry id="0x7f0a006f" name="al_exo_rew" />
    <entry id="0x7f0a0070" name="al_exo_rew_with_amount" />
    <entry id="0x7f0a0071" name="al_exo_settings" />
    <entry id="0x7f0a0072" name="al_exo_shuffle" />
    <entry id="0x7f0a0073" name="al_exo_shutter" />
    <entry id="0x7f0a0074" name="al_exo_subtitle" />
    <entry id="0x7f0a0075" name="al_exo_subtitles" />
    <entry id="0x7f0a0076" name="al_exo_time" />
    <entry id="0x7f0a0077" name="al_exo_vr" />
    <entry id="0x7f0a0078" name="alertTitle" />
    <entry id="0x7f0a0079" name="aligned" />
    <entry id="0x7f0a007a" name="all" />
    <entry id="0x7f0a007b" name="always" />
    <entry id="0x7f0a007c" name="analytics_purposes_switch" />
    <entry id="0x7f0a007d" name="analytics_purposes_switch_textview" />
    <entry id="0x7f0a007e" name="animateToEnd" />
    <entry id="0x7f0a007f" name="animateToStart" />
    <entry id="0x7f0a0080" name="app_description" />
    <entry id="0x7f0a0081" name="app_logo" />
    <entry id="0x7f0a0082" name="app_name" />
    <entry id="0x7f0a0083" name="app_open_ad_control_button" />
    <entry id="0x7f0a0084" name="app_open_ad_control_view" />
    <entry id="0x7f0a0085" name="applovin_native_ad_badge_and_title_text_view" />
    <entry id="0x7f0a0086" name="applovin_native_ad_content_linear_layout" />
    <entry id="0x7f0a0087" name="applovin_native_ad_view_container" />
    <entry id="0x7f0a0088" name="applovin_native_advertiser_text_view" />
    <entry id="0x7f0a0089" name="applovin_native_badge_text_view" />
    <entry id="0x7f0a008a" name="applovin_native_body_text_view" />
    <entry id="0x7f0a008b" name="applovin_native_cta_button" />
    <entry id="0x7f0a008c" name="applovin_native_guideline" />
    <entry id="0x7f0a008d" name="applovin_native_icon_and_text_layout" />
    <entry id="0x7f0a008e" name="applovin_native_icon_image_view" />
    <entry id="0x7f0a008f" name="applovin_native_icon_view" />
    <entry id="0x7f0a0090" name="applovin_native_inner_linear_layout" />
    <entry id="0x7f0a0091" name="applovin_native_inner_parent_layout" />
    <entry id="0x7f0a0092" name="applovin_native_leader_icon_and_text_layout" />
    <entry id="0x7f0a0093" name="applovin_native_media_content_view" />
    <entry id="0x7f0a0094" name="applovin_native_options_view" />
    <entry id="0x7f0a0095" name="applovin_native_star_rating_view" />
    <entry id="0x7f0a0096" name="applovin_native_title_text_view" />
    <entry id="0x7f0a0097" name="apply" />
    <entry id="0x7f0a0098" name="arc" />
    <entry id="0x7f0a0099" name="asConfigured" />
    <entry id="0x7f0a009a" name="async" />
    <entry id="0x7f0a009b" name="auto" />
    <entry id="0x7f0a009c" name="autoComplete" />
    <entry id="0x7f0a009d" name="autoCompleteToEnd" />
    <entry id="0x7f0a009e" name="autoCompleteToStart" />
    <entry id="0x7f0a009f" name="automatic" />
    <entry id="0x7f0a00a0" name="back" />
    <entry id="0x7f0a00a1" name="back_button" />
    <entry id="0x7f0a00a3" name="banner_ad_view_container" />
    <entry id="0x7f0a00a4" name="banner_control_button" />
    <entry id="0x7f0a00a5" name="banner_control_view" />
    <entry id="0x7f0a00a6" name="banner_label" />
    <entry id="0x7f0a00a8" name="baseline" />
    <entry id="0x7f0a00a9" name="beginOnFirstDraw" />
    <entry id="0x7f0a00aa" name="beginning" />
    <entry id="0x7f0a00ab" name="blocking" />
    <entry id="0x7f0a00ac" name="bottom" />
    <entry id="0x7f0a00ad" name="bounce" />
    <entry id="0x7f0a00ae" name="browser_actions_header_text" />
    <entry id="0x7f0a00af" name="browser_actions_menu_item_icon" />
    <entry id="0x7f0a00b0" name="browser_actions_menu_item_text" />
    <entry id="0x7f0a00b1" name="browser_actions_menu_items" />
    <entry id="0x7f0a00b2" name="browser_actions_menu_view" />
    <entry id="0x7f0a00b3" name="buttonPanel" />
    <entry id="0x7f0a00b4" name="cancel_action" />
    <entry id="0x7f0a00b5" name="cancel_button" />
    <entry id="0x7f0a00b6" name="card_parent" />
    <entry id="0x7f0a00b7" name="center" />
    <entry id="0x7f0a00b8" name="centerCrop" />
    <entry id="0x7f0a00b9" name="centerInside" />
    <entry id="0x7f0a00ba" name="center_horizontal" />
    <entry id="0x7f0a00bb" name="center_vertical" />
    <entry id="0x7f0a00bc" name="chain" />
    <entry id="0x7f0a00bd" name="chains" />
    <entry id="0x7f0a00be" name="champion_name" />
    <entry id="0x7f0a00bf" name="channel_name" />
    <entry id="0x7f0a00c0" name="checkbox" />
    <entry id="0x7f0a00c1" name="checked" />
    <entry id="0x7f0a00c2" name="chronometer" />
    <entry id="0x7f0a00c3" name="circle_center" />
    <entry id="0x7f0a00c4" name="clear_text" />
    <entry id="0x7f0a00c5" name="clip_horizontal" />
    <entry id="0x7f0a00c6" name="clip_vertical" />
    <entry id="0x7f0a00c7" name="clockwise" />
    <entry id="0x7f0a00c8" name="closer" />
    <entry id="0x7f0a00cb" name="confirm_button" />
    <entry id="0x7f0a00cc" name="contacts" />
    <entry id="0x7f0a00cd" name="container" />
    <entry id="0x7f0a00ce" name="content" />
    <entry id="0x7f0a00cf" name="contentPanel" />
    <entry id="0x7f0a00d1" name="continue_button" />
    <entry id="0x7f0a00d2" name="controls_view" />
    <entry id="0x7f0a00d5" name="counterclockwise" />
    <entry id="0x7f0a00d6" name="coupon" />
    <entry id="0x7f0a00d8" name="custom" />
    <entry id="0x7f0a00d9" name="customPanel" />
    <entry id="0x7f0a00db" name="dark" />
    <entry id="0x7f0a00dc" name="date_picker_actions" />
    <entry id="0x7f0a00dd" name="decelerate" />
    <entry id="0x7f0a00de" name="decelerateAndComplete" />
    <entry id="0x7f0a00df" name="decor_content_parent" />
    <entry id="0x7f0a00e0" name="default_activity_button" />
    <entry id="0x7f0a00e1" name="deltaRelative" />
    <entry id="0x7f0a00e2" name="design_bottom_sheet" />
    <entry id="0x7f0a00e3" name="design_menu_item_action_area" />
    <entry id="0x7f0a00e4" name="design_menu_item_action_area_stub" />
    <entry id="0x7f0a00e5" name="design_menu_item_text" />
    <entry id="0x7f0a00e6" name="design_navigation_view" />
    <entry id="0x7f0a00e7" name="detailImageView" />
    <entry id="0x7f0a00ee" name="dimensions" />
    <entry id="0x7f0a00ef" name="direct" />
    <entry id="0x7f0a00f0" name="disableHome" />
    <entry id="0x7f0a00f1" name="disablePostScroll" />
    <entry id="0x7f0a00f2" name="disableScroll" />
    <entry id="0x7f0a00f3" name="disabled" />
    <entry id="0x7f0a00f5" name="download" />
    <entry id="0x7f0a00f6" name="dragDown" />
    <entry id="0x7f0a00f7" name="dragEnd" />
    <entry id="0x7f0a00f8" name="dragLeft" />
    <entry id="0x7f0a00f9" name="dragRight" />
    <entry id="0x7f0a00fa" name="dragStart" />
    <entry id="0x7f0a00fb" name="dragUp" />
    <entry id="0x7f0a00fc" name="drawer_email" />
    <entry id="0x7f0a00fd" name="drawer_exit" />
    <entry id="0x7f0a00fe" name="drawer_facebook" />
    <entry id="0x7f0a00ff" name="drawer_instagram" />
    <entry id="0x7f0a0100" name="drawer_parent" />
    <entry id="0x7f0a0101" name="drawer_share" />
    <entry id="0x7f0a0102" name="drawer_telegram" />
    <entry id="0x7f0a0103" name="drawer_tube" />
    <entry id="0x7f0a0104" name="dropdown_menu" />
    <entry id="0x7f0a0108" name="edge" />
    <entry id="0x7f0a0109" name="edit_query" />
    <entry id="0x7f0a010a" name="edit_text_id" />
    <entry id="0x7f0a010b" name="elastic" />
    <entry id="0x7f0a010c" name="email" />
    <entry id="0x7f0a010d" name="email_report_tv" />
    <entry id="0x7f0a010e" name="embed" />
    <entry id="0x7f0a010f" name="enabled" />
    <entry id="0x7f0a0110" name="end" />
    <entry id="0x7f0a0111" name="endToStart" />
    <entry id="0x7f0a0112" name="end_padder" />
    <entry id="0x7f0a0113" name="end_subs" />
    <entry id="0x7f0a0114" name="enterAlways" />
    <entry id="0x7f0a0115" name="enterAlwaysCollapsed" />
    <entry id="0x7f0a0116" name="exit" />
    <entry id="0x7f0a0118" name="exo_ad_overlay" />
    <entry id="0x7f0a0119" name="exo_artwork" />
    <entry id="0x7f0a011c" name="exo_bottom_bar" />
    <entry id="0x7f0a011d" name="exo_buffering" />
    <entry id="0x7f0a011e" name="exo_cast" />
    <entry id="0x7f0a011f" name="exo_cast_1" />
    <entry id="0x7f0a0122" name="exo_content_frame" />
    <entry id="0x7f0a0123" name="exo_controller" />
    <entry id="0x7f0a0124" name="exo_controller_placeholder" />
    <entry id="0x7f0a0126" name="exo_duration" />
    <entry id="0x7f0a0127" name="exo_error_message" />
    <entry id="0x7f0a012a" name="exo_ffwd" />
    <entry id="0x7f0a012c" name="exo_fullscreen" />
    <entry id="0x7f0a0131" name="exo_next" />
    <entry id="0x7f0a0134" name="exo_overlay" />
    <entry id="0x7f0a0135" name="exo_pause" />
    <entry id="0x7f0a0136" name="exo_play" />
    <entry id="0x7f0a0139" name="exo_position" />
    <entry id="0x7f0a013a" name="exo_prev" />
    <entry id="0x7f0a013b" name="exo_progress" />
    <entry id="0x7f0a013c" name="exo_progress_placeholder" />
    <entry id="0x7f0a013d" name="exo_ratio" />
    <entry id="0x7f0a013e" name="exo_repeat_toggle" />
    <entry id="0x7f0a013f" name="exo_rew" />
    <entry id="0x7f0a0143" name="exo_shuffle" />
    <entry id="0x7f0a0144" name="exo_shutter" />
    <entry id="0x7f0a0147" name="exo_subtitles" />
    <entry id="0x7f0a014a" name="exo_track_selection_view" />
    <entry id="0x7f0a014b" name="exo_video_settings" />
    <entry id="0x7f0a014c" name="exo_volume" />
    <entry id="0x7f0a014d" name="exo_vr" />
    <entry id="0x7f0a014e" name="expand_activities_button" />
    <entry id="0x7f0a014f" name="expanded_menu" />
    <entry id="0x7f0a0150" name="fade" />
    <entry id="0x7f0a0154" name="filled" />
    <entry id="0x7f0a015e" name="flip" />
    <entry id="0x7f0a015f" name="floating" />
    <entry id="0x7f0a0161" name="fragment_container_view_tag" />
    <entry id="0x7f0a0162" name="fragment_placeholder" />
    <entry id="0x7f0a0163" name="ft_logo" />
    <entry id="0x7f0a0164" name="ft_name" />
    <entry id="0x7f0a0165" name="fullscreen_header" />
    <entry id="0x7f0a0166" name="get" />
    <entry id="0x7f0a0169" name="glide_custom_view_target_tag" />
    <entry id="0x7f0a016b" name="graph" />
    <entry id="0x7f0a016c" name="graph_wrap" />
    <entry id="0x7f0a016d" name="group_divider" />
    <entry id="0x7f0a016e" name="groups" />
    <entry id="0x7f0a016f" name="hardware" />
    <entry id="0x7f0a0170" name="header_title" />
    <entry id="0x7f0a0171" name="hide_ime_id" />
    <entry id="0x7f0a0172" name="hideable" />
    <entry id="0x7f0a0173" name="home" />
    <entry id="0x7f0a0175" name="home_prem" />
    <entry id="0x7f0a0176" name="home_telegram" />
    <entry id="0x7f0a0178" name="icon" />
    <entry id="0x7f0a0179" name="icon_group" />
    <entry id="0x7f0a017a" name="icon_only" />
    <entry id="0x7f0a017e" name="image" />
    <entry id="0x7f0a017f" name="imageView" />
    <entry id="0x7f0a0180" name="image_view" />
    <entry id="0x7f0a0181" name="indeterminate" />
    <entry id="0x7f0a0182" name="info" />
    <entry id="0x7f0a0183" name="interstitial_control_button" />
    <entry id="0x7f0a0184" name="interstitial_control_view" />
    <entry id="0x7f0a0185" name="invisible" />
    <entry id="0x7f0a0186" name="inward" />
    <entry id="0x7f0a0187" name="italic" />
    <entry id="0x7f0a0188" name="item_logo" />
    <entry id="0x7f0a0189" name="item_name" />
    <entry id="0x7f0a018a" name="item_touch_helper_previous_elevation" />
    <entry id="0x7f0a018d" name="labeled" />
    <entry id="0x7f0a018e" name="layout" />
    <entry id="0x7f0a018f" name="learn_more_button" />
    <entry id="0x7f0a0190" name="left" />
    <entry id="0x7f0a0191" name="leftToRight" />
    <entry id="0x7f0a0193" name="light" />
    <entry id="0x7f0a0194" name="line1" />
    <entry id="0x7f0a0195" name="line3" />
    <entry id="0x7f0a0196" name="linear" />
    <entry id="0x7f0a0197" name="listMode" />
    <entry id="0x7f0a0198" name="listView" />
    <entry id="0x7f0a0199" name="list_item" />
    <entry id="0x7f0a019c" name="main_container" />
    <entry id="0x7f0a019d" name="main_coor_parent" />
    <entry id="0x7f0a019e" name="main_drawer" />
    <entry id="0x7f0a019f" name="main_open_drawer" />
    <entry id="0x7f0a01a0" name="main_parent_drawer" />
    <entry id="0x7f0a01a1" name="main_refresh" />
    <entry id="0x7f0a01a2" name="main_tab" />
    <entry id="0x7f0a01a3" name="main_tool_bar" />
    <entry id="0x7f0a01a4" name="marquee" />
    <entry id="0x7f0a01a5" name="masked" />
    <entry id="0x7f0a01a6" name="match_parent" />
    <entry id="0x7f0a01a7" name="material_clock_display" />
    <entry id="0x7f0a01a8" name="material_clock_display_and_toggle" />
    <entry id="0x7f0a01a9" name="material_clock_face" />
    <entry id="0x7f0a01aa" name="material_clock_hand" />
    <entry id="0x7f0a01ab" name="material_clock_level" />
    <entry id="0x7f0a01ac" name="material_clock_period_am_button" />
    <entry id="0x7f0a01ad" name="material_clock_period_pm_button" />
    <entry id="0x7f0a01ae" name="material_clock_period_toggle" />
    <entry id="0x7f0a01af" name="material_hour_text_input" />
    <entry id="0x7f0a01b0" name="material_hour_tv" />
    <entry id="0x7f0a01b1" name="material_label" />
    <entry id="0x7f0a01b2" name="material_minute_text_input" />
    <entry id="0x7f0a01b3" name="material_minute_tv" />
    <entry id="0x7f0a01b4" name="material_textinput_timepicker" />
    <entry id="0x7f0a01b5" name="material_timepicker_cancel_button" />
    <entry id="0x7f0a01b6" name="material_timepicker_container" />
    <entry id="0x7f0a01b7" name="material_timepicker_mode_button" />
    <entry id="0x7f0a01b8" name="material_timepicker_ok_button" />
    <entry id="0x7f0a01b9" name="material_timepicker_view" />
    <entry id="0x7f0a01ba" name="material_value_index" />
    <entry id="0x7f0a01bb" name="matrix" />
    <entry id="0x7f0a01bc" name="media_actions" />
    <entry id="0x7f0a01bd" name="media_controller_compat_view_tag" />
    <entry id="0x7f0a01be" name="message" />
    <entry id="0x7f0a01bf" name="message_textview" />
    <entry id="0x7f0a01c0" name="mic_icon" />
    <entry id="0x7f0a01c1" name="mic_name" />
    <entry id="0x7f0a01c2" name="middle" />
    <entry id="0x7f0a01c3" name="mini" />
    <entry id="0x7f0a01c4" name="month_grid" />
    <entry id="0x7f0a01c5" name="month_navigation_bar" />
    <entry id="0x7f0a01c6" name="month_navigation_fragment_toggle" />
    <entry id="0x7f0a01c7" name="month_navigation_next" />
    <entry id="0x7f0a01c8" name="month_navigation_previous" />
    <entry id="0x7f0a01c9" name="month_title" />
    <entry id="0x7f0a01cb" name="mrec_ad_view_container" />
    <entry id="0x7f0a01cc" name="mrec_control_button" />
    <entry id="0x7f0a01cd" name="mrec_control_view" />
    <entry id="0x7f0a01cf" name="mtrl_calendar_day_selector_frame" />
    <entry id="0x7f0a01d0" name="mtrl_calendar_days_of_week" />
    <entry id="0x7f0a01d1" name="mtrl_calendar_frame" />
    <entry id="0x7f0a01d2" name="mtrl_calendar_main_pane" />
    <entry id="0x7f0a01d3" name="mtrl_calendar_months" />
    <entry id="0x7f0a01d6" name="mtrl_calendar_year_selector_frame" />
    <entry id="0x7f0a01d7" name="mtrl_card_checked_layer_id" />
    <entry id="0x7f0a01dd" name="mtrl_picker_header_selection_text" />
    <entry id="0x7f0a01df" name="mtrl_picker_header_toggle" />
    <entry id="0x7f0a01e3" name="mtrl_picker_title_text" />
    <entry id="0x7f0a01e6" name="native_ad_view_container" />
    <entry id="0x7f0a01e7" name="native_control_button" />
    <entry id="0x7f0a01e8" name="native_control_view" />
    <entry id="0x7f0a01e9" name="navigation_bar_item_active_indicator_view" />
    <entry id="0x7f0a01ea" name="navigation_bar_item_icon_container" />
    <entry id="0x7f0a01eb" name="navigation_bar_item_icon_view" />
    <entry id="0x7f0a01ec" name="navigation_bar_item_labels_group" />
    <entry id="0x7f0a01ed" name="navigation_bar_item_large_label_view" />
    <entry id="0x7f0a01ee" name="navigation_bar_item_small_label_view" />
    <entry id="0x7f0a01ef" name="navigation_header_container" />
    <entry id="0x7f0a01f1" name="noScroll" />
    <entry id="0x7f0a01f2" name="no_internet" />
    <entry id="0x7f0a01f3" name="no_matches" />
    <entry id="0x7f0a01f4" name="none" />
    <entry id="0x7f0a01f5" name="normal" />
    <entry id="0x7f0a01f6" name="notification_background" />
    <entry id="0x7f0a01f7" name="notification_main_column" />
    <entry id="0x7f0a01f8" name="notification_main_column_container" />
    <entry id="0x7f0a01f9" name="off" />
    <entry id="0x7f0a01fa" name="offline_dialog_advertiser_name" />
    <entry id="0x7f0a01fb" name="offline_dialog_image" />
    <entry id="0x7f0a01fc" name="offline_dialog_text" />
    <entry id="0x7f0a01fd" name="on" />
    <entry id="0x7f0a01fe" name="one" />
    <entry id="0x7f0a01ff" name="outline" />
    <entry id="0x7f0a0200" name="outward" />
    <entry id="0x7f0a0203" name="parent" />
    <entry id="0x7f0a0204" name="parentPanel" />
    <entry id="0x7f0a0205" name="parentRelative" />
    <entry id="0x7f0a0206" name="parent_matrix" />
    <entry id="0x7f0a0207" name="partner_links_textview" />
    <entry id="0x7f0a0208" name="partners_content_view" />
    <entry id="0x7f0a0209" name="password_toggle" />
    <entry id="0x7f0a020a" name="path" />
    <entry id="0x7f0a020b" name="pathRelative" />
    <entry id="0x7f0a020d" name="percent" />
    <entry id="0x7f0a020e" name="personalized_advertising_switch" />
    <entry id="0x7f0a020f" name="personalized_advertising_switch_textview" />
    <entry id="0x7f0a0210" name="pin" />
    <entry id="0x7f0a0211" name="player_back" />
    <entry id="0x7f0a0212" name="player_parent" />
    <entry id="0x7f0a0213" name="player_servers" />
    <entry id="0x7f0a0214" name="player_view" />
    <entry id="0x7f0a0215" name="player_view_top_bar" />
    <entry id="0x7f0a0216" name="position" />
    <entry id="0x7f0a0219" name="privacy_policy_switch" />
    <entry id="0x7f0a021a" name="privacy_policy_switch_textview" />
    <entry id="0x7f0a021b" name="progress_bar" />
    <entry id="0x7f0a021c" name="progress_circular" />
    <entry id="0x7f0a021d" name="progress_horizontal" />
    <entry id="0x7f0a021f" name="ratio" />
    <entry id="0x7f0a0222" name="remove_app_icon" />
    <entry id="0x7f0a0223" name="report_ad_button" />
    <entry id="0x7f0a0224" name="report_drawn" />
    <entry id="0x7f0a0226" name="retry" />
    <entry id="0x7f0a0227" name="reverse" />
    <entry id="0x7f0a0228" name="reverseSawtooth" />
    <entry id="0x7f0a0229" name="rewarded_control_button" />
    <entry id="0x7f0a022a" name="rewarded_control_view" />
    <entry id="0x7f0a022b" name="rewarded_interstitial_control_button" />
    <entry id="0x7f0a022c" name="rewarded_interstitial_control_view" />
    <entry id="0x7f0a022d" name="right" />
    <entry id="0x7f0a022e" name="rightToLeft" />
    <entry id="0x7f0a022f" name="right_icon" />
    <entry id="0x7f0a0230" name="right_side" />
    <entry id="0x7f0a0231" name="rounded" />
    <entry id="0x7f0a0232" name="row_index_key" />
    <entry id="0x7f0a0233" name="save_non_transition_alpha" />
    <entry id="0x7f0a0234" name="save_overlay_view" />
    <entry id="0x7f0a0235" name="sawtooth" />
    <entry id="0x7f0a0236" name="scale" />
    <entry id="0x7f0a0237" name="screen" />
    <entry id="0x7f0a0238" name="scroll" />
    <entry id="0x7f0a0239" name="scrollIndicatorDown" />
    <entry id="0x7f0a023a" name="scrollIndicatorUp" />
    <entry id="0x7f0a023b" name="scrollView" />
    <entry id="0x7f0a023c" name="scroll_view" />
    <entry id="0x7f0a023d" name="scrollable" />
    <entry id="0x7f0a023e" name="search_badge" />
    <entry id="0x7f0a023f" name="search_bar" />
    <entry id="0x7f0a0240" name="search_bar_text_view" />
    <entry id="0x7f0a0241" name="search_button" />
    <entry id="0x7f0a0242" name="search_close_btn" />
    <entry id="0x7f0a0243" name="search_edit_frame" />
    <entry id="0x7f0a0244" name="search_go_btn" />
    <entry id="0x7f0a0245" name="search_mag_icon" />
    <entry id="0x7f0a0246" name="search_plate" />
    <entry id="0x7f0a0247" name="search_src_text" />
    <entry id="0x7f0a0248" name="search_view_background" />
    <entry id="0x7f0a0249" name="search_view_clear_button" />
    <entry id="0x7f0a024a" name="search_view_content_container" />
    <entry id="0x7f0a024b" name="search_view_divider" />
    <entry id="0x7f0a024c" name="search_view_dummy_toolbar" />
    <entry id="0x7f0a024d" name="search_view_edit_text" />
    <entry id="0x7f0a024e" name="search_view_header_container" />
    <entry id="0x7f0a024f" name="search_view_root" />
    <entry id="0x7f0a0250" name="search_view_scrim" />
    <entry id="0x7f0a0251" name="search_view_search_prefix" />
    <entry id="0x7f0a0252" name="search_view_status_bar_spacer" />
    <entry id="0x7f0a0253" name="search_view_toolbar" />
    <entry id="0x7f0a0254" name="search_view_toolbar_container" />
    <entry id="0x7f0a0255" name="search_voice_btn" />
    <entry id="0x7f0a0256" name="select_dialog_listview" />
    <entry id="0x7f0a0257" name="selected" />
    <entry id="0x7f0a0258" name="selection_type" />
    <entry id="0x7f0a0259" name="send_report" />
    <entry id="0x7f0a025a" name="server_btn" />
    <entry id="0x7f0a025b" name="shortcut" />
    <entry id="0x7f0a025c" name="showCustom" />
    <entry id="0x7f0a025d" name="showHome" />
    <entry id="0x7f0a025e" name="showTitle" />
    <entry id="0x7f0a025f" name="show_mrec_button" />
    <entry id="0x7f0a0260" name="show_native_button" />
    <entry id="0x7f0a0261" name="sin" />
    <entry id="0x7f0a0262" name="skipCollapsed" />
    <entry id="0x7f0a0264" name="snackbar_action" />
    <entry id="0x7f0a0265" name="snackbar_text" />
    <entry id="0x7f0a0268" name="software" />
    <entry id="0x7f0a0269" name="spacer" />
    <entry id="0x7f0a026a" name="special_effects_controller_view_tag" />
    <entry id="0x7f0a026b" name="spherical_gl_surface_view" />
    <entry id="0x7f0a026c" name="splash_icon" />
    <entry id="0x7f0a026d" name="spline" />
    <entry id="0x7f0a026e" name="split_action_bar" />
    <entry id="0x7f0a026f" name="spread" />
    <entry id="0x7f0a0270" name="spread_inside" />
    <entry id="0x7f0a0271" name="square" />
    <entry id="0x7f0a0272" name="src_atop" />
    <entry id="0x7f0a0273" name="src_in" />
    <entry id="0x7f0a0274" name="src_over" />
    <entry id="0x7f0a0275" name="st_logo" />
    <entry id="0x7f0a0276" name="st_name" />
    <entry id="0x7f0a0277" name="standard" />
    <entry id="0x7f0a0278" name="start" />
    <entry id="0x7f0a0279" name="startHorizontal" />
    <entry id="0x7f0a027a" name="startToEnd" />
    <entry id="0x7f0a027b" name="startVertical" />
    <entry id="0x7f0a027c" name="staticLayout" />
    <entry id="0x7f0a027d" name="staticPostLayout" />
    <entry id="0x7f0a027e" name="status" />
    <entry id="0x7f0a027f" name="status_bar_latest_event_content" />
    <entry id="0x7f0a0280" name="status_textview" />
    <entry id="0x7f0a0281" name="stop" />
    <entry id="0x7f0a0282" name="stretch" />
    <entry id="0x7f0a0284" name="submenuarrow" />
    <entry id="0x7f0a0286" name="subscribe" />
    <entry id="0x7f0a0289" name="tag_accessibility_actions" />
    <entry id="0x7f0a028a" name="tag_accessibility_clickable_spans" />
    <entry id="0x7f0a028b" name="tag_accessibility_heading" />
    <entry id="0x7f0a028c" name="tag_accessibility_pane_title" />
    <entry id="0x7f0a028d" name="tag_on_apply_window_listener" />
    <entry id="0x7f0a028e" name="tag_on_receive_content_listener" />
    <entry id="0x7f0a028f" name="tag_on_receive_content_mime_types" />
    <entry id="0x7f0a0290" name="tag_screen_reader_focusable" />
    <entry id="0x7f0a0291" name="tag_state_description" />
    <entry id="0x7f0a0292" name="tag_transition_group" />
    <entry id="0x7f0a0293" name="tag_unhandled_key_event_manager" />
    <entry id="0x7f0a0294" name="tag_unhandled_key_listeners" />
    <entry id="0x7f0a0295" name="tag_window_insets_animation_callback" />
    <entry id="0x7f0a0296" name="text" />
    <entry id="0x7f0a0297" name="text2" />
    <entry id="0x7f0a0298" name="textEnd" />
    <entry id="0x7f0a0299" name="textSpacerNoButtons" />
    <entry id="0x7f0a029a" name="textSpacerNoTitle" />
    <entry id="0x7f0a029b" name="textStart" />
    <entry id="0x7f0a029c" name="textTop" />
    <entry id="0x7f0a029d" name="textView" />
    <entry id="0x7f0a029e" name="text_input_end_icon" />
    <entry id="0x7f0a029f" name="text_input_error_icon" />
    <entry id="0x7f0a02a0" name="text_input_start_icon" />
    <entry id="0x7f0a02a1" name="textinput_counter" />
    <entry id="0x7f0a02a2" name="textinput_error" />
    <entry id="0x7f0a02a3" name="textinput_helper_text" />
    <entry id="0x7f0a02a4" name="textinput_placeholder" />
    <entry id="0x7f0a02a5" name="textinput_prefix_text" />
    <entry id="0x7f0a02a6" name="textinput_suffix_text" />
    <entry id="0x7f0a02a7" name="texture_view" />
    <entry id="0x7f0a02a8" name="tim" />
    <entry id="0x7f0a02a9" name="time" />
    <entry id="0x7f0a02aa" name="time_left" />
    <entry id="0x7f0a02ab" name="title" />
    <entry id="0x7f0a02ac" name="titleDividerNoCustom" />
    <entry id="0x7f0a02ad" name="title_template" />
    <entry id="0x7f0a02ae" name="title_textview" />
    <entry id="0x7f0a02af" name="toggle" />
    <entry id="0x7f0a02b0" name="tool_bar" />
    <entry id="0x7f0a02b1" name="top" />
    <entry id="0x7f0a02b2" name="topPanel" />
    <entry id="0x7f0a02b3" name="touch_outside" />
    <entry id="0x7f0a02b4" name="track_selection_dialog_cancel_button" />
    <entry id="0x7f0a02b5" name="track_selection_dialog_ok_button" />
    <entry id="0x7f0a02b6" name="track_selection_dialog_tab_layout" />
    <entry id="0x7f0a02b7" name="track_selection_dialog_view_pager" />
    <entry id="0x7f0a02b8" name="transitionToEnd" />
    <entry id="0x7f0a02b9" name="transitionToStart" />
    <entry id="0x7f0a02ba" name="transition_current_scene" />
    <entry id="0x7f0a02bb" name="transition_layout_save" />
    <entry id="0x7f0a02bc" name="transition_position" />
    <entry id="0x7f0a02bd" name="transition_scene_layoutid_cache" />
    <entry id="0x7f0a02be" name="transition_transform" />
    <entry id="0x7f0a02bf" name="triangle" />
    <entry id="0x7f0a02c0" name="unchecked" />
    <entry id="0x7f0a02c1" name="understand_and_confirm_button" />
    <entry id="0x7f0a02c2" name="uniform" />
    <entry id="0x7f0a02c4" name="up" />
    <entry id="0x7f0a02c6" name="video_decoder_gl_surface_view" />
    <entry id="0x7f0a02c7" name="view_offset_helper" />
    <entry id="0x7f0a02c8" name="view_tree_lifecycle_owner" />
    <entry id="0x7f0a02c9" name="view_tree_on_back_pressed_dispatcher_owner" />
    <entry id="0x7f0a02ca" name="view_tree_saved_state_registry_owner" />
    <entry id="0x7f0a02cb" name="view_tree_view_model_store_owner" />
    <entry id="0x7f0a02cc" name="visible" />
    <entry id="0x7f0a02cd" name="visible_removing_fragment_view_tag" />
    <entry id="0x7f0a02ce" name="web" />
    <entry id="0x7f0a02cf" name="web_player" />
</type>