<?xml version='1.0' encoding='utf-8' ?>
<resources>
    <attr name="actionBarDivider" format="reference" />
    <attr name="actionBarItemBackground" format="reference" />
    <attr name="actionBarPopupTheme" format="reference" />
    <attr name="actionBarSize" format="dimension|enum">
        <enum name="0x7f0a02d6" value="0" />
    </attr>
    <attr name="actionBarSplitStyle" format="reference" />
    <attr name="actionBarStyle" format="reference" />
    <attr name="actionBarTabBarStyle" format="reference" />
    <attr name="actionBarTabStyle" format="reference" />
    <attr name="actionBarTabTextStyle" format="reference" />
    <attr name="actionBarTheme" format="reference" />
    <attr name="actionBarWidgetTheme" format="reference" />
    <attr name="actionButtonStyle" format="reference" />
    <attr name="actionDropDownStyle" format="reference" />
    <attr name="actionLayout" format="reference" />
    <attr name="actionMenuTextAppearance" format="reference" />
    <attr name="actionMenuTextColor" format="reference|color" />
    <attr name="actionModeBackground" format="reference" />
    <attr name="actionModeCloseButtonStyle" format="reference" />
    <attr name="actionModeCloseContentDescription" format="string" />
    <attr name="actionModeCloseDrawable" format="reference" />
    <attr name="actionModeCopyDrawable" format="reference" />
    <attr name="actionModeCutDrawable" format="reference" />
    <attr name="actionModeFindDrawable" format="reference" />
    <attr name="actionModePasteDrawable" format="reference" />
    <attr name="actionModePopupWindowStyle" format="reference" />
    <attr name="actionModeSelectAllDrawable" format="reference" />
    <attr name="actionModeShareDrawable" format="reference" />
    <attr name="actionModeSplitBackground" format="reference" />
    <attr name="actionModeStyle" format="reference" />
    <attr name="actionModeTheme" format="reference" />
    <attr name="actionModeWebSearchDrawable" format="reference" />
    <attr name="actionOverflowButtonStyle" format="reference" />
    <attr name="actionOverflowMenuStyle" format="reference" />
    <attr name="actionProviderClass" format="string" />
    <attr name="actionTextColorAlpha" format="float" />
    <attr name="actionViewClass" format="string" />
    <attr name="activityChooserViewStyle" format="reference" />
    <attr name="adSize" format="string" />
    <attr name="adSizes" format="string" />
    <attr name="adUnitId" format="string" />
    <attr name="ad_marker_color" format="color" />
    <attr name="ad_marker_width" format="dimension" />
    <attr name="addElevationShadow" format="boolean" />
    <attr name="al_ad_marker_color" format="color" />
    <attr name="al_ad_marker_width" format="dimension" />
    <attr name="al_animation_enabled" format="boolean" />
    <attr name="al_auto_show" format="boolean" />
    <attr name="al_backgroundTint" format="color" />
    <attr name="al_bar_gravity" format="enum">
        <enum name="center" value="0" />
        <enum name="bottom" value="1" />
    </attr>
    <attr name="al_bar_height" format="dimension" />
    <attr name="al_buffered_color" format="color" />
    <attr name="al_controller_layout_id" format="reference" />
    <attr name="al_default_artwork" format="reference" />
    <attr name="al_hide_during_ads" format="boolean" />
    <attr name="al_hide_on_touch" format="boolean" />
    <attr name="al_keep_content_on_player_reset" format="boolean" />
    <attr name="al_played_ad_marker_color" format="color" />
    <attr name="al_played_color" format="color" />
    <attr name="al_player_layout_id" format="reference" />
    <attr name="al_repeat_toggle_modes" format="flags">
        <flag name="none" value="0" />
        <flag name="one" value="1" />
        <flag name="all" value="2" />
    </attr>
    <attr name="al_resize_mode" format="enum">
        <enum name="0x7f0a0155" value="0" />
        <enum name="0x7f0a015d" value="1" />
        <enum name="0x7f0a015c" value="2" />
        <enum name="0x7f0a0151" value="3" />
        <enum name="0x7f0a02d7" value="4" />
    </attr>
    <attr name="al_scrubber_color" format="color" />
    <attr name="al_scrubber_disabled_size" format="dimension" />
    <attr name="al_scrubber_dragged_size" format="dimension" />
    <attr name="al_scrubber_drawable" format="reference" />
    <attr name="al_scrubber_enabled_size" format="dimension" />
    <attr name="al_show_buffering" format="enum">
        <enum name="0x7f0a01f0" value="0" />
        <enum name="0x7f0a02d0" value="1" />
        <enum name="always" value="2" />
    </attr>
    <attr name="al_show_fastforward_button" format="boolean" />
    <attr name="al_show_next_button" format="boolean" />
    <attr name="al_show_previous_button" format="boolean" />
    <attr name="al_show_rewind_button" format="boolean" />
    <attr name="al_show_shuffle_button" format="boolean" />
    <attr name="al_show_subtitle_button" format="boolean" />
    <attr name="al_show_timeout" format="integer" />
    <attr name="al_show_vr_button" format="boolean" />
    <attr name="al_shutter_background_color" format="color" />
    <attr name="al_surface_type" format="enum">
        <enum name="none" value="0" />
        <enum name="0x7f0a0287" value="1" />
        <enum name="texture_view" value="2" />
        <enum name="spherical_gl_surface_view" value="3" />
        <enum name="video_decoder_gl_surface_view" value="4" />
    </attr>
    <attr name="al_time_bar_min_update_interval" format="integer" />
    <attr name="al_touch_target_height" format="dimension" />
    <attr name="al_unplayed_color" format="color" />
    <attr name="al_use_artwork" format="boolean" />
    <attr name="al_use_controller" format="boolean" />
    <attr name="alertDialogButtonGroupStyle" format="reference" />
    <attr name="alertDialogCenterButtons" format="boolean" />
    <attr name="alertDialogStyle" format="reference" />
    <attr name="alertDialogTheme" format="reference" />
    <attr name="allowStacking" format="boolean" />
    <attr name="alpha" format="float" />
    <attr name="alphabeticModifiers" format="flags">
        <flag name="META" value="0x10000" />
        <flag name="0x7f0a0003" value="0x1000" />
        <flag name="ALT" value="0x2" />
        <flag name="SHIFT" value="0x1" />
        <flag name="SYM" value="0x4" />
        <flag name="0x7f0a0004" value="0x8" />
    </attr>
    <attr name="altSrc" format="reference" />
    <attr name="animateMenuItems" format="boolean" />
    <attr name="animateNavigationIcon" format="boolean" />
    <attr name="animate_relativeTo" format="reference" />
    <attr name="animationMode" format="enum">
        <enum name="0x7f0a0263" value="0" />
        <enum name="fade" value="1" />
    </attr>
    <attr name="animation_enabled" format="boolean" />
    <attr name="appBarLayoutStyle" format="reference" />
    <attr name="applyMotionScene" format="boolean" />
    <attr name="arcMode" format="enum">
        <enum name="startVertical" value="0" />
        <enum name="startHorizontal" value="1" />
        <enum name="flip" value="2" />
    </attr>
    <attr name="arrowHeadLength" format="dimension" />
    <attr name="arrowShaftLength" format="dimension" />
    <attr name="attributeName" format="string" />
    <attr name="autoCompleteTextViewStyle" format="reference" />
    <attr name="autoShowKeyboard" format="boolean" />
    <attr name="autoSizeMaxTextSize" format="dimension" />
    <attr name="autoSizeMinTextSize" format="dimension" />
    <attr name="autoSizePresetSizes" format="reference" />
    <attr name="autoSizeStepGranularity" format="dimension" />
    <attr name="autoSizeTextType" format="enum">
        <enum name="none" value="0" />
        <enum name="uniform" value="1" />
    </attr>
    <attr name="autoTransition" format="enum">
        <enum name="none" value="0" />
        <enum name="0x7f0a018c" value="1" />
        <enum name="0x7f0a018b" value="2" />
        <enum name="animateToStart" value="3" />
        <enum name="animateToEnd" value="4" />
    </attr>
    <attr name="auto_show" format="boolean" />
    <attr name="background" format="reference" />
    <attr name="backgroundColor" format="color" />
    <attr name="backgroundInsetBottom" format="dimension" />
    <attr name="backgroundInsetEnd" format="dimension" />
    <attr name="backgroundInsetStart" format="dimension" />
    <attr name="backgroundInsetTop" format="dimension" />
    <attr name="backgroundOverlayColorAlpha" format="float" />
    <attr name="backgroundSplit" format="reference|color" />
    <attr name="backgroundStacked" format="reference|color" />
    <attr name="backgroundTint" format="color" />
    <attr name="backgroundTintMode" format="enum">
        <enum name="src_over" value="3" />
        <enum name="src_in" value="5" />
        <enum name="src_atop" value="9" />
        <enum name="0x7f0a01e5" value="14" />
        <enum name="screen" value="15" />
        <enum name="add" value="16" />
    </attr>
    <attr name="badgeGravity" format="enum">
        <enum name="TOP_END" value="8388661" />
        <enum name="TOP_START" value="8388659" />
        <enum name="BOTTOM_END" value="8388693" />
        <enum name="BOTTOM_START" value="8388691" />
    </attr>
    <attr name="badgeHeight" format="dimension" />
    <attr name="badgeRadius" format="dimension" />
    <attr name="badgeShapeAppearance" format="reference" />
    <attr name="badgeShapeAppearanceOverlay" format="reference" />
    <attr name="badgeStyle" format="reference" />
    <attr name="badgeTextAppearance" format="reference" />
    <attr name="badgeTextColor" format="color" />
    <attr name="badgeWidePadding" format="dimension" />
    <attr name="badgeWidth" format="dimension" />
    <attr name="badgeWithTextHeight" format="dimension" />
    <attr name="badgeWithTextRadius" format="dimension" />
    <attr name="badgeWithTextShapeAppearance" format="reference" />
    <attr name="badgeWithTextShapeAppearanceOverlay" format="reference" />
    <attr name="badgeWithTextWidth" format="dimension" />
    <attr name="barLength" format="dimension" />
    <attr name="bar_gravity" format="enum">
        <enum name="center" value="0" />
        <enum name="bottom" value="1" />
    </attr>
    <attr name="bar_height" format="dimension" />
    <attr name="barrierAllowsGoneWidgets" format="boolean" />
    <attr name="barrierDirection" format="enum">
        <enum name="left" value="0" />
        <enum name="right" value="1" />
        <enum name="top" value="2" />
        <enum name="bottom" value="3" />
        <enum name="start" value="5" />
        <enum name="end" value="6" />
    </attr>
    <attr name="barrierMargin" format="dimension" />
    <attr name="behavior_autoHide" format="boolean" />
    <attr name="behavior_autoShrink" format="boolean" />
    <attr name="behavior_draggable" format="boolean" />
    <attr name="behavior_expandedOffset" format="reference|dimension" />
    <attr name="behavior_fitToContents" format="boolean" />
    <attr name="behavior_halfExpandedRatio" format="reference|float" />
    <attr name="behavior_hideable" format="boolean" />
    <attr name="behavior_overlapTop" format="dimension" />
    <attr name="behavior_peekHeight" format="dimension|enum">
        <enum name="auto" value="-1" />
    </attr>
    <attr name="behavior_saveFlags" format="flags">
        <flag name="0x7f0a020c" value="0x1" />
        <flag name="0x7f0a0159" value="0x2" />
        <flag name="hideable" value="0x4" />
        <flag name="skipCollapsed" value="0x8" />
        <flag name="all" value="-1" />
        <flag name="none" value="0" />
    </attr>
    <attr name="behavior_significantVelocityThreshold" format="dimension" />
    <attr name="behavior_skipCollapsed" format="boolean" />
    <attr name="borderWidth" format="dimension" />
    <attr name="borderlessButtonStyle" format="reference" />
    <attr name="bottomAppBarStyle" format="reference" />
    <attr name="bottomInsetScrimEnabled" format="boolean" />
    <attr name="bottomNavigationStyle" format="reference" />
    <attr name="bottomSheetDialogTheme" format="reference" />
    <attr name="bottomSheetDragHandleStyle" format="reference" />
    <attr name="bottomSheetStyle" format="reference" />
    <attr name="boxBackgroundColor" format="color" />
    <attr name="boxBackgroundMode" format="enum">
        <enum name="none" value="0" />
        <enum name="filled" value="1" />
        <enum name="outline" value="2" />
    </attr>
    <attr name="boxCollapsedPaddingTop" format="dimension" />
    <attr name="boxCornerRadiusBottomEnd" format="dimension" />
    <attr name="boxCornerRadiusBottomStart" format="dimension" />
    <attr name="boxCornerRadiusTopEnd" format="dimension" />
    <attr name="boxCornerRadiusTopStart" format="dimension" />
    <attr name="boxStrokeColor" format="color" />
    <attr name="boxStrokeErrorColor" format="color" />
    <attr name="boxStrokeWidth" format="dimension" />
    <attr name="boxStrokeWidthFocused" format="dimension" />
    <attr name="brightness" format="float" />
    <attr name="buffered_color" format="color" />
    <attr name="buttonBarButtonStyle" format="reference" />
    <attr name="buttonBarNegativeButtonStyle" format="reference" />
    <attr name="buttonBarNeutralButtonStyle" format="reference" />
    <attr name="buttonBarPositiveButtonStyle" format="reference" />
    <attr name="buttonBarStyle" format="reference" />
    <attr name="buttonCompat" format="reference" />
    <attr name="buttonGravity" format="flags">
        <flag name="center_vertical" value="0x10" />
        <flag name="top" value="0x30" />
        <flag name="bottom" value="0x50" />
    </attr>
    <attr name="buttonIcon" format="reference" />
    <attr name="buttonIconDimen" format="dimension" />
    <attr name="buttonIconTint" format="reference|color" />
    <attr name="buttonIconTintMode" format="enum">
        <enum name="src_over" value="3" />
        <enum name="src_in" value="5" />
        <enum name="src_atop" value="9" />
        <enum name="0x7f0a01e5" value="14" />
        <enum name="screen" value="15" />
        <enum name="add" value="16" />
    </attr>
    <attr name="buttonPanelSideLayout" format="reference" />
    <attr name="buttonSize" format="reference|enum">
        <enum name="standard" value="0" />
        <enum name="0x7f0a02d1" value="1" />
        <enum name="icon_only" value="2" />
    </attr>
    <attr name="buttonStyle" format="reference" />
    <attr name="buttonStyleSmall" format="reference" />
    <attr name="buttonTint" format="color" />
    <attr name="buttonTintMode" format="enum">
        <enum name="src_over" value="3" />
        <enum name="src_in" value="5" />
        <enum name="src_atop" value="9" />
        <enum name="0x7f0a01e5" value="14" />
        <enum name="screen" value="15" />
        <enum name="add" value="16" />
    </attr>
    <attr name="cardBackgroundColor" format="color" />
    <attr name="cardCornerRadius" format="dimension" />
    <attr name="cardElevation" format="dimension" />
    <attr name="cardForegroundColor" format="color" />
    <attr name="cardMaxElevation" format="dimension" />
    <attr name="cardPreventCornerOverlap" format="boolean" />
    <attr name="cardUseCompatPadding" format="boolean" />
    <attr name="cardViewStyle" format="reference" />
    <attr name="centerIfNoTextEnabled" format="boolean" />
    <attr name="chainUseRtl" format="boolean" />
    <attr name="checkMarkCompat" format="reference" />
    <attr name="checkMarkTint" format="color" />
    <attr name="checkMarkTintMode" format="enum">
        <enum name="src_over" value="3" />
        <enum name="src_in" value="5" />
        <enum name="src_atop" value="9" />
        <enum name="0x7f0a01e5" value="14" />
        <enum name="screen" value="15" />
        <enum name="add" value="16" />
    </attr>
    <attr name="checkboxStyle" format="reference" />
    <attr name="checkedButton" format="reference" />
    <attr name="checkedChip" format="reference" />
    <attr name="checkedIcon" format="reference" />
    <attr name="checkedIconEnabled" format="boolean" />
    <attr name="checkedIconGravity" format="enum">
        <enum name="TOP_END" value="8388661" />
        <enum name="TOP_START" value="8388659" />
        <enum name="BOTTOM_END" value="8388693" />
        <enum name="BOTTOM_START" value="8388691" />
    </attr>
    <attr name="checkedIconMargin" format="dimension" />
    <attr name="checkedIconSize" format="dimension" />
    <attr name="checkedIconTint" format="color" />
    <attr name="checkedIconVisible" format="boolean" />
    <attr name="checkedState" format="enum">
        <enum name="unchecked" value="0" />
        <enum name="checked" value="1" />
        <enum name="indeterminate" value="2" />
    </attr>
    <attr name="checkedTextViewStyle" format="reference" />
    <attr name="chipBackgroundColor" format="color" />
    <attr name="chipCornerRadius" format="dimension" />
    <attr name="chipEndPadding" format="dimension" />
    <attr name="chipGroupStyle" format="reference" />
    <attr name="chipIcon" format="reference" />
    <attr name="chipIconEnabled" format="boolean" />
    <attr name="chipIconSize" format="dimension" />
    <attr name="chipIconTint" format="color" />
    <attr name="chipIconVisible" format="boolean" />
    <attr name="chipMinHeight" format="dimension" />
    <attr name="chipMinTouchTargetSize" format="dimension" />
    <attr name="chipSpacing" format="dimension" />
    <attr name="chipSpacingHorizontal" format="dimension" />
    <attr name="chipSpacingVertical" format="dimension" />
    <attr name="chipStandaloneStyle" format="reference" />
    <attr name="chipStartPadding" format="dimension" />
    <attr name="chipStrokeColor" format="color" />
    <attr name="chipStrokeWidth" format="dimension" />
    <attr name="chipStyle" format="reference" />
    <attr name="chipSurfaceColor" format="color" />
    <attr name="circleCrop" format="boolean" />
    <attr name="circleRadius" format="dimension" />
    <attr name="circularProgressIndicatorStyle" format="reference" />
    <attr name="clickAction" format="flags">
        <flag name="toggle" value="0x11" />
        <flag name="transitionToEnd" value="0x1" />
        <flag name="transitionToStart" value="0x10" />
        <flag name="0x7f0a018b" value="0x100" />
        <flag name="0x7f0a018c" value="0x1000" />
    </attr>
    <attr name="clockFaceBackgroundColor" format="color" />
    <attr name="clockHandColor" format="color" />
    <attr name="clockIcon" format="reference" />
    <attr name="clockNumberTextColor" format="color" />
    <attr name="closeIcon" format="reference" />
    <attr name="closeIconEnabled" format="boolean" />
    <attr name="closeIconEndPadding" format="dimension" />
    <attr name="closeIconSize" format="dimension" />
    <attr name="closeIconStartPadding" format="dimension" />
    <attr name="closeIconTint" format="color" />
    <attr name="closeIconVisible" format="boolean" />
    <attr name="closeItemLayout" format="reference" />
    <attr name="collapseContentDescription" format="string" />
    <attr name="collapseIcon" format="reference" />
    <attr name="collapsedSize" format="dimension" />
    <attr name="collapsedTitleGravity" format="flags">
        <flag name="top" value="0x30" />
        <flag name="bottom" value="0x50" />
        <flag name="left" value="0x3" />
        <flag name="right" value="0x5" />
        <flag name="center_vertical" value="0x10" />
        <flag name="0x7f0a0153" value="0x70" />
        <flag name="center_horizontal" value="0x1" />
        <flag name="center" value="0x11" />
        <flag name="start" value="0x800003" />
        <flag name="end" value="0x800005" />
    </attr>
    <attr name="collapsedTitleTextAppearance" format="reference" />
    <attr name="collapsedTitleTextColor" format="reference|color" />
    <attr name="collapsingToolbarLayoutLargeSize" format="reference" />
    <attr name="collapsingToolbarLayoutLargeStyle" format="reference" />
    <attr name="collapsingToolbarLayoutMediumSize" format="reference" />
    <attr name="collapsingToolbarLayoutMediumStyle" format="reference" />
    <attr name="collapsingToolbarLayoutStyle" format="reference" />
    <attr name="color" format="color" />
    <attr name="colorAccent" format="color" />
    <attr name="colorBackgroundFloating" format="color" />
    <attr name="colorButtonNormal" format="color" />
    <attr name="colorContainer" format="color" />
    <attr name="colorControlActivated" format="color" />
    <attr name="colorControlHighlight" format="color" />
    <attr name="colorControlNormal" format="color" />
    <attr name="colorError" format="reference|color" />
    <attr name="colorErrorContainer" format="color" />
    <attr name="colorOnBackground" />
    <attr name="colorOnContainer" format="color" />
    <attr name="colorOnContainerUnchecked" format="color" />
    <attr name="colorOnError" format="color" />
    <attr name="colorOnErrorContainer" format="color" />
    <attr name="colorOnPrimary" format="color" />
    <attr name="colorOnPrimaryContainer" format="color" />
    <attr name="colorOnPrimaryFixed" format="color" />
    <attr name="colorOnPrimaryFixedVariant" format="color" />
    <attr name="colorOnPrimarySurface" format="color" />
    <attr name="colorOnSecondary" format="color" />
    <attr name="colorOnSecondaryContainer" format="color" />
    <attr name="colorOnSecondaryFixed" format="color" />
    <attr name="colorOnSecondaryFixedVariant" format="color" />
    <attr name="colorOnSurface" format="color" />
    <attr name="colorOnSurfaceInverse" format="color" />
    <attr name="colorOnSurfaceVariant" format="color" />
    <attr name="colorOnTertiary" format="color" />
    <attr name="colorOnTertiaryContainer" format="color" />
    <attr name="colorOnTertiaryFixed" format="color" />
    <attr name="colorOnTertiaryFixedVariant" format="color" />
    <attr name="colorOutline" format="color" />
    <attr name="colorOutlineVariant" format="color" />
    <attr name="colorPrimary" format="color" />
    <attr name="colorPrimaryContainer" format="color" />
    <attr name="colorPrimaryDark" format="color" />
    <attr name="colorPrimaryFixed" format="color" />
    <attr name="colorPrimaryFixedDim" format="color" />
    <attr name="colorPrimaryInverse" format="color" />
    <attr name="colorPrimarySurface" format="color" />
    <attr name="colorPrimaryVariant" format="color" />
    <attr name="colorScheme" format="reference|enum">
        <enum name="dark" value="0" />
        <enum name="light" value="1" />
        <enum name="auto" value="2" />
    </attr>
    <attr name="colorSecondary" format="color" />
    <attr name="colorSecondaryContainer" format="color" />
    <attr name="colorSecondaryFixed" format="color" />
    <attr name="colorSecondaryFixedDim" format="color" />
    <attr name="colorSecondaryVariant" format="color" />
    <attr name="colorSurface" format="color" />
    <attr name="colorSurfaceBright" format="color" />
    <attr name="colorSurfaceContainer" format="color" />
    <attr name="colorSurfaceContainerHigh" format="color" />
    <attr name="colorSurfaceContainerHighest" format="color" />
    <attr name="colorSurfaceContainerLow" format="color" />
    <attr name="colorSurfaceContainerLowest" format="color" />
    <attr name="colorSurfaceDim" format="color" />
    <attr name="colorSurfaceInverse" format="color" />
    <attr name="colorSurfaceVariant" format="color" />
    <attr name="colorSwitchThumbNormal" format="color" />
    <attr name="colorTertiary" format="color" />
    <attr name="colorTertiaryContainer" format="color" />
    <attr name="colorTertiaryFixed" format="color" />
    <attr name="colorTertiaryFixedDim" format="color" />
    <attr name="commitIcon" format="reference" />
    <attr name="compatShadowEnabled" format="boolean" />
    <attr name="constraintSet" format="reference" />
    <attr name="constraintSetEnd" format="reference" />
    <attr name="constraintSetStart" format="reference" />
    <attr name="constraint_referenced_ids" format="string" />
    <attr name="constraints" format="reference" />
    <attr name="content" format="reference" />
    <attr name="contentDescription" format="string" />
    <attr name="contentInsetEnd" format="dimension" />
    <attr name="contentInsetEndWithActions" format="dimension" />
    <attr name="contentInsetLeft" format="dimension" />
    <attr name="contentInsetRight" format="dimension" />
    <attr name="contentInsetStart" format="dimension" />
    <attr name="contentInsetStartWithNavigation" format="dimension" />
    <attr name="contentPadding" format="dimension" />
    <attr name="contentPaddingBottom" format="dimension" />
    <attr name="contentPaddingEnd" format="dimension" />
    <attr name="contentPaddingLeft" format="dimension" />
    <attr name="contentPaddingRight" format="dimension" />
    <attr name="contentPaddingStart" format="dimension" />
    <attr name="contentPaddingTop" format="dimension" />
    <attr name="contentScrim" format="color" />
    <attr name="contrast" format="float" />
    <attr name="controlBackground" format="reference" />
    <attr name="controller_layout_id" format="reference" />
    <attr name="coordinatorLayoutStyle" format="reference" />
    <attr name="coplanarSiblingViewId" format="reference" />
    <attr name="cornerFamily" format="enum">
        <enum name="rounded" value="0" />
        <enum name="0x7f0a00da" value="1" />
    </attr>
    <attr name="cornerFamilyBottomLeft" format="enum">
        <enum name="rounded" value="0" />
        <enum name="0x7f0a00da" value="1" />
    </attr>
    <attr name="cornerFamilyBottomRight" format="enum">
        <enum name="rounded" value="0" />
        <enum name="0x7f0a00da" value="1" />
    </attr>
    <attr name="cornerFamilyTopLeft" format="enum">
        <enum name="rounded" value="0" />
        <enum name="0x7f0a00da" value="1" />
    </attr>
    <attr name="cornerFamilyTopRight" format="enum">
        <enum name="rounded" value="0" />
        <enum name="0x7f0a00da" value="1" />
    </attr>
    <attr name="cornerRadius" format="dimension" />
    <attr name="cornerSize" format="dimension|fraction" />
    <attr name="cornerSizeBottomLeft" format="dimension|fraction" />
    <attr name="cornerSizeBottomRight" format="dimension|fraction" />
    <attr name="cornerSizeTopLeft" format="dimension|fraction" />
    <attr name="cornerSizeTopRight" format="dimension|fraction" />
    <attr name="counterEnabled" format="boolean" />
    <attr name="counterMaxLength" format="integer" />
    <attr name="counterOverflowTextAppearance" format="reference" />
    <attr name="counterOverflowTextColor" format="reference" />
    <attr name="counterTextAppearance" format="reference" />
    <attr name="counterTextColor" format="reference" />
    <attr name="crossfade" format="float" />
    <attr name="currentState" format="reference" />
    <attr name="curveFit" format="enum">
        <enum name="spline" value="0" />
        <enum name="linear" value="1" />
    </attr>
    <attr name="customBoolean" format="boolean" />
    <attr name="customColorDrawableValue" format="color" />
    <attr name="customColorValue" format="color" />
    <attr name="customDimension" format="dimension" />
    <attr name="customFloatValue" format="float" />
    <attr name="customIntegerValue" format="integer" />
    <attr name="customNavigationLayout" format="reference" />
    <attr name="customPixelDimension" format="dimension" />
    <attr name="customStringValue" format="string" />
    <attr name="dayInvalidStyle" format="reference" />
    <attr name="daySelectedStyle" format="reference" />
    <attr name="dayStyle" format="reference" />
    <attr name="dayTodayStyle" format="reference" />
    <attr name="defaultDuration" format="integer" />
    <attr name="defaultMarginsEnabled" format="boolean" />
    <attr name="defaultQueryHint" format="string" />
    <attr name="defaultScrollFlagsEnabled" format="boolean" />
    <attr name="defaultState" format="reference" />
    <attr name="default_artwork" format="reference" />
    <attr name="deltaPolarAngle" format="float" />
    <attr name="deltaPolarRadius" format="float" />
    <attr name="deriveConstraintsFrom" format="reference" />
    <attr name="dialogCornerRadius" format="dimension" />
    <attr name="dialogPreferredPadding" format="dimension" />
    <attr name="dialogTheme" format="reference" />
    <attr name="displayOptions" format="flags">
        <flag name="none" value="0" />
        <flag name="0x7f0a02c5" value="0x1" />
        <flag name="showHome" value="0x2" />
        <flag name="0x7f0a0174" value="0x4" />
        <flag name="showTitle" value="0x8" />
        <flag name="showCustom" value="0x10" />
        <flag name="disableHome" value="0x20" />
    </attr>
    <attr name="divider" format="reference" />
    <attr name="dividerColor" format="reference|color" />
    <attr name="dividerHorizontal" format="reference" />
    <attr name="dividerInsetEnd" format="dimension" />
    <attr name="dividerInsetStart" format="dimension" />
    <attr name="dividerPadding" format="dimension" />
    <attr name="dividerThickness" format="dimension" />
    <attr name="dividerVertical" format="reference" />
    <attr name="dragDirection" format="enum">
        <enum name="dragUp" value="0" />
        <enum name="dragDown" value="1" />
        <enum name="dragLeft" value="2" />
        <enum name="dragRight" value="3" />
        <enum name="dragStart" value="4" />
        <enum name="dragEnd" value="5" />
    </attr>
    <attr name="dragScale" format="float" />
    <attr name="dragThreshold" format="float" />
    <attr name="drawPath" format="enum">
        <enum name="none" value="0" />
        <enum name="path" value="1" />
        <enum name="pathRelative" value="2" />
        <enum name="deltaRelative" value="3" />
        <enum name="asConfigured" value="4" />
        <enum name="0x7f0a0220" value="5" />
    </attr>
    <attr name="drawableBottomCompat" format="reference" />
    <attr name="drawableEndCompat" format="reference" />
    <attr name="drawableLeftCompat" format="reference" />
    <attr name="drawableRightCompat" format="reference" />
    <attr name="drawableSize" format="dimension" />
    <attr name="drawableStartCompat" format="reference" />
    <attr name="drawableTint" format="color" />
    <attr name="drawableTintMode" format="enum">
        <enum name="src_over" value="3" />
        <enum name="src_in" value="5" />
        <enum name="src_atop" value="9" />
        <enum name="0x7f0a01e5" value="14" />
        <enum name="screen" value="15" />
        <enum name="add" value="16" />
    </attr>
    <attr name="drawableTopCompat" format="reference" />
    <attr name="drawerArrowStyle" format="reference" />
    <attr name="drawerLayoutCornerSize" format="dimension" />
    <attr name="drawerLayoutStyle" format="reference" />
    <attr name="dropDownListViewStyle" format="reference" />
    <attr name="dropdownListPreferredItemHeight" format="dimension" />
    <attr name="duration" format="integer" />
    <attr name="dynamicColorThemeOverlay" format="reference" />
    <attr name="editTextBackground" format="reference" />
    <attr name="editTextColor" format="reference|color" />
    <attr name="editTextStyle" format="reference" />
    <attr name="elevation" format="dimension" />
    <attr name="elevationOverlayAccentColor" format="color" />
    <attr name="elevationOverlayColor" format="color" />
    <attr name="elevationOverlayEnabled" format="boolean" />
    <attr name="emojiCompatEnabled" format="boolean" />
    <attr name="enableEdgeToEdge" format="boolean" />
    <attr name="endIconCheckable" format="boolean" />
    <attr name="endIconContentDescription" format="string" />
    <attr name="endIconDrawable" format="reference" />
    <attr name="endIconMinSize" format="dimension" />
    <attr name="endIconMode" format="enum">
        <enum name="custom" value="-1" />
        <enum name="none" value="0" />
        <enum name="password_toggle" value="1" />
        <enum name="clear_text" value="2" />
        <enum name="dropdown_menu" value="3" />
    </attr>
    <attr name="endIconScaleType" format="enum">
        <enum name="0x7f0a015a" value="0" />
        <enum name="0x7f0a0158" value="1" />
        <enum name="0x7f0a0156" value="2" />
        <enum name="0x7f0a0157" value="3" />
        <enum name="center" value="4" />
        <enum name="centerCrop" value="5" />
        <enum name="centerInside" value="6" />
    </attr>
    <attr name="endIconTint" format="color" />
    <attr name="endIconTintMode" format="enum">
        <enum name="src_over" value="3" />
        <enum name="src_in" value="5" />
        <enum name="src_atop" value="9" />
        <enum name="0x7f0a01e5" value="14" />
        <enum name="screen" value="15" />
    </attr>
    <attr name="enforceMaterialTheme" format="boolean" />
    <attr name="enforceTextAppearance" format="boolean" />
    <attr name="ensureMinTouchTargetSize" format="boolean" />
    <attr name="errorAccessibilityLabel" format="string" />
    <attr name="errorAccessibilityLiveRegion" format="integer" />
    <attr name="errorContentDescription" format="string" />
    <attr name="errorEnabled" format="boolean" />
    <attr name="errorIconDrawable" format="reference" />
    <attr name="errorIconTint" format="reference" />
    <attr name="errorIconTintMode" format="enum">
        <enum name="src_over" value="3" />
        <enum name="src_in" value="5" />
        <enum name="src_atop" value="9" />
        <enum name="0x7f0a01e5" value="14" />
        <enum name="screen" value="15" />
    </attr>
    <attr name="errorShown" format="boolean" />
    <attr name="errorTextAppearance" format="reference" />
    <attr name="errorTextColor" format="color" />
    <attr name="expandActivityOverflowButtonDrawable" format="reference" />
    <attr name="expanded" format="boolean" />
    <attr name="expandedHintEnabled" format="boolean" />
    <attr name="expandedTitleGravity" format="flags">
        <flag name="top" value="0x30" />
        <flag name="bottom" value="0x50" />
        <flag name="left" value="0x3" />
        <flag name="right" value="0x5" />
        <flag name="center_vertical" value="0x10" />
        <flag name="0x7f0a0153" value="0x70" />
        <flag name="center_horizontal" value="0x1" />
        <flag name="center" value="0x11" />
        <flag name="start" value="0x800003" />
        <flag name="end" value="0x800005" />
    </attr>
    <attr name="expandedTitleMargin" format="dimension" />
    <attr name="expandedTitleMarginBottom" format="dimension" />
    <attr name="expandedTitleMarginEnd" format="dimension" />
    <attr name="expandedTitleMarginStart" format="dimension" />
    <attr name="expandedTitleMarginTop" format="dimension" />
    <attr name="expandedTitleTextAppearance" format="reference" />
    <attr name="expandedTitleTextColor" format="reference|color" />
    <attr name="extendMotionSpec" format="reference" />
    <attr name="extendStrategy" format="enum">
        <enum name="auto" value="0" />
        <enum name="0x7f0a02d6" value="1" />
        <enum name="match_parent" value="2" />
    </attr>
    <attr name="extendedFloatingActionButtonPrimaryStyle" format="reference" />
    <attr name="extendedFloatingActionButtonSecondaryStyle" format="reference" />
    <attr name="extendedFloatingActionButtonStyle" format="reference" />
    <attr name="extendedFloatingActionButtonSurfaceStyle" format="reference" />
    <attr name="extendedFloatingActionButtonTertiaryStyle" format="reference" />
    <attr name="extraMultilineHeightEnabled" format="boolean" />
    <attr name="fabAlignmentMode" format="enum">
        <enum name="center" value="0" />
        <enum name="end" value="1" />
    </attr>
    <attr name="fabAlignmentModeEndMargin" format="dimension" />
    <attr name="fabAnchorMode" format="enum">
        <enum name="embed" value="0" />
        <enum name="0x7f0a00d7" value="1" />
    </attr>
    <attr name="fabAnimationMode" format="enum">
        <enum name="scale" value="0" />
        <enum name="0x7f0a0263" value="1" />
    </attr>
    <attr name="fabCradleMargin" format="dimension" />
    <attr name="fabCradleRoundedCornerRadius" format="dimension" />
    <attr name="fabCradleVerticalOffset" format="dimension" />
    <attr name="fabCustomSize" format="dimension" />
    <attr name="fabSize" format="enum">
        <enum name="auto" value="-1" />
        <enum name="normal" value="0" />
        <enum name="mini" value="1" />
    </attr>
    <attr name="fastScrollEnabled" format="boolean" />
    <attr name="fastScrollHorizontalThumbDrawable" format="reference" />
    <attr name="fastScrollHorizontalTrackDrawable" format="reference" />
    <attr name="fastScrollVerticalThumbDrawable" format="reference" />
    <attr name="fastScrollVerticalTrackDrawable" format="reference" />
    <attr name="firstBaselineToTopHeight" format="dimension" />
    <attr name="floatingActionButtonLargePrimaryStyle" format="reference" />
    <attr name="floatingActionButtonLargeSecondaryStyle" format="reference" />
    <attr name="floatingActionButtonLargeStyle" format="reference" />
    <attr name="floatingActionButtonLargeSurfaceStyle" format="reference" />
    <attr name="floatingActionButtonLargeTertiaryStyle" format="reference" />
    <attr name="floatingActionButtonPrimaryStyle" format="reference" />
    <attr name="floatingActionButtonSecondaryStyle" format="reference" />
    <attr name="floatingActionButtonSmallPrimaryStyle" format="reference" />
    <attr name="floatingActionButtonSmallSecondaryStyle" format="reference" />
    <attr name="floatingActionButtonSmallStyle" format="reference" />
    <attr name="floatingActionButtonSmallSurfaceStyle" format="reference" />
    <attr name="floatingActionButtonSmallTertiaryStyle" format="reference" />
    <attr name="floatingActionButtonStyle" format="reference" />
    <attr name="floatingActionButtonSurfaceStyle" format="reference" />
    <attr name="floatingActionButtonTertiaryStyle" format="reference" />
    <attr name="flow_firstHorizontalBias" format="float" />
    <attr name="flow_firstHorizontalStyle" format="enum">
        <enum name="spread" value="0" />
        <enum name="spread_inside" value="1" />
        <enum name="0x7f0a0201" value="2" />
    </attr>
    <attr name="flow_firstVerticalBias" format="float" />
    <attr name="flow_firstVerticalStyle" format="enum">
        <enum name="spread" value="0" />
        <enum name="spread_inside" value="1" />
        <enum name="0x7f0a0201" value="2" />
    </attr>
    <attr name="flow_horizontalAlign" format="float|enum">
        <enum name="start" value="0" />
        <enum name="end" value="1" />
        <enum name="center" value="2" />
    </attr>
    <attr name="flow_horizontalBias" format="float" />
    <attr name="flow_horizontalGap" format="dimension" />
    <attr name="flow_horizontalStyle" format="enum">
        <enum name="spread" value="0" />
        <enum name="spread_inside" value="1" />
        <enum name="0x7f0a0201" value="2" />
    </attr>
    <attr name="flow_lastHorizontalBias" format="float" />
    <attr name="flow_lastHorizontalStyle" format="enum">
        <enum name="spread" value="0" />
        <enum name="spread_inside" value="1" />
        <enum name="0x7f0a0201" value="2" />
    </attr>
    <attr name="flow_lastVerticalBias" format="float" />
    <attr name="flow_lastVerticalStyle" format="enum">
        <enum name="spread" value="0" />
        <enum name="spread_inside" value="1" />
        <enum name="0x7f0a0201" value="2" />
    </attr>
    <attr name="flow_maxElementsWrap" format="integer" />
    <attr name="flow_padding" format="dimension" />
    <attr name="flow_verticalAlign" format="enum">
        <enum name="top" value="0" />
        <enum name="bottom" value="1" />
        <enum name="center" value="2" />
        <enum name="baseline" value="3" />
    </attr>
    <attr name="flow_verticalBias" format="float" />
    <attr name="flow_verticalGap" format="dimension" />
    <attr name="flow_verticalStyle" format="enum">
        <enum name="spread" value="0" />
        <enum name="spread_inside" value="1" />
        <enum name="0x7f0a0201" value="2" />
    </attr>
    <attr name="flow_wrapMode" format="enum">
        <enum name="none" value="0" />
        <enum name="chain" value="1" />
        <enum name="aligned" value="2" />
    </attr>
    <attr name="font" format="reference" />
    <attr name="fontFamily" format="string" />
    <attr name="fontProviderAuthority" format="string" />
    <attr name="fontProviderCerts" format="reference" />
    <attr name="fontProviderFetchStrategy" format="enum">
        <enum name="blocking" value="0" />
        <enum name="async" value="1" />
    </attr>
    <attr name="fontProviderFetchTimeout" format="integer|enum">
        <enum name="0x7f0a0160" value="-1" />
    </attr>
    <attr name="fontProviderPackage" format="string" />
    <attr name="fontProviderQuery" format="string" />
    <attr name="fontProviderSystemFontFamily" format="string" />
    <attr name="fontStyle" format="enum">
        <enum name="normal" value="0" />
        <enum name="italic" value="1" />
    </attr>
    <attr name="fontVariationSettings" format="string" />
    <attr name="fontWeight" format="integer" />
    <attr name="forceApplySystemWindowInsetTop" format="boolean" />
    <attr name="forceDefaultNavigationOnClickListener" format="boolean" />
    <attr name="foregroundInsidePadding" format="boolean" />
    <attr name="framePosition" format="integer" />
    <attr name="gapBetweenBars" format="dimension" />
    <attr name="gestureInsetBottomIgnored" format="boolean" />
    <attr name="goIcon" format="reference" />
    <attr name="haloColor" format="color" />
    <attr name="haloRadius" format="dimension" />
    <attr name="headerLayout" format="reference" />
    <attr name="height" format="dimension" />
    <attr name="helperText" format="string" />
    <attr name="helperTextEnabled" format="boolean" />
    <attr name="helperTextTextAppearance" format="reference" />
    <attr name="helperTextTextColor" format="color" />
    <attr name="hideAnimationBehavior" format="enum">
        <enum name="none" value="0" />
        <enum name="outward" value="1" />
        <enum name="inward" value="2" />
    </attr>
    <attr name="hideMotionSpec" format="reference" />
    <attr name="hideNavigationIcon" format="boolean" />
    <attr name="hideOnContentScroll" format="boolean" />
    <attr name="hideOnScroll" format="boolean" />
    <attr name="hide_during_ads" format="boolean" />
    <attr name="hide_on_touch" format="boolean" />
    <attr name="hintAnimationEnabled" format="boolean" />
    <attr name="hintEnabled" format="boolean" />
    <attr name="hintTextAppearance" format="reference" />
    <attr name="hintTextColor" format="color" />
    <attr name="homeAsUpIndicator" format="reference" />
    <attr name="homeLayout" format="reference" />
    <attr name="horizontalOffset" format="dimension" />
    <attr name="horizontalOffsetWithText" format="dimension" />
    <attr name="hoveredFocusedTranslationZ" format="dimension" />
    <attr name="icon" format="reference" />
    <attr name="iconEndPadding" format="dimension" />
    <attr name="iconGravity" format="flags">
        <flag name="start" value="0x1" />
        <flag name="textStart" value="0x2" />
        <flag name="end" value="0x3" />
        <flag name="textEnd" value="0x4" />
        <flag name="top" value="0x10" />
        <flag name="textTop" value="0x20" />
    </attr>
    <attr name="iconPadding" format="dimension" />
    <attr name="iconSize" format="dimension" />
    <attr name="iconStartPadding" format="dimension" />
    <attr name="iconTint" format="color" />
    <attr name="iconTintMode" format="enum">
        <enum name="src_over" value="3" />
        <enum name="src_in" value="5" />
        <enum name="src_atop" value="9" />
        <enum name="0x7f0a01e5" value="14" />
        <enum name="screen" value="15" />
        <enum name="add" value="16" />
    </attr>
    <attr name="iconifiedByDefault" format="boolean" />
    <attr name="imageAspectRatio" format="float" />
    <attr name="imageAspectRatioAdjust" format="enum">
        <enum name="none" value="0" />
        <enum name="adjust_width" value="1" />
        <enum name="adjust_height" value="2" />
    </attr>
    <attr name="imageButtonStyle" format="reference" />
    <attr name="indeterminateAnimationType" format="enum">
        <enum name="0x7f0a00d0" value="0" />
        <enum name="0x7f0a00f4" value="1" />
    </attr>
    <attr name="indeterminateProgressStyle" format="reference" />
    <attr name="indicatorColor" format="reference|color" />
    <attr name="indicatorDirectionCircular" format="enum">
        <enum name="clockwise" value="0" />
        <enum name="counterclockwise" value="1" />
    </attr>
    <attr name="indicatorDirectionLinear" format="enum">
        <enum name="leftToRight" value="0" />
        <enum name="rightToLeft" value="1" />
        <enum name="startToEnd" value="2" />
        <enum name="endToStart" value="3" />
    </attr>
    <attr name="indicatorInset" format="dimension" />
    <attr name="indicatorSize" format="dimension" />
    <attr name="initialActivityCount" format="string" />
    <attr name="insetForeground" format="reference|color" />
    <attr name="isLightTheme" format="boolean" />
    <attr name="isMaterial3DynamicColorApplied" format="boolean" />
    <attr name="isMaterial3Theme" format="boolean" />
    <attr name="isMaterialTheme" format="boolean" />
    <attr name="itemActiveIndicatorStyle" format="reference" />
    <attr name="itemBackground" format="reference" />
    <attr name="itemFillColor" format="color" />
    <attr name="itemHorizontalPadding" format="dimension" />
    <attr name="itemHorizontalTranslationEnabled" format="boolean" />
    <attr name="itemIconPadding" format="dimension" />
    <attr name="itemIconSize" format="dimension" />
    <attr name="itemIconTint" format="color" />
    <attr name="itemMaxLines" format="integer">
        <integer id="0x01000001">1</integer>
    </attr>
    <attr name="itemMinHeight" format="dimension" />
    <attr name="itemPadding" format="dimension" />
    <attr name="itemPaddingBottom" format="dimension" />
    <attr name="itemPaddingTop" format="dimension" />
    <attr name="itemRippleColor" format="color" />
    <attr name="itemShapeAppearance" format="reference" />
    <attr name="itemShapeAppearanceOverlay" format="reference" />
    <attr name="itemShapeFillColor" format="color" />
    <attr name="itemShapeInsetBottom" format="dimension" />
    <attr name="itemShapeInsetEnd" format="dimension" />
    <attr name="itemShapeInsetStart" format="dimension" />
    <attr name="itemShapeInsetTop" format="dimension" />
    <attr name="itemSpacing" format="dimension" />
    <attr name="itemStrokeColor" format="color" />
    <attr name="itemStrokeWidth" format="dimension" />
    <attr name="itemTextAppearance" format="reference" />
    <attr name="itemTextAppearanceActive" format="reference" />
    <attr name="itemTextAppearanceInactive" format="reference" />
    <attr name="itemTextColor" format="color" />
    <attr name="itemVerticalPadding" format="dimension" />
    <attr name="keep_content_on_player_reset" format="boolean" />
    <attr name="keyPositionType" format="enum">
        <enum name="deltaRelative" value="0" />
        <enum name="pathRelative" value="1" />
        <enum name="parentRelative" value="2" />
    </attr>
    <attr name="keyboardIcon" format="reference" />
    <attr name="keylines" format="reference" />
    <attr name="lStar" format="float" />
    <attr name="labelBehavior" format="enum">
        <enum name="floating" value="0" />
        <enum name="0x7f0a02d4" value="1" />
        <enum name="0x7f0a016a" value="2" />
        <enum name="visible" value="3" />
    </attr>
    <attr name="labelStyle" format="reference" />
    <attr name="labelVisibilityMode" format="enum">
        <enum name="auto" value="-1" />
        <enum name="selected" value="0" />
        <enum name="labeled" value="1" />
        <enum name="0x7f0a02c3" value="2" />
    </attr>
    <attr name="lastBaselineToBottomHeight" format="dimension" />
    <attr name="lastItemDecorated" format="boolean" />
    <attr name="layout" format="reference" />
    <attr name="layoutDescription" format="reference" />
    <attr name="layoutDuringTransition" format="enum">
        <enum name="0x7f0a017d" value="0" />
        <enum name="0x7f0a0177" value="1" />
    </attr>
    <attr name="layoutManager" format="string" />
    <attr name="layout_anchor" format="reference" />
    <attr name="layout_anchorGravity" format="flags">
        <flag name="top" value="0x30" />
        <flag name="bottom" value="0x50" />
        <flag name="left" value="0x3" />
        <flag name="right" value="0x5" />
        <flag name="center_vertical" value="0x10" />
        <flag name="0x7f0a0153" value="0x70" />
        <flag name="center_horizontal" value="0x1" />
        <flag name="0x7f0a0152" value="0x7" />
        <flag name="center" value="0x11" />
        <flag name="0x7f0a0151" value="0x77" />
        <flag name="clip_vertical" value="0x80" />
        <flag name="clip_horizontal" value="0x8" />
        <flag name="start" value="0x800003" />
        <flag name="end" value="0x800005" />
    </attr>
    <attr name="layout_behavior" format="string" />
    <attr name="layout_collapseMode" format="enum">
        <enum name="none" value="0" />
        <enum name="pin" value="1" />
        <enum name="0x7f0a0202" value="2" />
    </attr>
    <attr name="layout_collapseParallaxMultiplier" format="float" />
    <attr name="layout_constrainedHeight" format="boolean" />
    <attr name="layout_constrainedWidth" format="boolean" />
    <attr name="layout_constraintBaseline_creator" format="integer" />
    <attr name="layout_constraintBaseline_toBaselineOf" format="reference|enum">
        <enum name="parent" value="0" />
    </attr>
    <attr name="layout_constraintBottom_creator" format="integer" />
    <attr name="layout_constraintBottom_toBottomOf" format="reference|enum">
        <enum name="parent" value="0" />
    </attr>
    <attr name="layout_constraintBottom_toTopOf" format="reference|enum">
        <enum name="parent" value="0" />
    </attr>
    <attr name="layout_constraintCircle" format="reference" />
    <attr name="layout_constraintCircleAngle" format="integer" />
    <attr name="layout_constraintCircleRadius" format="dimension" />
    <attr name="layout_constraintDimensionRatio" format="string" />
    <attr name="layout_constraintEnd_toEndOf" format="reference|enum">
        <enum name="parent" value="0" />
    </attr>
    <attr name="layout_constraintEnd_toStartOf" format="reference|enum">
        <enum name="parent" value="0" />
    </attr>
    <attr name="layout_constraintGuide_begin" format="dimension" />
    <attr name="layout_constraintGuide_end" format="dimension" />
    <attr name="layout_constraintGuide_percent" format="float" />
    <attr name="layout_constraintHeight_default" format="enum">
        <enum name="spread" value="0" />
        <enum name="0x7f0a02d5" value="1" />
        <enum name="percent" value="2" />
    </attr>
    <attr name="layout_constraintHeight_max" format="dimension|enum">
        <enum name="0x7f0a02d5" value="-2" />
    </attr>
    <attr name="layout_constraintHeight_min" format="dimension|enum">
        <enum name="0x7f0a02d5" value="-2" />
    </attr>
    <attr name="layout_constraintHeight_percent" format="float" />
    <attr name="layout_constraintHorizontal_bias" format="float" />
    <attr name="layout_constraintHorizontal_chainStyle" format="enum">
        <enum name="spread" value="0" />
        <enum name="spread_inside" value="1" />
        <enum name="0x7f0a0201" value="2" />
    </attr>
    <attr name="layout_constraintHorizontal_weight" format="float" />
    <attr name="layout_constraintLeft_creator" format="integer" />
    <attr name="layout_constraintLeft_toLeftOf" format="reference|enum">
        <enum name="parent" value="0" />
    </attr>
    <attr name="layout_constraintLeft_toRightOf" format="reference|enum">
        <enum name="parent" value="0" />
    </attr>
    <attr name="layout_constraintRight_creator" format="integer" />
    <attr name="layout_constraintRight_toLeftOf" format="reference|enum">
        <enum name="parent" value="0" />
    </attr>
    <attr name="layout_constraintRight_toRightOf" format="reference|enum">
        <enum name="parent" value="0" />
    </attr>
    <attr name="layout_constraintStart_toEndOf" format="reference|enum">
        <enum name="parent" value="0" />
    </attr>
    <attr name="layout_constraintStart_toStartOf" format="reference|enum">
        <enum name="parent" value="0" />
    </attr>
    <attr name="layout_constraintTag" format="string" />
    <attr name="layout_constraintTop_creator" format="integer" />
    <attr name="layout_constraintTop_toBottomOf" format="reference|enum">
        <enum name="parent" value="0" />
    </attr>
    <attr name="layout_constraintTop_toTopOf" format="reference|enum">
        <enum name="parent" value="0" />
    </attr>
    <attr name="layout_constraintVertical_bias" format="float" />
    <attr name="layout_constraintVertical_chainStyle" format="enum">
        <enum name="spread" value="0" />
        <enum name="spread_inside" value="1" />
        <enum name="0x7f0a0201" value="2" />
    </attr>
    <attr name="layout_constraintVertical_weight" format="float" />
    <attr name="layout_constraintWidth_default" format="enum">
        <enum name="spread" value="0" />
        <enum name="0x7f0a02d5" value="1" />
        <enum name="percent" value="2" />
    </attr>
    <attr name="layout_constraintWidth_max" format="dimension|enum">
        <enum name="0x7f0a02d5" value="-2" />
    </attr>
    <attr name="layout_constraintWidth_min" format="dimension|enum">
        <enum name="0x7f0a02d5" value="-2" />
    </attr>
    <attr name="layout_constraintWidth_percent" format="float" />
    <attr name="layout_dodgeInsetEdges" format="flags">
        <flag name="none" value="0x0" />
        <flag name="top" value="0x30" />
        <flag name="bottom" value="0x50" />
        <flag name="left" value="0x3" />
        <flag name="right" value="0x5" />
        <flag name="start" value="0x800003" />
        <flag name="end" value="0x800005" />
        <flag name="all" value="0x77" />
    </attr>
    <attr name="layout_editor_absoluteX" format="dimension" />
    <attr name="layout_editor_absoluteY" format="dimension" />
    <attr name="layout_goneMarginBottom" format="dimension" />
    <attr name="layout_goneMarginEnd" format="dimension" />
    <attr name="layout_goneMarginLeft" format="dimension" />
    <attr name="layout_goneMarginRight" format="dimension" />
    <attr name="layout_goneMarginStart" format="dimension" />
    <attr name="layout_goneMarginTop" format="dimension" />
    <attr name="layout_insetEdge" format="enum">
        <enum name="none" value="0x0" />
        <enum name="top" value="0x30" />
        <enum name="bottom" value="0x50" />
        <enum name="left" value="0x3" />
        <enum name="right" value="0x5" />
        <enum name="start" value="0x800003" />
        <enum name="end" value="0x800005" />
    </attr>
    <attr name="layout_keyline" format="integer" />
    <attr name="layout_optimizationLevel" format="flags">
        <flag name="none" value="0" />
        <flag name="standard" value="7" />
        <flag name="direct" value="1" />
        <flag name="0x7f0a00a7" value="2" />
        <flag name="chains" value="4" />
        <flag name="dimensions" value="8" />
        <flag name="ratio" value="16" />
        <flag name="groups" value="32" />
        <flag name="graph" value="64" />
        <flag name="graph_wrap" value="128" />
    </attr>
    <attr name="layout_scrollEffect" format="enum">
        <enum name="none" value="0" />
        <enum name="0x7f0a00ca" value="1" />
    </attr>
    <attr name="layout_scrollFlags" format="flags">
        <flag name="noScroll" value="0x0" />
        <flag name="scroll" value="0x1" />
        <flag name="0x7f0a0117" value="0x2" />
        <flag name="enterAlways" value="0x4" />
        <flag name="enterAlwaysCollapsed" value="0x8" />
        <flag name="0x7f0a0266" value="0x10" />
        <flag name="0x7f0a0267" value="0x20" />
    </attr>
    <attr name="layout_scrollInterpolator" format="reference" />
    <attr name="liftOnScroll" format="boolean" />
    <attr name="liftOnScrollColor" format="color" />
    <attr name="liftOnScrollTargetViewId" format="reference" />
    <attr name="limitBoundsTo" format="reference" />
    <attr name="lineHeight" format="dimension" />
    <attr name="lineSpacing" format="dimension" />
    <attr name="linearProgressIndicatorStyle" format="reference" />
    <attr name="listChoiceBackgroundIndicator" format="reference" />
    <attr name="listChoiceIndicatorMultipleAnimated" format="reference" />
    <attr name="listChoiceIndicatorSingleAnimated" format="reference" />
    <attr name="listDividerAlertDialog" format="reference" />
    <attr name="listItemLayout" format="reference" />
    <attr name="listLayout" format="reference" />
    <attr name="listMenuViewStyle" format="reference" />
    <attr name="listPopupWindowStyle" format="reference" />
    <attr name="listPreferredItemHeight" format="dimension" />
    <attr name="listPreferredItemHeightLarge" format="dimension" />
    <attr name="listPreferredItemHeightSmall" format="dimension" />
    <attr name="listPreferredItemPaddingEnd" format="dimension" />
    <attr name="listPreferredItemPaddingLeft" format="dimension" />
    <attr name="listPreferredItemPaddingRight" format="dimension" />
    <attr name="listPreferredItemPaddingStart" format="dimension" />
    <attr name="logo" format="reference" />
    <attr name="logoAdjustViewBounds" format="boolean" />
    <attr name="logoDescription" format="string" />
    <attr name="logoScaleType" format="enum">
        <enum name="matrix" value="0" />
        <enum name="0x7f0a015a" value="1" />
        <enum name="0x7f0a0158" value="2" />
        <enum name="0x7f0a0156" value="3" />
        <enum name="0x7f0a0157" value="4" />
        <enum name="center" value="5" />
        <enum name="centerCrop" value="6" />
        <enum name="centerInside" value="7" />
    </attr>
    <attr name="lottieAnimationViewStyle" format="reference" />
    <attr name="lottie_asyncUpdates" format="enum">
        <enum name="automatic" value="0" />
        <enum name="enabled" value="1" />
        <enum name="disabled" value="2" />
    </attr>
    <attr name="lottie_autoPlay" format="boolean" />
    <attr name="lottie_cacheComposition" format="boolean" />
    <attr name="lottie_clipToCompositionBounds" format="boolean" />
    <attr name="lottie_colorFilter" format="color" />
    <attr name="lottie_defaultFontFileExtension" format="string" />
    <attr name="lottie_enableMergePathsForKitKatAndAbove" format="boolean" />
    <attr name="lottie_fallbackRes" format="reference" />
    <attr name="lottie_fileName" format="string" />
    <attr name="lottie_ignoreDisabledSystemAnimations" format="boolean" />
    <attr name="lottie_imageAssetsFolder" format="string" />
    <attr name="lottie_loop" format="boolean" />
    <attr name="lottie_progress" format="float" />
    <attr name="lottie_rawRes" format="reference" />
    <attr name="lottie_renderMode" format="enum">
        <enum name="automatic" value="0" />
        <enum name="hardware" value="1" />
        <enum name="software" value="2" />
    </attr>
    <attr name="lottie_repeatCount" format="integer" />
    <attr name="lottie_repeatMode" format="enum">
        <enum name="0x7f0a0225" value="1" />
        <enum name="reverse" value="2" />
    </attr>
    <attr name="lottie_speed" format="float" />
    <attr name="lottie_url" format="string" />
    <attr name="lottie_useCompositionFrameRate" format="boolean" />
    <attr name="marginHorizontal" format="dimension" />
    <attr name="marginLeftSystemWindowInsets" format="boolean" />
    <attr name="marginRightSystemWindowInsets" format="boolean" />
    <attr name="marginTopSystemWindowInsets" format="boolean" />
    <attr name="materialAlertDialogBodyTextStyle" format="reference" />
    <attr name="materialAlertDialogButtonSpacerVisibility" format="integer" />
    <attr name="materialAlertDialogTheme" format="reference" />
    <attr name="materialAlertDialogTitleIconStyle" format="reference" />
    <attr name="materialAlertDialogTitlePanelStyle" format="reference" />
    <attr name="materialAlertDialogTitleTextStyle" format="reference" />
    <attr name="materialButtonOutlinedStyle" format="reference" />
    <attr name="materialButtonStyle" format="reference" />
    <attr name="materialButtonToggleGroupStyle" format="reference" />
    <attr name="materialCalendarDay" format="reference" />
    <attr name="materialCalendarDayOfWeekLabel" format="reference" />
    <attr name="materialCalendarFullscreenTheme" format="reference" />
    <attr name="materialCalendarHeaderCancelButton" format="reference" />
    <attr name="materialCalendarHeaderConfirmButton" format="reference" />
    <attr name="materialCalendarHeaderDivider" format="reference" />
    <attr name="materialCalendarHeaderLayout" format="reference" />
    <attr name="materialCalendarHeaderSelection" format="reference" />
    <attr name="materialCalendarHeaderTitle" format="reference" />
    <attr name="materialCalendarHeaderToggleButton" format="reference" />
    <attr name="materialCalendarMonth" format="reference" />
    <attr name="materialCalendarMonthNavigationButton" format="reference" />
    <attr name="materialCalendarStyle" format="reference" />
    <attr name="materialCalendarTheme" format="reference" />
    <attr name="materialCalendarYearNavigationButton" format="reference" />
    <attr name="materialCardViewElevatedStyle" format="reference" />
    <attr name="materialCardViewFilledStyle" format="reference" />
    <attr name="materialCardViewOutlinedStyle" format="reference" />
    <attr name="materialCardViewStyle" format="reference" />
    <attr name="materialCircleRadius" format="dimension" />
    <attr name="materialClockStyle" format="reference" />
    <attr name="materialDisplayDividerStyle" format="reference" />
    <attr name="materialDividerHeavyStyle" />
    <attr name="materialDividerStyle" />
    <attr name="materialIconButtonFilledStyle" format="reference" />
    <attr name="materialIconButtonFilledTonalStyle" format="reference" />
    <attr name="materialIconButtonOutlinedStyle" format="reference" />
    <attr name="materialIconButtonStyle" format="reference" />
    <attr name="materialSearchBarStyle" format="reference" />
    <attr name="materialSearchViewPrefixStyle" format="reference" />
    <attr name="materialSearchViewStyle" format="reference" />
    <attr name="materialSwitchStyle" />
    <attr name="materialThemeOverlay" format="reference" />
    <attr name="materialTimePickerStyle" format="reference" />
    <attr name="materialTimePickerTheme" format="reference" />
    <attr name="materialTimePickerTitleStyle" format="reference" />
    <attr name="maxAcceleration" format="float" />
    <attr name="maxActionInlineWidth" format="dimension" />
    <attr name="maxButtonHeight" format="dimension" />
    <attr name="maxCharacterCount" format="integer" />
    <attr name="maxHeight" format="dimension" />
    <attr name="maxImageSize" format="dimension" />
    <attr name="maxLines" format="integer" />
    <attr name="maxVelocity" format="float" />
    <attr name="maxWidth" format="dimension" />
    <attr name="measureWithLargestChild" format="boolean" />
    <attr name="menu" format="reference" />
    <attr name="menuAlignmentMode" format="enum">
        <enum name="auto" value="0" />
        <enum name="start" value="1" />
    </attr>
    <attr name="menuGravity" format="enum">
        <enum name="top" value="49" />
        <enum name="center" value="17" />
        <enum name="bottom" value="81" />
    </attr>
    <attr name="minHeight" format="dimension" />
    <attr name="minHideDelay" format="integer" />
    <attr name="minSeparation" format="dimension" />
    <attr name="minTouchTargetSize" format="dimension" />
    <attr name="minWidth" format="dimension" />
    <attr name="mock_diagonalsColor" format="color" />
    <attr name="mock_label" format="string" />
    <attr name="mock_labelBackgroundColor" format="color" />
    <attr name="mock_labelColor" format="color" />
    <attr name="mock_showDiagonals" format="boolean" />
    <attr name="mock_showLabel" format="boolean" />
    <attr name="motionDebug" format="enum">
        <enum name="NO_DEBUG" value="0" />
        <enum name="SHOW_PROGRESS" value="1" />
        <enum name="SHOW_PATH" value="2" />
        <enum name="SHOW_ALL" value="3" />
    </attr>
    <attr name="motionDurationExtraLong1" format="integer" />
    <attr name="motionDurationExtraLong2" format="integer" />
    <attr name="motionDurationExtraLong3" format="integer" />
    <attr name="motionDurationExtraLong4" format="integer" />
    <attr name="motionDurationLong1" format="integer" />
    <attr name="motionDurationLong2" format="integer" />
    <attr name="motionDurationLong3" format="integer" />
    <attr name="motionDurationLong4" format="integer" />
    <attr name="motionDurationMedium1" format="integer" />
    <attr name="motionDurationMedium2" format="integer" />
    <attr name="motionDurationMedium3" format="integer" />
    <attr name="motionDurationMedium4" format="integer" />
    <attr name="motionDurationShort1" format="integer" />
    <attr name="motionDurationShort2" format="integer" />
    <attr name="motionDurationShort3" format="integer" />
    <attr name="motionDurationShort4" format="integer" />
    <attr name="motionEasingAccelerated" format="string" />
    <attr name="motionEasingDecelerated" format="string" />
    <attr name="motionEasingEmphasized" format="string" />
    <attr name="motionEasingEmphasizedAccelerateInterpolator" format="reference" />
    <attr name="motionEasingEmphasizedDecelerateInterpolator" format="reference" />
    <attr name="motionEasingEmphasizedInterpolator" format="reference" />
    <attr name="motionEasingLinear" format="string" />
    <attr name="motionEasingLinearInterpolator" format="reference" />
    <attr name="motionEasingStandard" format="string" />
    <attr name="motionEasingStandardAccelerateInterpolator" format="reference" />
    <attr name="motionEasingStandardDecelerateInterpolator" format="reference" />
    <attr name="motionEasingStandardInterpolator" format="reference" />
    <attr name="motionInterpolator" format="reference|string|enum">
        <enum name="0x7f0a0106" value="0" />
        <enum name="0x7f0a0105" value="1" />
        <enum name="0x7f0a0107" value="2" />
        <enum name="linear" value="3" />
        <enum name="bounce" value="5" />
    </attr>
    <attr name="motionPath" format="string|enum">
        <enum name="linear" value="0" />
        <enum name="arc" value="1" />
    </attr>
    <attr name="motionPathRotate" format="float" />
    <attr name="motionProgress" format="float" />
    <attr name="motionStagger" format="float" />
    <attr name="motionTarget" format="reference|string" />
    <attr name="motion_postLayoutCollision" format="boolean" />
    <attr name="motion_triggerOnCollision" format="reference" />
    <attr name="moveWhenScrollAtTop" format="boolean" />
    <attr name="multiChoiceItemLayout" format="reference" />
    <attr name="navigationContentDescription" format="string" />
    <attr name="navigationIcon" format="reference" />
    <attr name="navigationIconTint" format="color" />
    <attr name="navigationMode" format="enum">
        <enum name="normal" value="0" />
        <enum name="listMode" value="1" />
        <enum name="0x7f0a0288" value="2" />
    </attr>
    <attr name="navigationRailStyle" format="reference" />
    <attr name="navigationViewStyle" format="reference" />
    <attr name="nestedScrollFlags" format="flags">
        <flag name="none" value="0" />
        <flag name="disablePostScroll" value="1" />
        <flag name="disableScroll" value="2" />
    </attr>
    <attr name="nestedScrollViewStyle" format="reference" />
    <attr name="nestedScrollable" format="boolean" />
    <attr name="number" format="integer" />
    <attr name="numericModifiers" format="flags">
        <flag name="META" value="0x10000" />
        <flag name="0x7f0a0003" value="0x1000" />
        <flag name="ALT" value="0x2" />
        <flag name="SHIFT" value="0x1" />
        <flag name="SYM" value="0x4" />
        <flag name="0x7f0a0004" value="0x8" />
    </attr>
    <attr name="offsetAlignmentMode" format="enum">
        <enum name="edge" value="0" />
        <enum name="0x7f0a0192" value="1" />
    </attr>
    <attr name="onCross" format="string" />
    <attr name="onHide" format="boolean" />
    <attr name="onNegativeCross" format="string" />
    <attr name="onPositiveCross" format="string" />
    <attr name="onShow" format="boolean" />
    <attr name="onTouchUp" format="enum">
        <enum name="autoComplete" value="0" />
        <enum name="autoCompleteToStart" value="1" />
        <enum name="autoCompleteToEnd" value="2" />
        <enum name="stop" value="3" />
        <enum name="decelerate" value="4" />
        <enum name="decelerateAndComplete" value="5" />
    </attr>
    <attr name="overlapAnchor" format="boolean" />
    <attr name="overlay" format="boolean" />
    <attr name="paddingBottomNoButtons" format="dimension" />
    <attr name="paddingBottomSystemWindowInsets" format="boolean" />
    <attr name="paddingEnd" format="dimension" />
    <attr name="paddingLeftSystemWindowInsets" format="boolean" />
    <attr name="paddingRightSystemWindowInsets" format="boolean" />
    <attr name="paddingStart" format="dimension" />
    <attr name="paddingTopNoTitle" format="dimension" />
    <attr name="paddingTopSystemWindowInsets" format="boolean" />
    <attr name="panelBackground" format="reference" />
    <attr name="panelMenuListTheme" format="reference" />
    <attr name="panelMenuListWidth" format="dimension" />
    <attr name="passwordToggleContentDescription" format="string" />
    <attr name="passwordToggleDrawable" format="reference" />
    <attr name="passwordToggleEnabled" format="boolean" />
    <attr name="passwordToggleTint" format="color" />
    <attr name="passwordToggleTintMode" format="enum">
        <enum name="src_over" value="3" />
        <enum name="src_in" value="5" />
        <enum name="src_atop" value="9" />
        <enum name="0x7f0a01e5" value="14" />
        <enum name="screen" value="15" />
    </attr>
    <attr name="pathMotionArc" format="enum">
        <enum name="none" value="0" />
        <enum name="startVertical" value="1" />
        <enum name="startHorizontal" value="2" />
        <enum name="flip" value="3" />
    </attr>
    <attr name="path_percent" format="float" />
    <attr name="percentHeight" format="float" />
    <attr name="percentWidth" format="float" />
    <attr name="percentX" format="float" />
    <attr name="percentY" format="float" />
    <attr name="perpendicularPath_percent" format="float" />
    <attr name="pivotAnchor" format="reference|enum">
        <enum name="parent" value="0" />
    </attr>
    <attr name="placeholderText" format="string" />
    <attr name="placeholderTextAppearance" format="reference" />
    <attr name="placeholderTextColor" format="color" />
    <attr name="placeholder_emptyVisibility" format="enum">
        <enum name="visible" value="0" />
        <enum name="invisible" value="4" />
        <enum name="0x7f0a016a" value="8" />
    </attr>
    <attr name="played_ad_marker_color" format="color" />
    <attr name="played_color" format="color" />
    <attr name="player_layout_id" format="reference" />
    <attr name="popupMenuBackground" format="reference" />
    <attr name="popupMenuStyle" format="reference" />
    <attr name="popupTheme" format="reference" />
    <attr name="popupWindowStyle" format="reference" />
    <attr name="prefixText" format="string" />
    <attr name="prefixTextAppearance" format="reference" />
    <attr name="prefixTextColor" format="color" />
    <attr name="preserveIconSpacing" format="boolean" />
    <attr name="pressedTranslationZ" format="dimension" />
    <attr name="progressBarPadding" format="dimension" />
    <attr name="progressBarStyle" format="reference" />
    <attr name="queryBackground" format="reference" />
    <attr name="queryHint" format="string" />
    <attr name="queryPatterns" format="reference" />
    <attr name="radioButtonStyle" format="reference" />
    <attr name="rangeFillColor" format="color" />
    <attr name="ratingBarStyle" format="reference" />
    <attr name="ratingBarStyleIndicator" format="reference" />
    <attr name="ratingBarStyleSmall" format="reference" />
    <attr name="recyclerViewStyle" format="reference" />
    <attr name="region_heightLessThan" format="dimension" />
    <attr name="region_heightMoreThan" format="dimension" />
    <attr name="region_widthLessThan" format="dimension" />
    <attr name="region_widthMoreThan" format="dimension" />
    <attr name="removeEmbeddedFabElevation" format="boolean" />
    <attr name="repeat_toggle_modes" format="flags">
        <flag name="none" value="0" />
        <flag name="one" value="1" />
        <flag name="all" value="2" />
    </attr>
    <attr name="resize_mode" format="enum">
        <enum name="0x7f0a0155" value="0" />
        <enum name="0x7f0a015d" value="1" />
        <enum name="0x7f0a015c" value="2" />
        <enum name="0x7f0a0151" value="3" />
        <enum name="0x7f0a02d7" value="4" />
    </attr>
    <attr name="reverseLayout" format="boolean" />
    <attr name="rippleColor" format="color" />
    <attr name="round" format="dimension" />
    <attr name="roundPercent" format="float" />
    <attr name="saturation" format="float" />
    <attr name="scopeUris" format="reference|string" />
    <attr name="scrimAnimationDuration" format="integer" />
    <attr name="scrimBackground" format="reference|color" />
    <attr name="scrimVisibleHeightTrigger" format="dimension" />
    <attr name="scrubber_color" format="color" />
    <attr name="scrubber_disabled_size" format="dimension" />
    <attr name="scrubber_dragged_size" format="dimension" />
    <attr name="scrubber_drawable" format="reference" />
    <attr name="scrubber_enabled_size" format="dimension" />
    <attr name="searchHintIcon" format="reference" />
    <attr name="searchIcon" format="reference" />
    <attr name="searchPrefixText" format="string" />
    <attr name="searchViewStyle" format="reference" />
    <attr name="seekBarStyle" format="reference" />
    <attr name="selectableItemBackground" format="reference" />
    <attr name="selectableItemBackgroundBorderless" format="reference" />
    <attr name="selectionRequired" format="boolean" />
    <attr name="selectorSize" format="dimension" />
    <attr name="shapeAppearance" format="reference" />
    <attr name="shapeAppearanceCornerExtraLarge" format="reference" />
    <attr name="shapeAppearanceCornerExtraSmall" format="reference" />
    <attr name="shapeAppearanceCornerLarge" format="reference" />
    <attr name="shapeAppearanceCornerMedium" format="reference" />
    <attr name="shapeAppearanceCornerSmall" format="reference" />
    <attr name="shapeAppearanceLargeComponent" format="reference" />
    <attr name="shapeAppearanceMediumComponent" format="reference" />
    <attr name="shapeAppearanceOverlay" format="reference" />
    <attr name="shapeAppearanceSmallComponent" format="reference" />
    <attr name="shapeCornerFamily" format="enum">
        <enum name="rounded" value="0" />
        <enum name="0x7f0a00da" value="1" />
    </attr>
    <attr name="shortcutMatchRequired" format="boolean" />
    <attr name="shouldRemoveExpandedCorners" format="boolean" />
    <attr name="showAnimationBehavior" format="enum">
        <enum name="none" value="0" />
        <enum name="outward" value="1" />
        <enum name="inward" value="2" />
    </attr>
    <attr name="showAsAction" format="flags">
        <flag name="0x7f0a01f0" value="0" />
        <flag name="0x7f0a017b" value="1" />
        <flag name="always" value="2" />
        <flag name="0x7f0a02d2" value="4" />
        <flag name="0x7f0a00c9" value="8" />
    </attr>
    <attr name="showDelay" format="integer" />
    <attr name="showDividers" format="flags">
        <flag name="none" value="0" />
        <flag name="beginning" value="1" />
        <flag name="middle" value="2" />
        <flag name="end" value="4" />
    </attr>
    <attr name="showMotionSpec" format="reference" />
    <attr name="showPaths" format="boolean" />
    <attr name="showText" format="boolean" />
    <attr name="showTitle" format="boolean" />
    <attr name="show_buffering" format="enum">
        <enum name="0x7f0a01f0" value="0" />
        <enum name="0x7f0a02d0" value="1" />
        <enum name="always" value="2" />
    </attr>
    <attr name="show_fastforward_button" format="boolean" />
    <attr name="show_next_button" format="boolean" />
    <attr name="show_previous_button" format="boolean" />
    <attr name="show_rewind_button" format="boolean" />
    <attr name="show_shuffle_button" format="boolean" />
    <attr name="show_subtitle_button" format="boolean" />
    <attr name="show_timeout" format="integer" />
    <attr name="show_vr_button" format="boolean" />
    <attr name="shrinkMotionSpec" format="reference" />
    <attr name="shutter_background_color" format="color" />
    <attr name="sideSheetDialogTheme" format="reference" />
    <attr name="sideSheetModalStyle" format="reference" />
    <attr name="simpleItemLayout" format="reference" />
    <attr name="simpleItemSelectedColor" format="color" />
    <attr name="simpleItemSelectedRippleColor" format="color" />
    <attr name="simpleItems" format="reference" />
    <attr name="singleChoiceItemLayout" format="reference" />
    <attr name="singleLine" format="boolean" />
    <attr name="singleSelection" format="boolean" />
    <attr name="sizePercent" format="float" />
    <attr name="sliderStyle" format="reference" />
    <attr name="snackbarButtonStyle" format="reference" />
    <attr name="snackbarStyle" format="reference" />
    <attr name="snackbarTextViewStyle" format="reference" />
    <attr name="spanCount" format="integer" />
    <attr name="spinBars" format="boolean" />
    <attr name="spinnerDropDownItemStyle" format="reference" />
    <attr name="spinnerStyle" format="reference" />
    <attr name="splitTrack" format="boolean" />
    <attr name="srcCompat" format="reference" />
    <attr name="stackFromEnd" format="boolean" />
    <attr name="staggered" format="float" />
    <attr name="startIconCheckable" format="boolean" />
    <attr name="startIconContentDescription" format="string" />
    <attr name="startIconDrawable" format="reference" />
    <attr name="startIconMinSize" format="dimension" />
    <attr name="startIconScaleType" format="enum">
        <enum name="0x7f0a015a" value="0" />
        <enum name="0x7f0a0158" value="1" />
        <enum name="0x7f0a0156" value="2" />
        <enum name="0x7f0a0157" value="3" />
        <enum name="center" value="4" />
        <enum name="centerCrop" value="5" />
        <enum name="centerInside" value="6" />
    </attr>
    <attr name="startIconTint" format="color" />
    <attr name="startIconTintMode" format="enum">
        <enum name="src_over" value="3" />
        <enum name="src_in" value="5" />
        <enum name="src_atop" value="9" />
        <enum name="0x7f0a01e5" value="14" />
        <enum name="screen" value="15" />
    </attr>
    <attr name="state_above_anchor" format="boolean" />
    <attr name="state_collapsed" format="boolean" />
    <attr name="state_collapsible" format="boolean" />
    <attr name="state_dragged" format="boolean" />
    <attr name="state_error" format="boolean" />
    <attr name="state_indeterminate" format="boolean" />
    <attr name="state_liftable" format="boolean" />
    <attr name="state_lifted" format="boolean" />
    <attr name="state_with_icon" format="boolean" />
    <attr name="statusBarBackground" format="reference|color" />
    <attr name="statusBarForeground" format="color" />
    <attr name="statusBarScrim" format="color" />
    <attr name="strokeColor" format="color" />
    <attr name="strokeWidth" format="dimension" />
    <attr name="subMenuArrow" format="reference" />
    <attr name="subheaderColor" format="reference|color" />
    <attr name="subheaderInsetEnd" format="dimension" />
    <attr name="subheaderInsetStart" format="dimension" />
    <attr name="subheaderTextAppearance" format="reference" />
    <attr name="submitBackground" format="reference" />
    <attr name="subtitle" format="string" />
    <attr name="subtitleCentered" format="boolean" />
    <attr name="subtitleTextAppearance" format="reference" />
    <attr name="subtitleTextColor" format="color" />
    <attr name="subtitleTextStyle" format="reference" />
    <attr name="suffixText" format="string" />
    <attr name="suffixTextAppearance" format="reference" />
    <attr name="suffixTextColor" format="color" />
    <attr name="suggestionRowLayout" format="reference" />
    <attr name="surface_type" format="enum">
        <enum name="none" value="0" />
        <enum name="0x7f0a0287" value="1" />
        <enum name="texture_view" value="2" />
        <enum name="spherical_gl_surface_view" value="3" />
        <enum name="video_decoder_gl_surface_view" value="4" />
    </attr>
    <attr name="swipeRefreshLayoutProgressSpinnerBackgroundColor" format="color" />
    <attr name="switchMinWidth" format="dimension" />
    <attr name="switchPadding" format="dimension" />
    <attr name="switchStyle" format="reference" />
    <attr name="switchTextAppearance" format="reference" />
    <attr name="tabBackground" format="reference" />
    <attr name="tabContentStart" format="dimension" />
    <attr name="tabGravity" format="enum">
        <enum name="0x7f0a0151" value="0" />
        <enum name="center" value="1" />
        <enum name="start" value="2" />
    </attr>
    <attr name="tabIconTint" format="color" />
    <attr name="tabIconTintMode" format="enum">
        <enum name="src_over" value="3" />
        <enum name="src_in" value="5" />
        <enum name="src_atop" value="9" />
        <enum name="0x7f0a01e5" value="14" />
        <enum name="screen" value="15" />
        <enum name="add" value="16" />
    </attr>
    <attr name="tabIndicator" format="reference" />
    <attr name="tabIndicatorAnimationDuration" format="integer" />
    <attr name="tabIndicatorAnimationMode" format="enum">
        <enum name="linear" value="0" />
        <enum name="elastic" value="1" />
        <enum name="fade" value="2" />
    </attr>
    <attr name="tabIndicatorColor" format="color" />
    <attr name="tabIndicatorFullWidth" format="boolean" />
    <attr name="tabIndicatorGravity" format="enum">
        <enum name="bottom" value="0" />
        <enum name="center" value="1" />
        <enum name="top" value="2" />
        <enum name="stretch" value="3" />
    </attr>
    <attr name="tabIndicatorHeight" format="dimension" />
    <attr name="tabInlineLabel" format="boolean" />
    <attr name="tabMaxWidth" format="dimension" />
    <attr name="tabMinWidth" format="dimension" />
    <attr name="tabMode" format="enum">
        <enum name="scrollable" value="0" />
        <enum name="0x7f0a015b" value="1" />
        <enum name="auto" value="2" />
    </attr>
    <attr name="tabPadding" format="dimension" />
    <attr name="tabPaddingBottom" format="dimension" />
    <attr name="tabPaddingEnd" format="dimension" />
    <attr name="tabPaddingStart" format="dimension" />
    <attr name="tabPaddingTop" format="dimension" />
    <attr name="tabRippleColor" format="color" />
    <attr name="tabSecondaryStyle" format="reference" />
    <attr name="tabSelectedTextAppearance" format="reference" />
    <attr name="tabSelectedTextColor" format="color" />
    <attr name="tabStyle" format="reference" />
    <attr name="tabTextAppearance" format="reference" />
    <attr name="tabTextColor" format="color" />
    <attr name="tabUnboundedRipple" format="boolean" />
    <attr name="targetId" format="reference" />
    <attr name="telltales_tailColor" format="color" />
    <attr name="telltales_tailScale" format="float" />
    <attr name="telltales_velocityMode" format="enum">
        <enum name="layout" value="0" />
        <enum name="0x7f0a0217" value="1" />
        <enum name="staticPostLayout" value="2" />
        <enum name="staticLayout" value="3" />
    </attr>
    <attr name="textAllCaps" format="reference|boolean" />
    <attr name="textAppearanceBody1" format="reference" />
    <attr name="textAppearanceBody2" format="reference" />
    <attr name="textAppearanceBodyLarge" format="reference" />
    <attr name="textAppearanceBodyMedium" format="reference" />
    <attr name="textAppearanceBodySmall" format="reference" />
    <attr name="textAppearanceButton" format="reference" />
    <attr name="textAppearanceCaption" format="reference" />
    <attr name="textAppearanceDisplayLarge" format="reference" />
    <attr name="textAppearanceDisplayMedium" format="reference" />
    <attr name="textAppearanceDisplaySmall" format="reference" />
    <attr name="textAppearanceHeadline1" format="reference" />
    <attr name="textAppearanceHeadline2" format="reference" />
    <attr name="textAppearanceHeadline3" format="reference" />
    <attr name="textAppearanceHeadline4" format="reference" />
    <attr name="textAppearanceHeadline5" format="reference" />
    <attr name="textAppearanceHeadline6" format="reference" />
    <attr name="textAppearanceHeadlineLarge" format="reference" />
    <attr name="textAppearanceHeadlineMedium" format="reference" />
    <attr name="textAppearanceHeadlineSmall" format="reference" />
    <attr name="textAppearanceLabelLarge" format="reference" />
    <attr name="textAppearanceLabelMedium" format="reference" />
    <attr name="textAppearanceLabelSmall" format="reference" />
    <attr name="textAppearanceLargePopupMenu" format="reference" />
    <attr name="textAppearanceLineHeightEnabled" format="boolean" />
    <attr name="textAppearanceListItem" format="reference" />
    <attr name="textAppearanceListItemSecondary" format="reference" />
    <attr name="textAppearanceListItemSmall" format="reference" />
    <attr name="textAppearanceOverline" format="reference" />
    <attr name="textAppearancePopupMenuHeader" format="reference" />
    <attr name="textAppearanceSearchResultSubtitle" format="reference" />
    <attr name="textAppearanceSearchResultTitle" format="reference" />
    <attr name="textAppearanceSmallPopupMenu" format="reference" />
    <attr name="textAppearanceSubtitle1" format="reference" />
    <attr name="textAppearanceSubtitle2" format="reference" />
    <attr name="textAppearanceTitleLarge" format="reference" />
    <attr name="textAppearanceTitleMedium" format="reference" />
    <attr name="textAppearanceTitleSmall" format="reference" />
    <attr name="textColorAlertDialogListItem" format="reference|color" />
    <attr name="textColorSearchUrl" format="reference|color" />
    <attr name="textEndPadding" format="dimension" />
    <attr name="textInputFilledDenseStyle" format="reference" />
    <attr name="textInputFilledExposedDropdownMenuStyle" format="reference" />
    <attr name="textInputFilledStyle" format="reference" />
    <attr name="textInputLayoutFocusedRectEnabled" format="boolean" />
    <attr name="textInputOutlinedDenseStyle" format="reference" />
    <attr name="textInputOutlinedExposedDropdownMenuStyle" format="reference" />
    <attr name="textInputOutlinedStyle" format="reference" />
    <attr name="textInputStyle" format="reference" />
    <attr name="textLocale" format="string" />
    <attr name="textStartPadding" format="dimension" />
    <attr name="theme" format="reference" />
    <attr name="thickness" format="dimension" />
    <attr name="thumbColor" format="color" />
    <attr name="thumbElevation" format="dimension" />
    <attr name="thumbIcon" format="reference" />
    <attr name="thumbIconTint" format="color" />
    <attr name="thumbIconTintMode" format="enum">
        <enum name="src_over" value="3" />
        <enum name="src_in" value="5" />
        <enum name="src_atop" value="9" />
        <enum name="0x7f0a01e5" value="14" />
        <enum name="screen" value="15" />
        <enum name="add" value="16" />
    </attr>
    <attr name="thumbRadius" format="dimension" />
    <attr name="thumbStrokeColor" format="color" />
    <attr name="thumbStrokeWidth" format="dimension" />
    <attr name="thumbTextPadding" format="dimension" />
    <attr name="thumbTint" format="color" />
    <attr name="thumbTintMode" format="enum">
        <enum name="src_over" value="3" />
        <enum name="src_in" value="5" />
        <enum name="src_atop" value="9" />
        <enum name="0x7f0a01e5" value="14" />
        <enum name="screen" value="15" />
        <enum name="add" value="16" />
    </attr>
    <attr name="tickColor" format="color" />
    <attr name="tickColorActive" format="color" />
    <attr name="tickColorInactive" format="color" />
    <attr name="tickMark" format="reference" />
    <attr name="tickMarkTint" format="color" />
    <attr name="tickMarkTintMode" format="enum">
        <enum name="src_over" value="3" />
        <enum name="src_in" value="5" />
        <enum name="src_atop" value="9" />
        <enum name="0x7f0a01e5" value="14" />
        <enum name="screen" value="15" />
        <enum name="add" value="16" />
    </attr>
    <attr name="tickRadiusActive" format="dimension" />
    <attr name="tickRadiusInactive" format="dimension" />
    <attr name="tickVisible" format="boolean" />
    <attr name="time_bar_min_update_interval" format="integer" />
    <attr name="tint" format="color" />
    <attr name="tintMode" format="enum">
        <enum name="src_over" value="3" />
        <enum name="src_in" value="5" />
        <enum name="src_atop" value="9" />
        <enum name="0x7f0a01e5" value="14" />
        <enum name="screen" value="15" />
        <enum name="add" value="16" />
    </attr>
    <attr name="tintNavigationIcon" format="boolean" />
    <attr name="title" format="string" />
    <attr name="titleCentered" format="boolean" />
    <attr name="titleCollapseMode" format="enum">
        <enum name="scale" value="0" />
        <enum name="fade" value="1" />
    </attr>
    <attr name="titleEnabled" format="boolean" />
    <attr name="titleMargin" format="dimension" />
    <attr name="titleMarginBottom" format="dimension" />
    <attr name="titleMarginEnd" format="dimension" />
    <attr name="titleMarginStart" format="dimension" />
    <attr name="titleMarginTop" format="dimension" />
    <attr name="titleMargins" format="dimension" />
    <attr name="titlePositionInterpolator" format="reference" />
    <attr name="titleTextAppearance" format="reference" />
    <attr name="titleTextColor" format="color" />
    <attr name="titleTextEllipsize" format="enum">
        <enum name="start" value="0" />
        <enum name="middle" value="1" />
        <enum name="end" value="2" />
        <enum name="marquee" value="3" />
    </attr>
    <attr name="titleTextStyle" format="reference" />
    <attr name="toggleCheckedStateOnClick" format="boolean" />
    <attr name="toolbarId" format="reference" />
    <attr name="toolbarNavigationButtonStyle" format="reference" />
    <attr name="toolbarStyle" format="reference" />
    <attr name="toolbarSurfaceStyle" format="reference" />
    <attr name="tooltipForegroundColor" format="reference|color" />
    <attr name="tooltipFrameBackground" format="reference" />
    <attr name="tooltipStyle" format="reference" />
    <attr name="tooltipText" format="string" />
    <attr name="topInsetScrimEnabled" format="boolean" />
    <attr name="touchAnchorId" format="reference" />
    <attr name="touchAnchorSide" format="enum">
        <enum name="top" value="0" />
        <enum name="left" value="1" />
        <enum name="right" value="2" />
        <enum name="bottom" value="3" />
        <enum name="middle" value="4" />
        <enum name="start" value="5" />
        <enum name="end" value="6" />
    </attr>
    <attr name="touchRegionId" format="reference" />
    <attr name="touch_target_height" format="dimension" />
    <attr name="track" format="reference" />
    <attr name="trackColor" format="color" />
    <attr name="trackColorActive" format="color" />
    <attr name="trackColorInactive" format="color" />
    <attr name="trackCornerRadius" format="dimension" />
    <attr name="trackDecoration" format="reference" />
    <attr name="trackDecorationTint" format="color" />
    <attr name="trackDecorationTintMode" format="enum">
        <enum name="src_over" value="3" />
        <enum name="src_in" value="5" />
        <enum name="src_atop" value="9" />
        <enum name="0x7f0a01e5" value="14" />
        <enum name="screen" value="15" />
        <enum name="add" value="16" />
    </attr>
    <attr name="trackHeight" format="dimension" />
    <attr name="trackThickness" format="dimension" />
    <attr name="trackTint" format="color" />
    <attr name="trackTintMode" format="enum">
        <enum name="src_over" value="3" />
        <enum name="src_in" value="5" />
        <enum name="src_atop" value="9" />
        <enum name="0x7f0a01e5" value="14" />
        <enum name="screen" value="15" />
        <enum name="add" value="16" />
    </attr>
    <attr name="transitionDisable" format="boolean" />
    <attr name="transitionEasing" format="string|enum">
        <enum name="standard" value="0" />
        <enum name="accelerate" value="1" />
        <enum name="decelerate" value="2" />
        <enum name="linear" value="3" />
    </attr>
    <attr name="transitionFlags" format="flags">
        <flag name="none" value="0" />
        <flag name="beginOnFirstDraw" value="1" />
    </attr>
    <attr name="transitionPathRotate" format="float" />
    <attr name="transitionShapeAppearance" format="reference" />
    <attr name="triggerId" format="reference" />
    <attr name="triggerReceiver" format="reference" />
    <attr name="triggerSlack" format="float" />
    <attr name="ttcIndex" format="integer" />
    <attr name="unplayed_color" format="color" />
    <attr name="useCompatPadding" format="boolean" />
    <attr name="useDrawerArrowDrawable" format="boolean" />
    <attr name="useMaterialThemeColors" format="boolean" />
    <attr name="use_artwork" format="boolean" />
    <attr name="use_controller" format="boolean" />
    <attr name="values" format="reference" />
    <attr name="verticalOffset" format="dimension" />
    <attr name="verticalOffsetWithText" format="dimension" />
    <attr name="viewInflaterClass" format="string" />
    <attr name="visibilityMode" format="enum">
        <enum name="normal" value="0" />
        <enum name="0x7f0a017c" value="1" />
    </attr>
    <attr name="voiceIcon" format="reference" />
    <attr name="warmth" format="float" />
    <attr name="waveDecay" format="integer" />
    <attr name="waveOffset" format="float|dimension" />
    <attr name="wavePeriod" format="float" />
    <attr name="waveShape" format="enum">
        <enum name="sin" value="0" />
        <enum name="square" value="1" />
        <enum name="triangle" value="2" />
        <enum name="sawtooth" value="3" />
        <enum name="reverseSawtooth" value="4" />
        <enum name="0x7f0a00d4" value="5" />
        <enum name="bounce" value="6" />
    </attr>
    <attr name="waveVariesBy" format="enum">
        <enum name="position" value="0" />
        <enum name="path" value="1" />
    </attr>
    <attr name="windowActionBar" format="boolean" />
    <attr name="windowActionBarOverlay" format="boolean" />
    <attr name="windowActionModeOverlay" format="boolean" />
    <attr name="windowFixedHeightMajor" format="dimension|fraction" />
    <attr name="windowFixedHeightMinor" format="dimension|fraction" />
    <attr name="windowFixedWidthMajor" format="dimension|fraction" />
    <attr name="windowFixedWidthMinor" format="dimension|fraction" />
    <attr name="windowMinWidthMajor" format="dimension|fraction" />
    <attr name="windowMinWidthMinor" format="dimension|fraction" />
    <attr name="windowNoTitle" format="boolean" />
    <attr name="yearSelectedStyle" format="reference" />
    <attr name="yearStyle" format="reference" />
    <attr name="yearTodayStyle" format="reference" />
</resources>