<?xml version='1.0' encoding='utf-8' ?>
<type id="0x04">
    <entry id="0x7f040000" name="actionBarDivider" />
    <entry id="0x7f040001" name="actionBarItemBackground" />
    <entry id="0x7f040002" name="actionBarPopupTheme" />
    <entry id="0x7f040003" name="actionBarSize" />
    <entry id="0x7f040004" name="actionBarSplitStyle" />
    <entry id="0x7f040005" name="actionBarStyle" />
    <entry id="0x7f040006" name="actionBarTabBarStyle" />
    <entry id="0x7f040007" name="actionBarTabStyle" />
    <entry id="0x7f040008" name="actionBarTabTextStyle" />
    <entry id="0x7f040009" name="actionBarTheme" />
    <entry id="0x7f04000a" name="actionBarWidgetTheme" />
    <entry id="0x7f04000b" name="actionButtonStyle" />
    <entry id="0x7f04000c" name="actionDropDownStyle" />
    <entry id="0x7f04000d" name="actionLayout" />
    <entry id="0x7f04000e" name="actionMenuTextAppearance" />
    <entry id="0x7f04000f" name="actionMenuTextColor" />
    <entry id="0x7f040010" name="actionModeBackground" />
    <entry id="0x7f040011" name="actionModeCloseButtonStyle" />
    <entry id="0x7f040012" name="actionModeCloseContentDescription" />
    <entry id="0x7f040013" name="actionModeCloseDrawable" />
    <entry id="0x7f040014" name="actionModeCopyDrawable" />
    <entry id="0x7f040015" name="actionModeCutDrawable" />
    <entry id="0x7f040016" name="actionModeFindDrawable" />
    <entry id="0x7f040017" name="actionModePasteDrawable" />
    <entry id="0x7f040018" name="actionModePopupWindowStyle" />
    <entry id="0x7f040019" name="actionModeSelectAllDrawable" />
    <entry id="0x7f04001a" name="actionModeShareDrawable" />
    <entry id="0x7f04001b" name="actionModeSplitBackground" />
    <entry id="0x7f04001c" name="actionModeStyle" />
    <entry id="0x7f04001d" name="actionModeTheme" />
    <entry id="0x7f04001e" name="actionModeWebSearchDrawable" />
    <entry id="0x7f04001f" name="actionOverflowButtonStyle" />
    <entry id="0x7f040020" name="actionOverflowMenuStyle" />
    <entry id="0x7f040021" name="actionProviderClass" />
    <entry id="0x7f040022" name="actionTextColorAlpha" />
    <entry id="0x7f040023" name="actionViewClass" />
    <entry id="0x7f040024" name="activityChooserViewStyle" />
    <entry id="0x7f040025" name="adSize" />
    <entry id="0x7f040026" name="adSizes" />
    <entry id="0x7f040027" name="adUnitId" />
    <entry id="0x7f040028" name="ad_marker_color" />
    <entry id="0x7f040029" name="ad_marker_width" />
    <entry id="0x7f04002a" name="addElevationShadow" />
    <entry id="0x7f04002b" name="al_ad_marker_color" />
    <entry id="0x7f04002c" name="al_ad_marker_width" />
    <entry id="0x7f04002d" name="al_animation_enabled" />
    <entry id="0x7f04002e" name="al_auto_show" />
    <entry id="0x7f04002f" name="al_backgroundTint" />
    <entry id="0x7f040030" name="al_bar_gravity" />
    <entry id="0x7f040031" name="al_bar_height" />
    <entry id="0x7f040032" name="al_buffered_color" />
    <entry id="0x7f040033" name="al_controller_layout_id" />
    <entry id="0x7f040034" name="al_default_artwork" />
    <entry id="0x7f040035" name="al_hide_during_ads" />
    <entry id="0x7f040036" name="al_hide_on_touch" />
    <entry id="0x7f040037" name="al_keep_content_on_player_reset" />
    <entry id="0x7f040038" name="al_played_ad_marker_color" />
    <entry id="0x7f040039" name="al_played_color" />
    <entry id="0x7f04003a" name="al_player_layout_id" />
    <entry id="0x7f04003b" name="al_repeat_toggle_modes" />
    <entry id="0x7f04003c" name="al_resize_mode" />
    <entry id="0x7f04003d" name="al_scrubber_color" />
    <entry id="0x7f04003e" name="al_scrubber_disabled_size" />
    <entry id="0x7f04003f" name="al_scrubber_dragged_size" />
    <entry id="0x7f040040" name="al_scrubber_drawable" />
    <entry id="0x7f040041" name="al_scrubber_enabled_size" />
    <entry id="0x7f040042" name="al_show_buffering" />
    <entry id="0x7f040043" name="al_show_fastforward_button" />
    <entry id="0x7f040044" name="al_show_next_button" />
    <entry id="0x7f040045" name="al_show_previous_button" />
    <entry id="0x7f040046" name="al_show_rewind_button" />
    <entry id="0x7f040047" name="al_show_shuffle_button" />
    <entry id="0x7f040048" name="al_show_subtitle_button" />
    <entry id="0x7f040049" name="al_show_timeout" />
    <entry id="0x7f04004a" name="al_show_vr_button" />
    <entry id="0x7f04004b" name="al_shutter_background_color" />
    <entry id="0x7f04004c" name="al_surface_type" />
    <entry id="0x7f04004d" name="al_time_bar_min_update_interval" />
    <entry id="0x7f04004e" name="al_touch_target_height" />
    <entry id="0x7f04004f" name="al_unplayed_color" />
    <entry id="0x7f040050" name="al_use_artwork" />
    <entry id="0x7f040051" name="al_use_controller" />
    <entry id="0x7f040052" name="alertDialogButtonGroupStyle" />
    <entry id="0x7f040053" name="alertDialogCenterButtons" />
    <entry id="0x7f040054" name="alertDialogStyle" />
    <entry id="0x7f040055" name="alertDialogTheme" />
    <entry id="0x7f040056" name="allowStacking" />
    <entry id="0x7f040057" name="alpha" />
    <entry id="0x7f040058" name="alphabeticModifiers" />
    <entry id="0x7f040059" name="altSrc" />
    <entry id="0x7f04005a" name="animateMenuItems" />
    <entry id="0x7f04005b" name="animateNavigationIcon" />
    <entry id="0x7f04005c" name="animate_relativeTo" />
    <entry id="0x7f04005d" name="animationMode" />
    <entry id="0x7f04005e" name="animation_enabled" />
    <entry id="0x7f04005f" name="appBarLayoutStyle" />
    <entry id="0x7f040060" name="applyMotionScene" />
    <entry id="0x7f040061" name="arcMode" />
    <entry id="0x7f040062" name="arrowHeadLength" />
    <entry id="0x7f040063" name="arrowShaftLength" />
    <entry id="0x7f040064" name="attributeName" />
    <entry id="0x7f040065" name="autoCompleteTextViewStyle" />
    <entry id="0x7f040066" name="autoShowKeyboard" />
    <entry id="0x7f040067" name="autoSizeMaxTextSize" />
    <entry id="0x7f040068" name="autoSizeMinTextSize" />
    <entry id="0x7f040069" name="autoSizePresetSizes" />
    <entry id="0x7f04006a" name="autoSizeStepGranularity" />
    <entry id="0x7f04006b" name="autoSizeTextType" />
    <entry id="0x7f04006c" name="autoTransition" />
    <entry id="0x7f04006d" name="auto_show" />
    <entry id="0x7f04006e" name="background" />
    <entry id="0x7f04006f" name="backgroundColor" />
    <entry id="0x7f040070" name="backgroundInsetBottom" />
    <entry id="0x7f040071" name="backgroundInsetEnd" />
    <entry id="0x7f040072" name="backgroundInsetStart" />
    <entry id="0x7f040073" name="backgroundInsetTop" />
    <entry id="0x7f040074" name="backgroundOverlayColorAlpha" />
    <entry id="0x7f040075" name="backgroundSplit" />
    <entry id="0x7f040076" name="backgroundStacked" />
    <entry id="0x7f040077" name="backgroundTint" />
    <entry id="0x7f040078" name="backgroundTintMode" />
    <entry id="0x7f040079" name="badgeGravity" />
    <entry id="0x7f04007a" name="badgeHeight" />
    <entry id="0x7f04007b" name="badgeRadius" />
    <entry id="0x7f04007c" name="badgeShapeAppearance" />
    <entry id="0x7f04007d" name="badgeShapeAppearanceOverlay" />
    <entry id="0x7f04007e" name="badgeStyle" />
    <entry id="0x7f04007f" name="badgeTextAppearance" />
    <entry id="0x7f040080" name="badgeTextColor" />
    <entry id="0x7f040081" name="badgeWidePadding" />
    <entry id="0x7f040082" name="badgeWidth" />
    <entry id="0x7f040083" name="badgeWithTextHeight" />
    <entry id="0x7f040084" name="badgeWithTextRadius" />
    <entry id="0x7f040085" name="badgeWithTextShapeAppearance" />
    <entry id="0x7f040086" name="badgeWithTextShapeAppearanceOverlay" />
    <entry id="0x7f040087" name="badgeWithTextWidth" />
    <entry id="0x7f040088" name="barLength" />
    <entry id="0x7f040089" name="bar_gravity" />
    <entry id="0x7f04008a" name="bar_height" />
    <entry id="0x7f04008b" name="barrierAllowsGoneWidgets" />
    <entry id="0x7f04008c" name="barrierDirection" />
    <entry id="0x7f04008d" name="barrierMargin" />
    <entry id="0x7f04008e" name="behavior_autoHide" />
    <entry id="0x7f04008f" name="behavior_autoShrink" />
    <entry id="0x7f040090" name="behavior_draggable" />
    <entry id="0x7f040091" name="behavior_expandedOffset" />
    <entry id="0x7f040092" name="behavior_fitToContents" />
    <entry id="0x7f040093" name="behavior_halfExpandedRatio" />
    <entry id="0x7f040094" name="behavior_hideable" />
    <entry id="0x7f040095" name="behavior_overlapTop" />
    <entry id="0x7f040096" name="behavior_peekHeight" />
    <entry id="0x7f040097" name="behavior_saveFlags" />
    <entry id="0x7f040098" name="behavior_significantVelocityThreshold" />
    <entry id="0x7f040099" name="behavior_skipCollapsed" />
    <entry id="0x7f04009a" name="borderWidth" />
    <entry id="0x7f04009b" name="borderlessButtonStyle" />
    <entry id="0x7f04009c" name="bottomAppBarStyle" />
    <entry id="0x7f04009d" name="bottomInsetScrimEnabled" />
    <entry id="0x7f04009e" name="bottomNavigationStyle" />
    <entry id="0x7f04009f" name="bottomSheetDialogTheme" />
    <entry id="0x7f0400a0" name="bottomSheetDragHandleStyle" />
    <entry id="0x7f0400a1" name="bottomSheetStyle" />
    <entry id="0x7f0400a2" name="boxBackgroundColor" />
    <entry id="0x7f0400a3" name="boxBackgroundMode" />
    <entry id="0x7f0400a4" name="boxCollapsedPaddingTop" />
    <entry id="0x7f0400a5" name="boxCornerRadiusBottomEnd" />
    <entry id="0x7f0400a6" name="boxCornerRadiusBottomStart" />
    <entry id="0x7f0400a7" name="boxCornerRadiusTopEnd" />
    <entry id="0x7f0400a8" name="boxCornerRadiusTopStart" />
    <entry id="0x7f0400a9" name="boxStrokeColor" />
    <entry id="0x7f0400aa" name="boxStrokeErrorColor" />
    <entry id="0x7f0400ab" name="boxStrokeWidth" />
    <entry id="0x7f0400ac" name="boxStrokeWidthFocused" />
    <entry id="0x7f0400ad" name="brightness" />
    <entry id="0x7f0400ae" name="buffered_color" />
    <entry id="0x7f0400af" name="buttonBarButtonStyle" />
    <entry id="0x7f0400b0" name="buttonBarNegativeButtonStyle" />
    <entry id="0x7f0400b1" name="buttonBarNeutralButtonStyle" />
    <entry id="0x7f0400b2" name="buttonBarPositiveButtonStyle" />
    <entry id="0x7f0400b3" name="buttonBarStyle" />
    <entry id="0x7f0400b4" name="buttonCompat" />
    <entry id="0x7f0400b5" name="buttonGravity" />
    <entry id="0x7f0400b6" name="buttonIcon" />
    <entry id="0x7f0400b7" name="buttonIconDimen" />
    <entry id="0x7f0400b8" name="buttonIconTint" />
    <entry id="0x7f0400b9" name="buttonIconTintMode" />
    <entry id="0x7f0400ba" name="buttonPanelSideLayout" />
    <entry id="0x7f0400bb" name="buttonSize" />
    <entry id="0x7f0400bc" name="buttonStyle" />
    <entry id="0x7f0400bd" name="buttonStyleSmall" />
    <entry id="0x7f0400be" name="buttonTint" />
    <entry id="0x7f0400bf" name="buttonTintMode" />
    <entry id="0x7f0400c0" name="cardBackgroundColor" />
    <entry id="0x7f0400c1" name="cardCornerRadius" />
    <entry id="0x7f0400c2" name="cardElevation" />
    <entry id="0x7f0400c3" name="cardForegroundColor" />
    <entry id="0x7f0400c4" name="cardMaxElevation" />
    <entry id="0x7f0400c5" name="cardPreventCornerOverlap" />
    <entry id="0x7f0400c6" name="cardUseCompatPadding" />
    <entry id="0x7f0400c7" name="cardViewStyle" />
    <entry id="0x7f0400c8" name="centerIfNoTextEnabled" />
    <entry id="0x7f0400c9" name="chainUseRtl" />
    <entry id="0x7f0400ca" name="checkMarkCompat" />
    <entry id="0x7f0400cb" name="checkMarkTint" />
    <entry id="0x7f0400cc" name="checkMarkTintMode" />
    <entry id="0x7f0400cd" name="checkboxStyle" />
    <entry id="0x7f0400ce" name="checkedButton" />
    <entry id="0x7f0400cf" name="checkedChip" />
    <entry id="0x7f0400d0" name="checkedIcon" />
    <entry id="0x7f0400d1" name="checkedIconEnabled" />
    <entry id="0x7f0400d2" name="checkedIconGravity" />
    <entry id="0x7f0400d3" name="checkedIconMargin" />
    <entry id="0x7f0400d4" name="checkedIconSize" />
    <entry id="0x7f0400d5" name="checkedIconTint" />
    <entry id="0x7f0400d6" name="checkedIconVisible" />
    <entry id="0x7f0400d7" name="checkedState" />
    <entry id="0x7f0400d8" name="checkedTextViewStyle" />
    <entry id="0x7f0400d9" name="chipBackgroundColor" />
    <entry id="0x7f0400da" name="chipCornerRadius" />
    <entry id="0x7f0400db" name="chipEndPadding" />
    <entry id="0x7f0400dc" name="chipGroupStyle" />
    <entry id="0x7f0400dd" name="chipIcon" />
    <entry id="0x7f0400de" name="chipIconEnabled" />
    <entry id="0x7f0400df" name="chipIconSize" />
    <entry id="0x7f0400e0" name="chipIconTint" />
    <entry id="0x7f0400e1" name="chipIconVisible" />
    <entry id="0x7f0400e2" name="chipMinHeight" />
    <entry id="0x7f0400e3" name="chipMinTouchTargetSize" />
    <entry id="0x7f0400e4" name="chipSpacing" />
    <entry id="0x7f0400e5" name="chipSpacingHorizontal" />
    <entry id="0x7f0400e6" name="chipSpacingVertical" />
    <entry id="0x7f0400e7" name="chipStandaloneStyle" />
    <entry id="0x7f0400e8" name="chipStartPadding" />
    <entry id="0x7f0400e9" name="chipStrokeColor" />
    <entry id="0x7f0400ea" name="chipStrokeWidth" />
    <entry id="0x7f0400eb" name="chipStyle" />
    <entry id="0x7f0400ec" name="chipSurfaceColor" />
    <entry id="0x7f0400ed" name="circleCrop" />
    <entry id="0x7f0400ee" name="circleRadius" />
    <entry id="0x7f0400ef" name="circularProgressIndicatorStyle" />
    <entry id="0x7f0400f0" name="clickAction" />
    <entry id="0x7f0400f1" name="clockFaceBackgroundColor" />
    <entry id="0x7f0400f2" name="clockHandColor" />
    <entry id="0x7f0400f3" name="clockIcon" />
    <entry id="0x7f0400f4" name="clockNumberTextColor" />
    <entry id="0x7f0400f5" name="closeIcon" />
    <entry id="0x7f0400f6" name="closeIconEnabled" />
    <entry id="0x7f0400f7" name="closeIconEndPadding" />
    <entry id="0x7f0400f8" name="closeIconSize" />
    <entry id="0x7f0400f9" name="closeIconStartPadding" />
    <entry id="0x7f0400fa" name="closeIconTint" />
    <entry id="0x7f0400fb" name="closeIconVisible" />
    <entry id="0x7f0400fc" name="closeItemLayout" />
    <entry id="0x7f0400fd" name="collapseContentDescription" />
    <entry id="0x7f0400fe" name="collapseIcon" />
    <entry id="0x7f0400ff" name="collapsedSize" />
    <entry id="0x7f040100" name="collapsedTitleGravity" />
    <entry id="0x7f040101" name="collapsedTitleTextAppearance" />
    <entry id="0x7f040102" name="collapsedTitleTextColor" />
    <entry id="0x7f040103" name="collapsingToolbarLayoutLargeSize" />
    <entry id="0x7f040104" name="collapsingToolbarLayoutLargeStyle" />
    <entry id="0x7f040105" name="collapsingToolbarLayoutMediumSize" />
    <entry id="0x7f040106" name="collapsingToolbarLayoutMediumStyle" />
    <entry id="0x7f040107" name="collapsingToolbarLayoutStyle" />
    <entry id="0x7f040108" name="color" />
    <entry id="0x7f040109" name="colorAccent" />
    <entry id="0x7f04010a" name="colorBackgroundFloating" />
    <entry id="0x7f04010b" name="colorButtonNormal" />
    <entry id="0x7f04010c" name="colorContainer" />
    <entry id="0x7f04010d" name="colorControlActivated" />
    <entry id="0x7f04010e" name="colorControlHighlight" />
    <entry id="0x7f04010f" name="colorControlNormal" />
    <entry id="0x7f040110" name="colorError" />
    <entry id="0x7f040111" name="colorErrorContainer" />
    <entry id="0x7f040112" name="colorOnBackground" />
    <entry id="0x7f040113" name="colorOnContainer" />
    <entry id="0x7f040114" name="colorOnContainerUnchecked" />
    <entry id="0x7f040115" name="colorOnError" />
    <entry id="0x7f040116" name="colorOnErrorContainer" />
    <entry id="0x7f040117" name="colorOnPrimary" />
    <entry id="0x7f040118" name="colorOnPrimaryContainer" />
    <entry id="0x7f040119" name="colorOnPrimaryFixed" />
    <entry id="0x7f04011a" name="colorOnPrimaryFixedVariant" />
    <entry id="0x7f04011b" name="colorOnPrimarySurface" />
    <entry id="0x7f04011c" name="colorOnSecondary" />
    <entry id="0x7f04011d" name="colorOnSecondaryContainer" />
    <entry id="0x7f04011e" name="colorOnSecondaryFixed" />
    <entry id="0x7f04011f" name="colorOnSecondaryFixedVariant" />
    <entry id="0x7f040120" name="colorOnSurface" />
    <entry id="0x7f040121" name="colorOnSurfaceInverse" />
    <entry id="0x7f040122" name="colorOnSurfaceVariant" />
    <entry id="0x7f040123" name="colorOnTertiary" />
    <entry id="0x7f040124" name="colorOnTertiaryContainer" />
    <entry id="0x7f040125" name="colorOnTertiaryFixed" />
    <entry id="0x7f040126" name="colorOnTertiaryFixedVariant" />
    <entry id="0x7f040127" name="colorOutline" />
    <entry id="0x7f040128" name="colorOutlineVariant" />
    <entry id="0x7f040129" name="colorPrimary" />
    <entry id="0x7f04012a" name="colorPrimaryContainer" />
    <entry id="0x7f04012b" name="colorPrimaryDark" />
    <entry id="0x7f04012c" name="colorPrimaryFixed" />
    <entry id="0x7f04012d" name="colorPrimaryFixedDim" />
    <entry id="0x7f04012e" name="colorPrimaryInverse" />
    <entry id="0x7f04012f" name="colorPrimarySurface" />
    <entry id="0x7f040130" name="colorPrimaryVariant" />
    <entry id="0x7f040131" name="colorScheme" />
    <entry id="0x7f040132" name="colorSecondary" />
    <entry id="0x7f040133" name="colorSecondaryContainer" />
    <entry id="0x7f040134" name="colorSecondaryFixed" />
    <entry id="0x7f040135" name="colorSecondaryFixedDim" />
    <entry id="0x7f040136" name="colorSecondaryVariant" />
    <entry id="0x7f040137" name="colorSurface" />
    <entry id="0x7f040138" name="colorSurfaceBright" />
    <entry id="0x7f040139" name="colorSurfaceContainer" />
    <entry id="0x7f04013a" name="colorSurfaceContainerHigh" />
    <entry id="0x7f04013b" name="colorSurfaceContainerHighest" />
    <entry id="0x7f04013c" name="colorSurfaceContainerLow" />
    <entry id="0x7f04013d" name="colorSurfaceContainerLowest" />
    <entry id="0x7f04013e" name="colorSurfaceDim" />
    <entry id="0x7f04013f" name="colorSurfaceInverse" />
    <entry id="0x7f040140" name="colorSurfaceVariant" />
    <entry id="0x7f040141" name="colorSwitchThumbNormal" />
    <entry id="0x7f040142" name="colorTertiary" />
    <entry id="0x7f040143" name="colorTertiaryContainer" />
    <entry id="0x7f040144" name="colorTertiaryFixed" />
    <entry id="0x7f040145" name="colorTertiaryFixedDim" />
    <entry id="0x7f040146" name="commitIcon" />
    <entry id="0x7f040147" name="compatShadowEnabled" />
    <entry id="0x7f040148" name="constraintSet" />
    <entry id="0x7f040149" name="constraintSetEnd" />
    <entry id="0x7f04014a" name="constraintSetStart" />
    <entry id="0x7f04014b" name="constraint_referenced_ids" />
    <entry id="0x7f04014c" name="constraints" />
    <entry id="0x7f04014d" name="content" />
    <entry id="0x7f04014e" name="contentDescription" />
    <entry id="0x7f04014f" name="contentInsetEnd" />
    <entry id="0x7f040150" name="contentInsetEndWithActions" />
    <entry id="0x7f040151" name="contentInsetLeft" />
    <entry id="0x7f040152" name="contentInsetRight" />
    <entry id="0x7f040153" name="contentInsetStart" />
    <entry id="0x7f040154" name="contentInsetStartWithNavigation" />
    <entry id="0x7f040155" name="contentPadding" />
    <entry id="0x7f040156" name="contentPaddingBottom" />
    <entry id="0x7f040157" name="contentPaddingEnd" />
    <entry id="0x7f040158" name="contentPaddingLeft" />
    <entry id="0x7f040159" name="contentPaddingRight" />
    <entry id="0x7f04015a" name="contentPaddingStart" />
    <entry id="0x7f04015b" name="contentPaddingTop" />
    <entry id="0x7f04015c" name="contentScrim" />
    <entry id="0x7f04015d" name="contrast" />
    <entry id="0x7f04015e" name="controlBackground" />
    <entry id="0x7f04015f" name="controller_layout_id" />
    <entry id="0x7f040160" name="coordinatorLayoutStyle" />
    <entry id="0x7f040161" name="coplanarSiblingViewId" />
    <entry id="0x7f040162" name="cornerFamily" />
    <entry id="0x7f040163" name="cornerFamilyBottomLeft" />
    <entry id="0x7f040164" name="cornerFamilyBottomRight" />
    <entry id="0x7f040165" name="cornerFamilyTopLeft" />
    <entry id="0x7f040166" name="cornerFamilyTopRight" />
    <entry id="0x7f040167" name="cornerRadius" />
    <entry id="0x7f040168" name="cornerSize" />
    <entry id="0x7f040169" name="cornerSizeBottomLeft" />
    <entry id="0x7f04016a" name="cornerSizeBottomRight" />
    <entry id="0x7f04016b" name="cornerSizeTopLeft" />
    <entry id="0x7f04016c" name="cornerSizeTopRight" />
    <entry id="0x7f04016d" name="counterEnabled" />
    <entry id="0x7f04016e" name="counterMaxLength" />
    <entry id="0x7f04016f" name="counterOverflowTextAppearance" />
    <entry id="0x7f040170" name="counterOverflowTextColor" />
    <entry id="0x7f040171" name="counterTextAppearance" />
    <entry id="0x7f040172" name="counterTextColor" />
    <entry id="0x7f040173" name="crossfade" />
    <entry id="0x7f040174" name="currentState" />
    <entry id="0x7f040175" name="curveFit" />
    <entry id="0x7f040176" name="customBoolean" />
    <entry id="0x7f040177" name="customColorDrawableValue" />
    <entry id="0x7f040178" name="customColorValue" />
    <entry id="0x7f040179" name="customDimension" />
    <entry id="0x7f04017a" name="customFloatValue" />
    <entry id="0x7f04017b" name="customIntegerValue" />
    <entry id="0x7f04017c" name="customNavigationLayout" />
    <entry id="0x7f04017d" name="customPixelDimension" />
    <entry id="0x7f04017e" name="customStringValue" />
    <entry id="0x7f04017f" name="dayInvalidStyle" />
    <entry id="0x7f040180" name="daySelectedStyle" />
    <entry id="0x7f040181" name="dayStyle" />
    <entry id="0x7f040182" name="dayTodayStyle" />
    <entry id="0x7f040183" name="defaultDuration" />
    <entry id="0x7f040184" name="defaultMarginsEnabled" />
    <entry id="0x7f040185" name="defaultQueryHint" />
    <entry id="0x7f040186" name="defaultScrollFlagsEnabled" />
    <entry id="0x7f040187" name="defaultState" />
    <entry id="0x7f040188" name="default_artwork" />
    <entry id="0x7f040189" name="deltaPolarAngle" />
    <entry id="0x7f04018a" name="deltaPolarRadius" />
    <entry id="0x7f04018b" name="deriveConstraintsFrom" />
    <entry id="0x7f04018c" name="dialogCornerRadius" />
    <entry id="0x7f04018d" name="dialogPreferredPadding" />
    <entry id="0x7f04018e" name="dialogTheme" />
    <entry id="0x7f04018f" name="displayOptions" />
    <entry id="0x7f040190" name="divider" />
    <entry id="0x7f040191" name="dividerColor" />
    <entry id="0x7f040192" name="dividerHorizontal" />
    <entry id="0x7f040193" name="dividerInsetEnd" />
    <entry id="0x7f040194" name="dividerInsetStart" />
    <entry id="0x7f040195" name="dividerPadding" />
    <entry id="0x7f040196" name="dividerThickness" />
    <entry id="0x7f040197" name="dividerVertical" />
    <entry id="0x7f040198" name="dragDirection" />
    <entry id="0x7f040199" name="dragScale" />
    <entry id="0x7f04019a" name="dragThreshold" />
    <entry id="0x7f04019b" name="drawPath" />
    <entry id="0x7f04019c" name="drawableBottomCompat" />
    <entry id="0x7f04019d" name="drawableEndCompat" />
    <entry id="0x7f04019e" name="drawableLeftCompat" />
    <entry id="0x7f04019f" name="drawableRightCompat" />
    <entry id="0x7f0401a0" name="drawableSize" />
    <entry id="0x7f0401a1" name="drawableStartCompat" />
    <entry id="0x7f0401a2" name="drawableTint" />
    <entry id="0x7f0401a3" name="drawableTintMode" />
    <entry id="0x7f0401a4" name="drawableTopCompat" />
    <entry id="0x7f0401a5" name="drawerArrowStyle" />
    <entry id="0x7f0401a6" name="drawerLayoutCornerSize" />
    <entry id="0x7f0401a7" name="drawerLayoutStyle" />
    <entry id="0x7f0401a8" name="dropDownListViewStyle" />
    <entry id="0x7f0401a9" name="dropdownListPreferredItemHeight" />
    <entry id="0x7f0401aa" name="duration" />
    <entry id="0x7f0401ab" name="dynamicColorThemeOverlay" />
    <entry id="0x7f0401ac" name="editTextBackground" />
    <entry id="0x7f0401ad" name="editTextColor" />
    <entry id="0x7f0401ae" name="editTextStyle" />
    <entry id="0x7f0401af" name="elevation" />
    <entry id="0x7f0401b0" name="elevationOverlayAccentColor" />
    <entry id="0x7f0401b1" name="elevationOverlayColor" />
    <entry id="0x7f0401b2" name="elevationOverlayEnabled" />
    <entry id="0x7f0401b3" name="emojiCompatEnabled" />
    <entry id="0x7f0401b4" name="enableEdgeToEdge" />
    <entry id="0x7f0401b5" name="endIconCheckable" />
    <entry id="0x7f0401b6" name="endIconContentDescription" />
    <entry id="0x7f0401b7" name="endIconDrawable" />
    <entry id="0x7f0401b8" name="endIconMinSize" />
    <entry id="0x7f0401b9" name="endIconMode" />
    <entry id="0x7f0401ba" name="endIconScaleType" />
    <entry id="0x7f0401bb" name="endIconTint" />
    <entry id="0x7f0401bc" name="endIconTintMode" />
    <entry id="0x7f0401bd" name="enforceMaterialTheme" />
    <entry id="0x7f0401be" name="enforceTextAppearance" />
    <entry id="0x7f0401bf" name="ensureMinTouchTargetSize" />
    <entry id="0x7f0401c0" name="errorAccessibilityLabel" />
    <entry id="0x7f0401c1" name="errorAccessibilityLiveRegion" />
    <entry id="0x7f0401c2" name="errorContentDescription" />
    <entry id="0x7f0401c3" name="errorEnabled" />
    <entry id="0x7f0401c4" name="errorIconDrawable" />
    <entry id="0x7f0401c5" name="errorIconTint" />
    <entry id="0x7f0401c6" name="errorIconTintMode" />
    <entry id="0x7f0401c7" name="errorShown" />
    <entry id="0x7f0401c8" name="errorTextAppearance" />
    <entry id="0x7f0401c9" name="errorTextColor" />
    <entry id="0x7f0401ca" name="expandActivityOverflowButtonDrawable" />
    <entry id="0x7f0401cb" name="expanded" />
    <entry id="0x7f0401cc" name="expandedHintEnabled" />
    <entry id="0x7f0401cd" name="expandedTitleGravity" />
    <entry id="0x7f0401ce" name="expandedTitleMargin" />
    <entry id="0x7f0401cf" name="expandedTitleMarginBottom" />
    <entry id="0x7f0401d0" name="expandedTitleMarginEnd" />
    <entry id="0x7f0401d1" name="expandedTitleMarginStart" />
    <entry id="0x7f0401d2" name="expandedTitleMarginTop" />
    <entry id="0x7f0401d3" name="expandedTitleTextAppearance" />
    <entry id="0x7f0401d4" name="expandedTitleTextColor" />
    <entry id="0x7f0401d5" name="extendMotionSpec" />
    <entry id="0x7f0401d6" name="extendStrategy" />
    <entry id="0x7f0401d7" name="extendedFloatingActionButtonPrimaryStyle" />
    <entry id="0x7f0401d8" name="extendedFloatingActionButtonSecondaryStyle" />
    <entry id="0x7f0401d9" name="extendedFloatingActionButtonStyle" />
    <entry id="0x7f0401da" name="extendedFloatingActionButtonSurfaceStyle" />
    <entry id="0x7f0401db" name="extendedFloatingActionButtonTertiaryStyle" />
    <entry id="0x7f0401dc" name="extraMultilineHeightEnabled" />
    <entry id="0x7f0401dd" name="fabAlignmentMode" />
    <entry id="0x7f0401de" name="fabAlignmentModeEndMargin" />
    <entry id="0x7f0401df" name="fabAnchorMode" />
    <entry id="0x7f0401e0" name="fabAnimationMode" />
    <entry id="0x7f0401e1" name="fabCradleMargin" />
    <entry id="0x7f0401e2" name="fabCradleRoundedCornerRadius" />
    <entry id="0x7f0401e3" name="fabCradleVerticalOffset" />
    <entry id="0x7f0401e4" name="fabCustomSize" />
    <entry id="0x7f0401e5" name="fabSize" />
    <entry id="0x7f0401e6" name="fastScrollEnabled" />
    <entry id="0x7f0401e7" name="fastScrollHorizontalThumbDrawable" />
    <entry id="0x7f0401e8" name="fastScrollHorizontalTrackDrawable" />
    <entry id="0x7f0401e9" name="fastScrollVerticalThumbDrawable" />
    <entry id="0x7f0401ea" name="fastScrollVerticalTrackDrawable" />
    <entry id="0x7f0401eb" name="firstBaselineToTopHeight" />
    <entry id="0x7f0401ec" name="floatingActionButtonLargePrimaryStyle" />
    <entry id="0x7f0401ed" name="floatingActionButtonLargeSecondaryStyle" />
    <entry id="0x7f0401ee" name="floatingActionButtonLargeStyle" />
    <entry id="0x7f0401ef" name="floatingActionButtonLargeSurfaceStyle" />
    <entry id="0x7f0401f0" name="floatingActionButtonLargeTertiaryStyle" />
    <entry id="0x7f0401f1" name="floatingActionButtonPrimaryStyle" />
    <entry id="0x7f0401f2" name="floatingActionButtonSecondaryStyle" />
    <entry id="0x7f0401f3" name="floatingActionButtonSmallPrimaryStyle" />
    <entry id="0x7f0401f4" name="floatingActionButtonSmallSecondaryStyle" />
    <entry id="0x7f0401f5" name="floatingActionButtonSmallStyle" />
    <entry id="0x7f0401f6" name="floatingActionButtonSmallSurfaceStyle" />
    <entry id="0x7f0401f7" name="floatingActionButtonSmallTertiaryStyle" />
    <entry id="0x7f0401f8" name="floatingActionButtonStyle" />
    <entry id="0x7f0401f9" name="floatingActionButtonSurfaceStyle" />
    <entry id="0x7f0401fa" name="floatingActionButtonTertiaryStyle" />
    <entry id="0x7f0401fb" name="flow_firstHorizontalBias" />
    <entry id="0x7f0401fc" name="flow_firstHorizontalStyle" />
    <entry id="0x7f0401fd" name="flow_firstVerticalBias" />
    <entry id="0x7f0401fe" name="flow_firstVerticalStyle" />
    <entry id="0x7f0401ff" name="flow_horizontalAlign" />
    <entry id="0x7f040200" name="flow_horizontalBias" />
    <entry id="0x7f040201" name="flow_horizontalGap" />
    <entry id="0x7f040202" name="flow_horizontalStyle" />
    <entry id="0x7f040203" name="flow_lastHorizontalBias" />
    <entry id="0x7f040204" name="flow_lastHorizontalStyle" />
    <entry id="0x7f040205" name="flow_lastVerticalBias" />
    <entry id="0x7f040206" name="flow_lastVerticalStyle" />
    <entry id="0x7f040207" name="flow_maxElementsWrap" />
    <entry id="0x7f040208" name="flow_padding" />
    <entry id="0x7f040209" name="flow_verticalAlign" />
    <entry id="0x7f04020a" name="flow_verticalBias" />
    <entry id="0x7f04020b" name="flow_verticalGap" />
    <entry id="0x7f04020c" name="flow_verticalStyle" />
    <entry id="0x7f04020d" name="flow_wrapMode" />
    <entry id="0x7f04020e" name="font" />
    <entry id="0x7f04020f" name="fontFamily" />
    <entry id="0x7f040210" name="fontProviderAuthority" />
    <entry id="0x7f040211" name="fontProviderCerts" />
    <entry id="0x7f040212" name="fontProviderFetchStrategy" />
    <entry id="0x7f040213" name="fontProviderFetchTimeout" />
    <entry id="0x7f040214" name="fontProviderPackage" />
    <entry id="0x7f040215" name="fontProviderQuery" />
    <entry id="0x7f040216" name="fontProviderSystemFontFamily" />
    <entry id="0x7f040217" name="fontStyle" />
    <entry id="0x7f040218" name="fontVariationSettings" />
    <entry id="0x7f040219" name="fontWeight" />
    <entry id="0x7f04021a" name="forceApplySystemWindowInsetTop" />
    <entry id="0x7f04021b" name="forceDefaultNavigationOnClickListener" />
    <entry id="0x7f04021c" name="foregroundInsidePadding" />
    <entry id="0x7f04021d" name="framePosition" />
    <entry id="0x7f04021e" name="gapBetweenBars" />
    <entry id="0x7f04021f" name="gestureInsetBottomIgnored" />
    <entry id="0x7f040220" name="goIcon" />
    <entry id="0x7f040221" name="haloColor" />
    <entry id="0x7f040222" name="haloRadius" />
    <entry id="0x7f040223" name="headerLayout" />
    <entry id="0x7f040224" name="height" />
    <entry id="0x7f040225" name="helperText" />
    <entry id="0x7f040226" name="helperTextEnabled" />
    <entry id="0x7f040227" name="helperTextTextAppearance" />
    <entry id="0x7f040228" name="helperTextTextColor" />
    <entry id="0x7f040229" name="hideAnimationBehavior" />
    <entry id="0x7f04022a" name="hideMotionSpec" />
    <entry id="0x7f04022b" name="hideNavigationIcon" />
    <entry id="0x7f04022c" name="hideOnContentScroll" />
    <entry id="0x7f04022d" name="hideOnScroll" />
    <entry id="0x7f04022e" name="hide_during_ads" />
    <entry id="0x7f04022f" name="hide_on_touch" />
    <entry id="0x7f040230" name="hintAnimationEnabled" />
    <entry id="0x7f040231" name="hintEnabled" />
    <entry id="0x7f040232" name="hintTextAppearance" />
    <entry id="0x7f040233" name="hintTextColor" />
    <entry id="0x7f040234" name="homeAsUpIndicator" />
    <entry id="0x7f040235" name="homeLayout" />
    <entry id="0x7f040236" name="horizontalOffset" />
    <entry id="0x7f040237" name="horizontalOffsetWithText" />
    <entry id="0x7f040238" name="hoveredFocusedTranslationZ" />
    <entry id="0x7f040239" name="icon" />
    <entry id="0x7f04023a" name="iconEndPadding" />
    <entry id="0x7f04023b" name="iconGravity" />
    <entry id="0x7f04023c" name="iconPadding" />
    <entry id="0x7f04023d" name="iconSize" />
    <entry id="0x7f04023e" name="iconStartPadding" />
    <entry id="0x7f04023f" name="iconTint" />
    <entry id="0x7f040240" name="iconTintMode" />
    <entry id="0x7f040241" name="iconifiedByDefault" />
    <entry id="0x7f040242" name="imageAspectRatio" />
    <entry id="0x7f040243" name="imageAspectRatioAdjust" />
    <entry id="0x7f040244" name="imageButtonStyle" />
    <entry id="0x7f040245" name="indeterminateAnimationType" />
    <entry id="0x7f040246" name="indeterminateProgressStyle" />
    <entry id="0x7f040247" name="indicatorColor" />
    <entry id="0x7f040248" name="indicatorDirectionCircular" />
    <entry id="0x7f040249" name="indicatorDirectionLinear" />
    <entry id="0x7f04024a" name="indicatorInset" />
    <entry id="0x7f04024b" name="indicatorSize" />
    <entry id="0x7f04024c" name="initialActivityCount" />
    <entry id="0x7f04024d" name="insetForeground" />
    <entry id="0x7f04024e" name="isLightTheme" />
    <entry id="0x7f04024f" name="isMaterial3DynamicColorApplied" />
    <entry id="0x7f040250" name="isMaterial3Theme" />
    <entry id="0x7f040251" name="isMaterialTheme" />
    <entry id="0x7f040252" name="itemActiveIndicatorStyle" />
    <entry id="0x7f040253" name="itemBackground" />
    <entry id="0x7f040254" name="itemFillColor" />
    <entry id="0x7f040255" name="itemHorizontalPadding" />
    <entry id="0x7f040256" name="itemHorizontalTranslationEnabled" />
    <entry id="0x7f040257" name="itemIconPadding" />
    <entry id="0x7f040258" name="itemIconSize" />
    <entry id="0x7f040259" name="itemIconTint" />
    <entry id="0x7f04025a" name="itemMaxLines" />
    <entry id="0x7f04025b" name="itemMinHeight" />
    <entry id="0x7f04025c" name="itemPadding" />
    <entry id="0x7f04025d" name="itemPaddingBottom" />
    <entry id="0x7f04025e" name="itemPaddingTop" />
    <entry id="0x7f04025f" name="itemRippleColor" />
    <entry id="0x7f040260" name="itemShapeAppearance" />
    <entry id="0x7f040261" name="itemShapeAppearanceOverlay" />
    <entry id="0x7f040262" name="itemShapeFillColor" />
    <entry id="0x7f040263" name="itemShapeInsetBottom" />
    <entry id="0x7f040264" name="itemShapeInsetEnd" />
    <entry id="0x7f040265" name="itemShapeInsetStart" />
    <entry id="0x7f040266" name="itemShapeInsetTop" />
    <entry id="0x7f040267" name="itemSpacing" />
    <entry id="0x7f040268" name="itemStrokeColor" />
    <entry id="0x7f040269" name="itemStrokeWidth" />
    <entry id="0x7f04026a" name="itemTextAppearance" />
    <entry id="0x7f04026b" name="itemTextAppearanceActive" />
    <entry id="0x7f04026c" name="itemTextAppearanceInactive" />
    <entry id="0x7f04026d" name="itemTextColor" />
    <entry id="0x7f04026e" name="itemVerticalPadding" />
    <entry id="0x7f04026f" name="keep_content_on_player_reset" />
    <entry id="0x7f040270" name="keyPositionType" />
    <entry id="0x7f040271" name="keyboardIcon" />
    <entry id="0x7f040272" name="keylines" />
    <entry id="0x7f040273" name="lStar" />
    <entry id="0x7f040274" name="labelBehavior" />
    <entry id="0x7f040275" name="labelStyle" />
    <entry id="0x7f040276" name="labelVisibilityMode" />
    <entry id="0x7f040277" name="lastBaselineToBottomHeight" />
    <entry id="0x7f040278" name="lastItemDecorated" />
    <entry id="0x7f040279" name="layout" />
    <entry id="0x7f04027a" name="layoutDescription" />
    <entry id="0x7f04027b" name="layoutDuringTransition" />
    <entry id="0x7f04027c" name="layoutManager" />
    <entry id="0x7f04027d" name="layout_anchor" />
    <entry id="0x7f04027e" name="layout_anchorGravity" />
    <entry id="0x7f04027f" name="layout_behavior" />
    <entry id="0x7f040280" name="layout_collapseMode" />
    <entry id="0x7f040281" name="layout_collapseParallaxMultiplier" />
    <entry id="0x7f040282" name="layout_constrainedHeight" />
    <entry id="0x7f040283" name="layout_constrainedWidth" />
    <entry id="0x7f040284" name="layout_constraintBaseline_creator" />
    <entry id="0x7f040285" name="layout_constraintBaseline_toBaselineOf" />
    <entry id="0x7f040286" name="layout_constraintBottom_creator" />
    <entry id="0x7f040287" name="layout_constraintBottom_toBottomOf" />
    <entry id="0x7f040288" name="layout_constraintBottom_toTopOf" />
    <entry id="0x7f040289" name="layout_constraintCircle" />
    <entry id="0x7f04028a" name="layout_constraintCircleAngle" />
    <entry id="0x7f04028b" name="layout_constraintCircleRadius" />
    <entry id="0x7f04028c" name="layout_constraintDimensionRatio" />
    <entry id="0x7f04028d" name="layout_constraintEnd_toEndOf" />
    <entry id="0x7f04028e" name="layout_constraintEnd_toStartOf" />
    <entry id="0x7f04028f" name="layout_constraintGuide_begin" />
    <entry id="0x7f040290" name="layout_constraintGuide_end" />
    <entry id="0x7f040291" name="layout_constraintGuide_percent" />
    <entry id="0x7f040292" name="layout_constraintHeight_default" />
    <entry id="0x7f040293" name="layout_constraintHeight_max" />
    <entry id="0x7f040294" name="layout_constraintHeight_min" />
    <entry id="0x7f040295" name="layout_constraintHeight_percent" />
    <entry id="0x7f040296" name="layout_constraintHorizontal_bias" />
    <entry id="0x7f040297" name="layout_constraintHorizontal_chainStyle" />
    <entry id="0x7f040298" name="layout_constraintHorizontal_weight" />
    <entry id="0x7f040299" name="layout_constraintLeft_creator" />
    <entry id="0x7f04029a" name="layout_constraintLeft_toLeftOf" />
    <entry id="0x7f04029b" name="layout_constraintLeft_toRightOf" />
    <entry id="0x7f04029c" name="layout_constraintRight_creator" />
    <entry id="0x7f04029d" name="layout_constraintRight_toLeftOf" />
    <entry id="0x7f04029e" name="layout_constraintRight_toRightOf" />
    <entry id="0x7f04029f" name="layout_constraintStart_toEndOf" />
    <entry id="0x7f0402a0" name="layout_constraintStart_toStartOf" />
    <entry id="0x7f0402a1" name="layout_constraintTag" />
    <entry id="0x7f0402a2" name="layout_constraintTop_creator" />
    <entry id="0x7f0402a3" name="layout_constraintTop_toBottomOf" />
    <entry id="0x7f0402a4" name="layout_constraintTop_toTopOf" />
    <entry id="0x7f0402a5" name="layout_constraintVertical_bias" />
    <entry id="0x7f0402a6" name="layout_constraintVertical_chainStyle" />
    <entry id="0x7f0402a7" name="layout_constraintVertical_weight" />
    <entry id="0x7f0402a8" name="layout_constraintWidth_default" />
    <entry id="0x7f0402a9" name="layout_constraintWidth_max" />
    <entry id="0x7f0402aa" name="layout_constraintWidth_min" />
    <entry id="0x7f0402ab" name="layout_constraintWidth_percent" />
    <entry id="0x7f0402ac" name="layout_dodgeInsetEdges" />
    <entry id="0x7f0402ad" name="layout_editor_absoluteX" />
    <entry id="0x7f0402ae" name="layout_editor_absoluteY" />
    <entry id="0x7f0402af" name="layout_goneMarginBottom" />
    <entry id="0x7f0402b0" name="layout_goneMarginEnd" />
    <entry id="0x7f0402b1" name="layout_goneMarginLeft" />
    <entry id="0x7f0402b2" name="layout_goneMarginRight" />
    <entry id="0x7f0402b3" name="layout_goneMarginStart" />
    <entry id="0x7f0402b4" name="layout_goneMarginTop" />
    <entry id="0x7f0402b5" name="layout_insetEdge" />
    <entry id="0x7f0402b6" name="layout_keyline" />
    <entry id="0x7f0402b7" name="layout_optimizationLevel" />
    <entry id="0x7f0402b8" name="layout_scrollEffect" />
    <entry id="0x7f0402b9" name="layout_scrollFlags" />
    <entry id="0x7f0402ba" name="layout_scrollInterpolator" />
    <entry id="0x7f0402bb" name="liftOnScroll" />
    <entry id="0x7f0402bc" name="liftOnScrollColor" />
    <entry id="0x7f0402bd" name="liftOnScrollTargetViewId" />
    <entry id="0x7f0402be" name="limitBoundsTo" />
    <entry id="0x7f0402bf" name="lineHeight" />
    <entry id="0x7f0402c0" name="lineSpacing" />
    <entry id="0x7f0402c1" name="linearProgressIndicatorStyle" />
    <entry id="0x7f0402c2" name="listChoiceBackgroundIndicator" />
    <entry id="0x7f0402c3" name="listChoiceIndicatorMultipleAnimated" />
    <entry id="0x7f0402c4" name="listChoiceIndicatorSingleAnimated" />
    <entry id="0x7f0402c5" name="listDividerAlertDialog" />
    <entry id="0x7f0402c6" name="listItemLayout" />
    <entry id="0x7f0402c7" name="listLayout" />
    <entry id="0x7f0402c8" name="listMenuViewStyle" />
    <entry id="0x7f0402c9" name="listPopupWindowStyle" />
    <entry id="0x7f0402ca" name="listPreferredItemHeight" />
    <entry id="0x7f0402cb" name="listPreferredItemHeightLarge" />
    <entry id="0x7f0402cc" name="listPreferredItemHeightSmall" />
    <entry id="0x7f0402cd" name="listPreferredItemPaddingEnd" />
    <entry id="0x7f0402ce" name="listPreferredItemPaddingLeft" />
    <entry id="0x7f0402cf" name="listPreferredItemPaddingRight" />
    <entry id="0x7f0402d0" name="listPreferredItemPaddingStart" />
    <entry id="0x7f0402d1" name="logo" />
    <entry id="0x7f0402d2" name="logoAdjustViewBounds" />
    <entry id="0x7f0402d3" name="logoDescription" />
    <entry id="0x7f0402d4" name="logoScaleType" />
    <entry id="0x7f0402d5" name="lottieAnimationViewStyle" />
    <entry id="0x7f0402d6" name="lottie_asyncUpdates" />
    <entry id="0x7f0402d7" name="lottie_autoPlay" />
    <entry id="0x7f0402d8" name="lottie_cacheComposition" />
    <entry id="0x7f0402d9" name="lottie_clipToCompositionBounds" />
    <entry id="0x7f0402da" name="lottie_colorFilter" />
    <entry id="0x7f0402db" name="lottie_defaultFontFileExtension" />
    <entry id="0x7f0402dc" name="lottie_enableMergePathsForKitKatAndAbove" />
    <entry id="0x7f0402dd" name="lottie_fallbackRes" />
    <entry id="0x7f0402de" name="lottie_fileName" />
    <entry id="0x7f0402df" name="lottie_ignoreDisabledSystemAnimations" />
    <entry id="0x7f0402e0" name="lottie_imageAssetsFolder" />
    <entry id="0x7f0402e1" name="lottie_loop" />
    <entry id="0x7f0402e2" name="lottie_progress" />
    <entry id="0x7f0402e3" name="lottie_rawRes" />
    <entry id="0x7f0402e4" name="lottie_renderMode" />
    <entry id="0x7f0402e5" name="lottie_repeatCount" />
    <entry id="0x7f0402e6" name="lottie_repeatMode" />
    <entry id="0x7f0402e7" name="lottie_speed" />
    <entry id="0x7f0402e8" name="lottie_url" />
    <entry id="0x7f0402e9" name="lottie_useCompositionFrameRate" />
    <entry id="0x7f0402ea" name="marginHorizontal" />
    <entry id="0x7f0402eb" name="marginLeftSystemWindowInsets" />
    <entry id="0x7f0402ec" name="marginRightSystemWindowInsets" />
    <entry id="0x7f0402ed" name="marginTopSystemWindowInsets" />
    <entry id="0x7f0402ee" name="materialAlertDialogBodyTextStyle" />
    <entry id="0x7f0402ef" name="materialAlertDialogButtonSpacerVisibility" />
    <entry id="0x7f0402f0" name="materialAlertDialogTheme" />
    <entry id="0x7f0402f1" name="materialAlertDialogTitleIconStyle" />
    <entry id="0x7f0402f2" name="materialAlertDialogTitlePanelStyle" />
    <entry id="0x7f0402f3" name="materialAlertDialogTitleTextStyle" />
    <entry id="0x7f0402f4" name="materialButtonOutlinedStyle" />
    <entry id="0x7f0402f5" name="materialButtonStyle" />
    <entry id="0x7f0402f6" name="materialButtonToggleGroupStyle" />
    <entry id="0x7f0402f7" name="materialCalendarDay" />
    <entry id="0x7f0402f8" name="materialCalendarDayOfWeekLabel" />
    <entry id="0x7f0402f9" name="materialCalendarFullscreenTheme" />
    <entry id="0x7f0402fa" name="materialCalendarHeaderCancelButton" />
    <entry id="0x7f0402fb" name="materialCalendarHeaderConfirmButton" />
    <entry id="0x7f0402fc" name="materialCalendarHeaderDivider" />
    <entry id="0x7f0402fd" name="materialCalendarHeaderLayout" />
    <entry id="0x7f0402fe" name="materialCalendarHeaderSelection" />
    <entry id="0x7f0402ff" name="materialCalendarHeaderTitle" />
    <entry id="0x7f040300" name="materialCalendarHeaderToggleButton" />
    <entry id="0x7f040301" name="materialCalendarMonth" />
    <entry id="0x7f040302" name="materialCalendarMonthNavigationButton" />
    <entry id="0x7f040303" name="materialCalendarStyle" />
    <entry id="0x7f040304" name="materialCalendarTheme" />
    <entry id="0x7f040305" name="materialCalendarYearNavigationButton" />
    <entry id="0x7f040306" name="materialCardViewElevatedStyle" />
    <entry id="0x7f040307" name="materialCardViewFilledStyle" />
    <entry id="0x7f040308" name="materialCardViewOutlinedStyle" />
    <entry id="0x7f040309" name="materialCardViewStyle" />
    <entry id="0x7f04030a" name="materialCircleRadius" />
    <entry id="0x7f04030b" name="materialClockStyle" />
    <entry id="0x7f04030c" name="materialDisplayDividerStyle" />
    <entry id="0x7f04030d" name="materialDividerHeavyStyle" />
    <entry id="0x7f04030e" name="materialDividerStyle" />
    <entry id="0x7f04030f" name="materialIconButtonFilledStyle" />
    <entry id="0x7f040310" name="materialIconButtonFilledTonalStyle" />
    <entry id="0x7f040311" name="materialIconButtonOutlinedStyle" />
    <entry id="0x7f040312" name="materialIconButtonStyle" />
    <entry id="0x7f040313" name="materialSearchBarStyle" />
    <entry id="0x7f040314" name="materialSearchViewPrefixStyle" />
    <entry id="0x7f040315" name="materialSearchViewStyle" />
    <entry id="0x7f040316" name="materialSwitchStyle" />
    <entry id="0x7f040317" name="materialThemeOverlay" />
    <entry id="0x7f040318" name="materialTimePickerStyle" />
    <entry id="0x7f040319" name="materialTimePickerTheme" />
    <entry id="0x7f04031a" name="materialTimePickerTitleStyle" />
    <entry id="0x7f04031b" name="maxAcceleration" />
    <entry id="0x7f04031c" name="maxActionInlineWidth" />
    <entry id="0x7f04031d" name="maxButtonHeight" />
    <entry id="0x7f04031e" name="maxCharacterCount" />
    <entry id="0x7f04031f" name="maxHeight" />
    <entry id="0x7f040320" name="maxImageSize" />
    <entry id="0x7f040321" name="maxLines" />
    <entry id="0x7f040322" name="maxVelocity" />
    <entry id="0x7f040323" name="maxWidth" />
    <entry id="0x7f040324" name="measureWithLargestChild" />
    <entry id="0x7f040325" name="menu" />
    <entry id="0x7f040326" name="menuAlignmentMode" />
    <entry id="0x7f040327" name="menuGravity" />
    <entry id="0x7f040328" name="minHeight" />
    <entry id="0x7f040329" name="minHideDelay" />
    <entry id="0x7f04032a" name="minSeparation" />
    <entry id="0x7f04032b" name="minTouchTargetSize" />
    <entry id="0x7f04032c" name="minWidth" />
    <entry id="0x7f04032d" name="mock_diagonalsColor" />
    <entry id="0x7f04032e" name="mock_label" />
    <entry id="0x7f04032f" name="mock_labelBackgroundColor" />
    <entry id="0x7f040330" name="mock_labelColor" />
    <entry id="0x7f040331" name="mock_showDiagonals" />
    <entry id="0x7f040332" name="mock_showLabel" />
    <entry id="0x7f040333" name="motionDebug" />
    <entry id="0x7f040334" name="motionDurationExtraLong1" />
    <entry id="0x7f040335" name="motionDurationExtraLong2" />
    <entry id="0x7f040336" name="motionDurationExtraLong3" />
    <entry id="0x7f040337" name="motionDurationExtraLong4" />
    <entry id="0x7f040338" name="motionDurationLong1" />
    <entry id="0x7f040339" name="motionDurationLong2" />
    <entry id="0x7f04033a" name="motionDurationLong3" />
    <entry id="0x7f04033b" name="motionDurationLong4" />
    <entry id="0x7f04033c" name="motionDurationMedium1" />
    <entry id="0x7f04033d" name="motionDurationMedium2" />
    <entry id="0x7f04033e" name="motionDurationMedium3" />
    <entry id="0x7f04033f" name="motionDurationMedium4" />
    <entry id="0x7f040340" name="motionDurationShort1" />
    <entry id="0x7f040341" name="motionDurationShort2" />
    <entry id="0x7f040342" name="motionDurationShort3" />
    <entry id="0x7f040343" name="motionDurationShort4" />
    <entry id="0x7f040344" name="motionEasingAccelerated" />
    <entry id="0x7f040345" name="motionEasingDecelerated" />
    <entry id="0x7f040346" name="motionEasingEmphasized" />
    <entry id="0x7f040347" name="motionEasingEmphasizedAccelerateInterpolator" />
    <entry id="0x7f040348" name="motionEasingEmphasizedDecelerateInterpolator" />
    <entry id="0x7f040349" name="motionEasingEmphasizedInterpolator" />
    <entry id="0x7f04034a" name="motionEasingLinear" />
    <entry id="0x7f04034b" name="motionEasingLinearInterpolator" />
    <entry id="0x7f04034c" name="motionEasingStandard" />
    <entry id="0x7f04034d" name="motionEasingStandardAccelerateInterpolator" />
    <entry id="0x7f04034e" name="motionEasingStandardDecelerateInterpolator" />
    <entry id="0x7f04034f" name="motionEasingStandardInterpolator" />
    <entry id="0x7f040350" name="motionInterpolator" />
    <entry id="0x7f040351" name="motionPath" />
    <entry id="0x7f040352" name="motionPathRotate" />
    <entry id="0x7f040353" name="motionProgress" />
    <entry id="0x7f040354" name="motionStagger" />
    <entry id="0x7f040355" name="motionTarget" />
    <entry id="0x7f040356" name="motion_postLayoutCollision" />
    <entry id="0x7f040357" name="motion_triggerOnCollision" />
    <entry id="0x7f040358" name="moveWhenScrollAtTop" />
    <entry id="0x7f040359" name="multiChoiceItemLayout" />
    <entry id="0x7f04035a" name="navigationContentDescription" />
    <entry id="0x7f04035b" name="navigationIcon" />
    <entry id="0x7f04035c" name="navigationIconTint" />
    <entry id="0x7f04035d" name="navigationMode" />
    <entry id="0x7f04035e" name="navigationRailStyle" />
    <entry id="0x7f04035f" name="navigationViewStyle" />
    <entry id="0x7f040360" name="nestedScrollFlags" />
    <entry id="0x7f040361" name="nestedScrollViewStyle" />
    <entry id="0x7f040362" name="nestedScrollable" />
    <entry id="0x7f040363" name="number" />
    <entry id="0x7f040364" name="numericModifiers" />
    <entry id="0x7f040365" name="offsetAlignmentMode" />
    <entry id="0x7f040366" name="onCross" />
    <entry id="0x7f040367" name="onHide" />
    <entry id="0x7f040368" name="onNegativeCross" />
    <entry id="0x7f040369" name="onPositiveCross" />
    <entry id="0x7f04036a" name="onShow" />
    <entry id="0x7f04036b" name="onTouchUp" />
    <entry id="0x7f04036c" name="overlapAnchor" />
    <entry id="0x7f04036d" name="overlay" />
    <entry id="0x7f04036e" name="paddingBottomNoButtons" />
    <entry id="0x7f04036f" name="paddingBottomSystemWindowInsets" />
    <entry id="0x7f040370" name="paddingEnd" />
    <entry id="0x7f040371" name="paddingLeftSystemWindowInsets" />
    <entry id="0x7f040372" name="paddingRightSystemWindowInsets" />
    <entry id="0x7f040373" name="paddingStart" />
    <entry id="0x7f040374" name="paddingTopNoTitle" />
    <entry id="0x7f040375" name="paddingTopSystemWindowInsets" />
    <entry id="0x7f040376" name="panelBackground" />
    <entry id="0x7f040377" name="panelMenuListTheme" />
    <entry id="0x7f040378" name="panelMenuListWidth" />
    <entry id="0x7f040379" name="passwordToggleContentDescription" />
    <entry id="0x7f04037a" name="passwordToggleDrawable" />
    <entry id="0x7f04037b" name="passwordToggleEnabled" />
    <entry id="0x7f04037c" name="passwordToggleTint" />
    <entry id="0x7f04037d" name="passwordToggleTintMode" />
    <entry id="0x7f04037e" name="pathMotionArc" />
    <entry id="0x7f04037f" name="path_percent" />
    <entry id="0x7f040380" name="percentHeight" />
    <entry id="0x7f040381" name="percentWidth" />
    <entry id="0x7f040382" name="percentX" />
    <entry id="0x7f040383" name="percentY" />
    <entry id="0x7f040384" name="perpendicularPath_percent" />
    <entry id="0x7f040385" name="pivotAnchor" />
    <entry id="0x7f040386" name="placeholderText" />
    <entry id="0x7f040387" name="placeholderTextAppearance" />
    <entry id="0x7f040388" name="placeholderTextColor" />
    <entry id="0x7f040389" name="placeholder_emptyVisibility" />
    <entry id="0x7f04038a" name="played_ad_marker_color" />
    <entry id="0x7f04038b" name="played_color" />
    <entry id="0x7f04038c" name="player_layout_id" />
    <entry id="0x7f04038d" name="popupMenuBackground" />
    <entry id="0x7f04038e" name="popupMenuStyle" />
    <entry id="0x7f04038f" name="popupTheme" />
    <entry id="0x7f040390" name="popupWindowStyle" />
    <entry id="0x7f040391" name="prefixText" />
    <entry id="0x7f040392" name="prefixTextAppearance" />
    <entry id="0x7f040393" name="prefixTextColor" />
    <entry id="0x7f040394" name="preserveIconSpacing" />
    <entry id="0x7f040395" name="pressedTranslationZ" />
    <entry id="0x7f040396" name="progressBarPadding" />
    <entry id="0x7f040397" name="progressBarStyle" />
    <entry id="0x7f040398" name="queryBackground" />
    <entry id="0x7f040399" name="queryHint" />
    <entry id="0x7f04039a" name="queryPatterns" />
    <entry id="0x7f04039b" name="radioButtonStyle" />
    <entry id="0x7f04039c" name="rangeFillColor" />
    <entry id="0x7f04039d" name="ratingBarStyle" />
    <entry id="0x7f04039e" name="ratingBarStyleIndicator" />
    <entry id="0x7f04039f" name="ratingBarStyleSmall" />
    <entry id="0x7f0403a0" name="recyclerViewStyle" />
    <entry id="0x7f0403a1" name="region_heightLessThan" />
    <entry id="0x7f0403a2" name="region_heightMoreThan" />
    <entry id="0x7f0403a3" name="region_widthLessThan" />
    <entry id="0x7f0403a4" name="region_widthMoreThan" />
    <entry id="0x7f0403a5" name="removeEmbeddedFabElevation" />
    <entry id="0x7f0403a6" name="repeat_toggle_modes" />
    <entry id="0x7f0403a7" name="resize_mode" />
    <entry id="0x7f0403a8" name="reverseLayout" />
    <entry id="0x7f0403a9" name="rippleColor" />
    <entry id="0x7f0403aa" name="round" />
    <entry id="0x7f0403ab" name="roundPercent" />
    <entry id="0x7f0403ac" name="saturation" />
    <entry id="0x7f0403ad" name="scopeUris" />
    <entry id="0x7f0403ae" name="scrimAnimationDuration" />
    <entry id="0x7f0403af" name="scrimBackground" />
    <entry id="0x7f0403b0" name="scrimVisibleHeightTrigger" />
    <entry id="0x7f0403b1" name="scrubber_color" />
    <entry id="0x7f0403b2" name="scrubber_disabled_size" />
    <entry id="0x7f0403b3" name="scrubber_dragged_size" />
    <entry id="0x7f0403b4" name="scrubber_drawable" />
    <entry id="0x7f0403b5" name="scrubber_enabled_size" />
    <entry id="0x7f0403b6" name="searchHintIcon" />
    <entry id="0x7f0403b7" name="searchIcon" />
    <entry id="0x7f0403b8" name="searchPrefixText" />
    <entry id="0x7f0403b9" name="searchViewStyle" />
    <entry id="0x7f0403ba" name="seekBarStyle" />
    <entry id="0x7f0403bb" name="selectableItemBackground" />
    <entry id="0x7f0403bc" name="selectableItemBackgroundBorderless" />
    <entry id="0x7f0403bd" name="selectionRequired" />
    <entry id="0x7f0403be" name="selectorSize" />
    <entry id="0x7f0403bf" name="shapeAppearance" />
    <entry id="0x7f0403c0" name="shapeAppearanceCornerExtraLarge" />
    <entry id="0x7f0403c1" name="shapeAppearanceCornerExtraSmall" />
    <entry id="0x7f0403c2" name="shapeAppearanceCornerLarge" />
    <entry id="0x7f0403c3" name="shapeAppearanceCornerMedium" />
    <entry id="0x7f0403c4" name="shapeAppearanceCornerSmall" />
    <entry id="0x7f0403c5" name="shapeAppearanceLargeComponent" />
    <entry id="0x7f0403c6" name="shapeAppearanceMediumComponent" />
    <entry id="0x7f0403c7" name="shapeAppearanceOverlay" />
    <entry id="0x7f0403c8" name="shapeAppearanceSmallComponent" />
    <entry id="0x7f0403c9" name="shapeCornerFamily" />
    <entry id="0x7f0403ca" name="shortcutMatchRequired" />
    <entry id="0x7f0403cb" name="shouldRemoveExpandedCorners" />
    <entry id="0x7f0403cc" name="showAnimationBehavior" />
    <entry id="0x7f0403cd" name="showAsAction" />
    <entry id="0x7f0403ce" name="showDelay" />
    <entry id="0x7f0403cf" name="showDividers" />
    <entry id="0x7f0403d0" name="showMotionSpec" />
    <entry id="0x7f0403d1" name="showPaths" />
    <entry id="0x7f0403d2" name="showText" />
    <entry id="0x7f0403d3" name="showTitle" />
    <entry id="0x7f0403d4" name="show_buffering" />
    <entry id="0x7f0403d5" name="show_fastforward_button" />
    <entry id="0x7f0403d6" name="show_next_button" />
    <entry id="0x7f0403d7" name="show_previous_button" />
    <entry id="0x7f0403d8" name="show_rewind_button" />
    <entry id="0x7f0403d9" name="show_shuffle_button" />
    <entry id="0x7f0403da" name="show_subtitle_button" />
    <entry id="0x7f0403db" name="show_timeout" />
    <entry id="0x7f0403dc" name="show_vr_button" />
    <entry id="0x7f0403dd" name="shrinkMotionSpec" />
    <entry id="0x7f0403de" name="shutter_background_color" />
    <entry id="0x7f0403df" name="sideSheetDialogTheme" />
    <entry id="0x7f0403e0" name="sideSheetModalStyle" />
    <entry id="0x7f0403e1" name="simpleItemLayout" />
    <entry id="0x7f0403e2" name="simpleItemSelectedColor" />
    <entry id="0x7f0403e3" name="simpleItemSelectedRippleColor" />
    <entry id="0x7f0403e4" name="simpleItems" />
    <entry id="0x7f0403e5" name="singleChoiceItemLayout" />
    <entry id="0x7f0403e6" name="singleLine" />
    <entry id="0x7f0403e7" name="singleSelection" />
    <entry id="0x7f0403e8" name="sizePercent" />
    <entry id="0x7f0403e9" name="sliderStyle" />
    <entry id="0x7f0403ea" name="snackbarButtonStyle" />
    <entry id="0x7f0403eb" name="snackbarStyle" />
    <entry id="0x7f0403ec" name="snackbarTextViewStyle" />
    <entry id="0x7f0403ed" name="spanCount" />
    <entry id="0x7f0403ee" name="spinBars" />
    <entry id="0x7f0403ef" name="spinnerDropDownItemStyle" />
    <entry id="0x7f0403f0" name="spinnerStyle" />
    <entry id="0x7f0403f1" name="splitTrack" />
    <entry id="0x7f0403f2" name="srcCompat" />
    <entry id="0x7f0403f3" name="stackFromEnd" />
    <entry id="0x7f0403f4" name="staggered" />
    <entry id="0x7f0403f5" name="startIconCheckable" />
    <entry id="0x7f0403f6" name="startIconContentDescription" />
    <entry id="0x7f0403f7" name="startIconDrawable" />
    <entry id="0x7f0403f8" name="startIconMinSize" />
    <entry id="0x7f0403f9" name="startIconScaleType" />
    <entry id="0x7f0403fa" name="startIconTint" />
    <entry id="0x7f0403fb" name="startIconTintMode" />
    <entry id="0x7f0403fc" name="state_above_anchor" />
    <entry id="0x7f0403fd" name="state_collapsed" />
    <entry id="0x7f0403fe" name="state_collapsible" />
    <entry id="0x7f0403ff" name="state_dragged" />
    <entry id="0x7f040400" name="state_error" />
    <entry id="0x7f040401" name="state_indeterminate" />
    <entry id="0x7f040402" name="state_liftable" />
    <entry id="0x7f040403" name="state_lifted" />
    <entry id="0x7f040404" name="state_with_icon" />
    <entry id="0x7f040405" name="statusBarBackground" />
    <entry id="0x7f040406" name="statusBarForeground" />
    <entry id="0x7f040407" name="statusBarScrim" />
    <entry id="0x7f040408" name="strokeColor" />
    <entry id="0x7f040409" name="strokeWidth" />
    <entry id="0x7f04040a" name="subMenuArrow" />
    <entry id="0x7f04040b" name="subheaderColor" />
    <entry id="0x7f04040c" name="subheaderInsetEnd" />
    <entry id="0x7f04040d" name="subheaderInsetStart" />
    <entry id="0x7f04040e" name="subheaderTextAppearance" />
    <entry id="0x7f04040f" name="submitBackground" />
    <entry id="0x7f040410" name="subtitle" />
    <entry id="0x7f040411" name="subtitleCentered" />
    <entry id="0x7f040412" name="subtitleTextAppearance" />
    <entry id="0x7f040413" name="subtitleTextColor" />
    <entry id="0x7f040414" name="subtitleTextStyle" />
    <entry id="0x7f040415" name="suffixText" />
    <entry id="0x7f040416" name="suffixTextAppearance" />
    <entry id="0x7f040417" name="suffixTextColor" />
    <entry id="0x7f040418" name="suggestionRowLayout" />
    <entry id="0x7f040419" name="surface_type" />
    <entry id="0x7f04041a" name="swipeRefreshLayoutProgressSpinnerBackgroundColor" />
    <entry id="0x7f04041b" name="switchMinWidth" />
    <entry id="0x7f04041c" name="switchPadding" />
    <entry id="0x7f04041d" name="switchStyle" />
    <entry id="0x7f04041e" name="switchTextAppearance" />
    <entry id="0x7f04041f" name="tabBackground" />
    <entry id="0x7f040420" name="tabContentStart" />
    <entry id="0x7f040421" name="tabGravity" />
    <entry id="0x7f040422" name="tabIconTint" />
    <entry id="0x7f040423" name="tabIconTintMode" />
    <entry id="0x7f040424" name="tabIndicator" />
    <entry id="0x7f040425" name="tabIndicatorAnimationDuration" />
    <entry id="0x7f040426" name="tabIndicatorAnimationMode" />
    <entry id="0x7f040427" name="tabIndicatorColor" />
    <entry id="0x7f040428" name="tabIndicatorFullWidth" />
    <entry id="0x7f040429" name="tabIndicatorGravity" />
    <entry id="0x7f04042a" name="tabIndicatorHeight" />
    <entry id="0x7f04042b" name="tabInlineLabel" />
    <entry id="0x7f04042c" name="tabMaxWidth" />
    <entry id="0x7f04042d" name="tabMinWidth" />
    <entry id="0x7f04042e" name="tabMode" />
    <entry id="0x7f04042f" name="tabPadding" />
    <entry id="0x7f040430" name="tabPaddingBottom" />
    <entry id="0x7f040431" name="tabPaddingEnd" />
    <entry id="0x7f040432" name="tabPaddingStart" />
    <entry id="0x7f040433" name="tabPaddingTop" />
    <entry id="0x7f040434" name="tabRippleColor" />
    <entry id="0x7f040435" name="tabSecondaryStyle" />
    <entry id="0x7f040436" name="tabSelectedTextAppearance" />
    <entry id="0x7f040437" name="tabSelectedTextColor" />
    <entry id="0x7f040438" name="tabStyle" />
    <entry id="0x7f040439" name="tabTextAppearance" />
    <entry id="0x7f04043a" name="tabTextColor" />
    <entry id="0x7f04043b" name="tabUnboundedRipple" />
    <entry id="0x7f04043c" name="targetId" />
    <entry id="0x7f04043d" name="telltales_tailColor" />
    <entry id="0x7f04043e" name="telltales_tailScale" />
    <entry id="0x7f04043f" name="telltales_velocityMode" />
    <entry id="0x7f040440" name="textAllCaps" />
    <entry id="0x7f040441" name="textAppearanceBody1" />
    <entry id="0x7f040442" name="textAppearanceBody2" />
    <entry id="0x7f040443" name="textAppearanceBodyLarge" />
    <entry id="0x7f040444" name="textAppearanceBodyMedium" />
    <entry id="0x7f040445" name="textAppearanceBodySmall" />
    <entry id="0x7f040446" name="textAppearanceButton" />
    <entry id="0x7f040447" name="textAppearanceCaption" />
    <entry id="0x7f040448" name="textAppearanceDisplayLarge" />
    <entry id="0x7f040449" name="textAppearanceDisplayMedium" />
    <entry id="0x7f04044a" name="textAppearanceDisplaySmall" />
    <entry id="0x7f04044b" name="textAppearanceHeadline1" />
    <entry id="0x7f04044c" name="textAppearanceHeadline2" />
    <entry id="0x7f04044d" name="textAppearanceHeadline3" />
    <entry id="0x7f04044e" name="textAppearanceHeadline4" />
    <entry id="0x7f04044f" name="textAppearanceHeadline5" />
    <entry id="0x7f040450" name="textAppearanceHeadline6" />
    <entry id="0x7f040451" name="textAppearanceHeadlineLarge" />
    <entry id="0x7f040452" name="textAppearanceHeadlineMedium" />
    <entry id="0x7f040453" name="textAppearanceHeadlineSmall" />
    <entry id="0x7f040454" name="textAppearanceLabelLarge" />
    <entry id="0x7f040455" name="textAppearanceLabelMedium" />
    <entry id="0x7f040456" name="textAppearanceLabelSmall" />
    <entry id="0x7f040457" name="textAppearanceLargePopupMenu" />
    <entry id="0x7f040458" name="textAppearanceLineHeightEnabled" />
    <entry id="0x7f040459" name="textAppearanceListItem" />
    <entry id="0x7f04045a" name="textAppearanceListItemSecondary" />
    <entry id="0x7f04045b" name="textAppearanceListItemSmall" />
    <entry id="0x7f04045c" name="textAppearanceOverline" />
    <entry id="0x7f04045d" name="textAppearancePopupMenuHeader" />
    <entry id="0x7f04045e" name="textAppearanceSearchResultSubtitle" />
    <entry id="0x7f04045f" name="textAppearanceSearchResultTitle" />
    <entry id="0x7f040460" name="textAppearanceSmallPopupMenu" />
    <entry id="0x7f040461" name="textAppearanceSubtitle1" />
    <entry id="0x7f040462" name="textAppearanceSubtitle2" />
    <entry id="0x7f040463" name="textAppearanceTitleLarge" />
    <entry id="0x7f040464" name="textAppearanceTitleMedium" />
    <entry id="0x7f040465" name="textAppearanceTitleSmall" />
    <entry id="0x7f040466" name="textColorAlertDialogListItem" />
    <entry id="0x7f040467" name="textColorSearchUrl" />
    <entry id="0x7f040468" name="textEndPadding" />
    <entry id="0x7f040469" name="textInputFilledDenseStyle" />
    <entry id="0x7f04046a" name="textInputFilledExposedDropdownMenuStyle" />
    <entry id="0x7f04046b" name="textInputFilledStyle" />
    <entry id="0x7f04046c" name="textInputLayoutFocusedRectEnabled" />
    <entry id="0x7f04046d" name="textInputOutlinedDenseStyle" />
    <entry id="0x7f04046e" name="textInputOutlinedExposedDropdownMenuStyle" />
    <entry id="0x7f04046f" name="textInputOutlinedStyle" />
    <entry id="0x7f040470" name="textInputStyle" />
    <entry id="0x7f040471" name="textLocale" />
    <entry id="0x7f040472" name="textStartPadding" />
    <entry id="0x7f040473" name="theme" />
    <entry id="0x7f040474" name="thickness" />
    <entry id="0x7f040475" name="thumbColor" />
    <entry id="0x7f040476" name="thumbElevation" />
    <entry id="0x7f040477" name="thumbIcon" />
    <entry id="0x7f040478" name="thumbIconTint" />
    <entry id="0x7f040479" name="thumbIconTintMode" />
    <entry id="0x7f04047a" name="thumbRadius" />
    <entry id="0x7f04047b" name="thumbStrokeColor" />
    <entry id="0x7f04047c" name="thumbStrokeWidth" />
    <entry id="0x7f04047d" name="thumbTextPadding" />
    <entry id="0x7f04047e" name="thumbTint" />
    <entry id="0x7f04047f" name="thumbTintMode" />
    <entry id="0x7f040480" name="tickColor" />
    <entry id="0x7f040481" name="tickColorActive" />
    <entry id="0x7f040482" name="tickColorInactive" />
    <entry id="0x7f040483" name="tickMark" />
    <entry id="0x7f040484" name="tickMarkTint" />
    <entry id="0x7f040485" name="tickMarkTintMode" />
    <entry id="0x7f040486" name="tickRadiusActive" />
    <entry id="0x7f040487" name="tickRadiusInactive" />
    <entry id="0x7f040488" name="tickVisible" />
    <entry id="0x7f040489" name="time_bar_min_update_interval" />
    <entry id="0x7f04048a" name="tint" />
    <entry id="0x7f04048b" name="tintMode" />
    <entry id="0x7f04048c" name="tintNavigationIcon" />
    <entry id="0x7f04048d" name="title" />
    <entry id="0x7f04048e" name="titleCentered" />
    <entry id="0x7f04048f" name="titleCollapseMode" />
    <entry id="0x7f040490" name="titleEnabled" />
    <entry id="0x7f040491" name="titleMargin" />
    <entry id="0x7f040492" name="titleMarginBottom" />
    <entry id="0x7f040493" name="titleMarginEnd" />
    <entry id="0x7f040494" name="titleMarginStart" />
    <entry id="0x7f040495" name="titleMarginTop" />
    <entry id="0x7f040496" name="titleMargins" />
    <entry id="0x7f040497" name="titlePositionInterpolator" />
    <entry id="0x7f040498" name="titleTextAppearance" />
    <entry id="0x7f040499" name="titleTextColor" />
    <entry id="0x7f04049a" name="titleTextEllipsize" />
    <entry id="0x7f04049b" name="titleTextStyle" />
    <entry id="0x7f04049c" name="toggleCheckedStateOnClick" />
    <entry id="0x7f04049d" name="toolbarId" />
    <entry id="0x7f04049e" name="toolbarNavigationButtonStyle" />
    <entry id="0x7f04049f" name="toolbarStyle" />
    <entry id="0x7f0404a0" name="toolbarSurfaceStyle" />
    <entry id="0x7f0404a1" name="tooltipForegroundColor" />
    <entry id="0x7f0404a2" name="tooltipFrameBackground" />
    <entry id="0x7f0404a3" name="tooltipStyle" />
    <entry id="0x7f0404a4" name="tooltipText" />
    <entry id="0x7f0404a5" name="topInsetScrimEnabled" />
    <entry id="0x7f0404a6" name="touchAnchorId" />
    <entry id="0x7f0404a7" name="touchAnchorSide" />
    <entry id="0x7f0404a8" name="touchRegionId" />
    <entry id="0x7f0404a9" name="touch_target_height" />
    <entry id="0x7f0404aa" name="track" />
    <entry id="0x7f0404ab" name="trackColor" />
    <entry id="0x7f0404ac" name="trackColorActive" />
    <entry id="0x7f0404ad" name="trackColorInactive" />
    <entry id="0x7f0404ae" name="trackCornerRadius" />
    <entry id="0x7f0404af" name="trackDecoration" />
    <entry id="0x7f0404b0" name="trackDecorationTint" />
    <entry id="0x7f0404b1" name="trackDecorationTintMode" />
    <entry id="0x7f0404b2" name="trackHeight" />
    <entry id="0x7f0404b3" name="trackThickness" />
    <entry id="0x7f0404b4" name="trackTint" />
    <entry id="0x7f0404b5" name="trackTintMode" />
    <entry id="0x7f0404b6" name="transitionDisable" />
    <entry id="0x7f0404b7" name="transitionEasing" />
    <entry id="0x7f0404b8" name="transitionFlags" />
    <entry id="0x7f0404b9" name="transitionPathRotate" />
    <entry id="0x7f0404ba" name="transitionShapeAppearance" />
    <entry id="0x7f0404bb" name="triggerId" />
    <entry id="0x7f0404bc" name="triggerReceiver" />
    <entry id="0x7f0404bd" name="triggerSlack" />
    <entry id="0x7f0404be" name="ttcIndex" />
    <entry id="0x7f0404bf" name="unplayed_color" />
    <entry id="0x7f0404c0" name="useCompatPadding" />
    <entry id="0x7f0404c1" name="useDrawerArrowDrawable" />
    <entry id="0x7f0404c2" name="useMaterialThemeColors" />
    <entry id="0x7f0404c3" name="use_artwork" />
    <entry id="0x7f0404c4" name="use_controller" />
    <entry id="0x7f0404c5" name="values" />
    <entry id="0x7f0404c6" name="verticalOffset" />
    <entry id="0x7f0404c7" name="verticalOffsetWithText" />
    <entry id="0x7f0404c8" name="viewInflaterClass" />
    <entry id="0x7f0404c9" name="visibilityMode" />
    <entry id="0x7f0404ca" name="voiceIcon" />
    <entry id="0x7f0404cb" name="warmth" />
    <entry id="0x7f0404cc" name="waveDecay" />
    <entry id="0x7f0404cd" name="waveOffset" />
    <entry id="0x7f0404ce" name="wavePeriod" />
    <entry id="0x7f0404cf" name="waveShape" />
    <entry id="0x7f0404d0" name="waveVariesBy" />
    <entry id="0x7f0404d1" name="windowActionBar" />
    <entry id="0x7f0404d2" name="windowActionBarOverlay" />
    <entry id="0x7f0404d3" name="windowActionModeOverlay" />
    <entry id="0x7f0404d4" name="windowFixedHeightMajor" />
    <entry id="0x7f0404d5" name="windowFixedHeightMinor" />
    <entry id="0x7f0404d6" name="windowFixedWidthMajor" />
    <entry id="0x7f0404d7" name="windowFixedWidthMinor" />
    <entry id="0x7f0404d8" name="windowMinWidthMajor" />
    <entry id="0x7f0404d9" name="windowMinWidthMinor" />
    <entry id="0x7f0404da" name="windowNoTitle" />
    <entry id="0x7f0404db" name="yearSelectedStyle" />
    <entry id="0x7f0404dc" name="yearStyle" />
    <entry id="0x7f0404dd" name="yearTodayStyle" />
</type>