<?xml version='1.0' encoding='utf-8' ?>
<resources>
    <style name="Base.TextAppearance.AppCompat.Widget.Button.Borderless.Colored" parent="@android:style/TextAppearance.Material.Widget.Button.Borderless.Colored" />
    <style name="Base.TextAppearance.AppCompat.Widget.Button.Colored" parent="@android:style/TextAppearance.Material.Widget.Button.Colored" />
    <style name="Base.V14.Theme.MaterialComponents" parent="@style/Base.V14.Theme.MaterialComponents.Bridge">
        <item name="android:colorBackground">@color/design_dark_default_color_background</item>
        <item name="android:buttonBarButtonStyle">?attr/buttonBarButtonStyle</item>
        <item name="android:timePickerDialogTheme">@style/ThemeOverlay.MaterialComponents.Dialog</item>
        <item name="android:datePickerDialogTheme">@style/ThemeOverlay.MaterialComponents.Dialog</item>
        <item name="android:contextPopupMenuStyle">@style/Widget.MaterialComponents.PopupMenu.ContextMenu</item>
        <item name="actionBarPopupTheme">@style/ThemeOverlay.MaterialComponents.Dark</item>
        <reference id="0x7f040003">@dimen/mtrl_toolbar_default_height</reference>
        <item name="actionBarStyle">@style/Widget.MaterialComponents.ActionBar.Surface</item>
        <item name="actionBarTheme">@style/ThemeOverlay.MaterialComponents.ActionBar.Surface</item>
        <item name="actionModeStyle">@style/Widget.MaterialComponents.ActionMode</item>
        <item name="actionOverflowMenuStyle">@style/Widget.MaterialComponents.PopupMenu.Overflow</item>
        <item name="alertDialogTheme">@style/ThemeOverlay.MaterialComponents.Dialog.Alert</item>
        <item name="appBarLayoutStyle">@style/Widget.MaterialComponents.AppBarLayout.Surface</item>
        <item name="borderlessButtonStyle">@style/Widget.MaterialComponents.Button.TextButton</item>
        <item name="bottomNavigationStyle">@style/Widget.MaterialComponents.BottomNavigationView</item>
        <item name="bottomSheetDialogTheme">@style/ThemeOverlay.MaterialComponents.BottomSheetDialog</item>
        <item name="buttonBarButtonStyle">@style/Widget.MaterialComponents.Button.TextButton</item>
        <item name="checkboxStyle">@style/Widget.MaterialComponents.CompoundButton.CheckBox</item>
        <item name="colorAccent">?attr/colorSecondary</item>
        <item name="colorError">@color/design_dark_default_color_error</item>
        <item name="colorPrimary">@color/design_dark_default_color_primary</item>
        <item name="colorPrimaryDark">@color/design_dark_default_color_primary_dark</item>
        <item name="floatingActionButtonStyle">@style/Widget.MaterialComponents.FloatingActionButton</item>
        <item name="listPopupWindowStyle">@style/Widget.MaterialComponents.PopupMenu.ListPopupWindow</item>
        <item name="materialAlertDialogTheme">@style/ThemeOverlay.MaterialComponents.MaterialAlertDialog</item>
        <item name="materialCalendarFullscreenTheme">@style/ThemeOverlay.MaterialComponents.MaterialCalendar.Fullscreen</item>
        <item name="materialCalendarStyle">@style/Widget.MaterialComponents.MaterialCalendar</item>
        <item name="materialCalendarTheme">@style/ThemeOverlay.MaterialComponents.MaterialCalendar</item>
        <item name="materialTimePickerTheme">@style/ThemeOverlay.MaterialComponents.TimePicker</item>
        <item name="navigationViewStyle">@style/Widget.MaterialComponents.NavigationView</item>
        <item name="popupMenuStyle">@style/Widget.MaterialComponents.PopupMenu</item>
        <item name="radioButtonStyle">@style/Widget.MaterialComponents.CompoundButton.RadioButton</item>
        <item name="snackbarButtonStyle">@style/Widget.MaterialComponents.Button.TextButton.Snackbar</item>
        <item name="snackbarStyle">@style/Widget.MaterialComponents.Snackbar</item>
        <item name="snackbarTextViewStyle">@style/Widget.MaterialComponents.Snackbar.TextView</item>
        <item name="switchStyle">@style/Widget.MaterialComponents.CompoundButton.Switch</item>
        <item name="tabStyle">@style/Widget.MaterialComponents.TabLayout</item>
        <item name="textAppearanceLargePopupMenu">?attr/textAppearanceSubtitle1</item>
        <item name="textAppearanceSmallPopupMenu">?attr/textAppearanceSubtitle1</item>
        <item name="textInputFilledDenseStyle">@style/Widget.MaterialComponents.TextInputLayout.FilledBox.Dense</item>
        <item name="textInputFilledExposedDropdownMenuStyle">@style/Widget.MaterialComponents.TextInputLayout.FilledBox.ExposedDropdownMenu</item>
        <item name="textInputFilledStyle">@style/Widget.MaterialComponents.TextInputLayout.FilledBox</item>
        <item name="textInputOutlinedDenseStyle">@style/Widget.MaterialComponents.TextInputLayout.OutlinedBox.Dense</item>
        <item name="textInputOutlinedExposedDropdownMenuStyle">@style/Widget.MaterialComponents.TextInputLayout.OutlinedBox.ExposedDropdownMenu</item>
        <item name="textInputOutlinedStyle">@style/Widget.MaterialComponents.TextInputLayout.OutlinedBox</item>
        <item name="textInputStyle">@style/Widget.MaterialComponents.TextInputLayout.FilledBox</item>
        <item name="toolbarStyle">@style/Widget.MaterialComponents.Toolbar</item>
        <item name="viewInflaterClass">com.google.android.material.theme.MaterialComponentsViewInflater</item>
    </style>
    <style name="Base.V14.Theme.MaterialComponents.Dialog" parent="@style/Base.V14.Theme.MaterialComponents.Dialog.Bridge">
        <item name="android:colorBackground">@color/design_dark_default_color_background</item>
        <item name="android:contextPopupMenuStyle">@style/Widget.MaterialComponents.PopupMenu.ContextMenu</item>
        <item name="actionBarPopupTheme">@style/ThemeOverlay.MaterialComponents.Dark</item>
        <reference id="0x7f040003">@dimen/mtrl_toolbar_default_height</reference>
        <item name="actionBarStyle">@style/Widget.MaterialComponents.ActionBar.Surface</item>
        <item name="actionBarTheme">@style/ThemeOverlay.MaterialComponents.ActionBar.Surface</item>
        <item name="actionModeStyle">@style/Widget.MaterialComponents.ActionMode</item>
        <item name="actionOverflowMenuStyle">@style/Widget.MaterialComponents.PopupMenu.Overflow</item>
        <item name="alertDialogTheme">@style/ThemeOverlay.MaterialComponents.Dialog.Alert</item>
        <item name="appBarLayoutStyle">@style/Widget.MaterialComponents.AppBarLayout.Surface</item>
        <item name="borderlessButtonStyle">@style/Widget.MaterialComponents.Button.TextButton</item>
        <item name="bottomNavigationStyle">@style/Widget.MaterialComponents.BottomNavigationView</item>
        <item name="buttonBarButtonStyle">@style/Widget.MaterialComponents.Button.TextButton.Dialog.Flush</item>
        <item name="checkboxStyle">@style/Widget.MaterialComponents.CompoundButton.CheckBox</item>
        <item name="colorAccent">?attr/colorSecondary</item>
        <item name="colorError">@color/design_dark_default_color_error</item>
        <item name="colorPrimary">@color/design_dark_default_color_primary</item>
        <item name="colorPrimaryDark">@color/design_dark_default_color_primary_dark</item>
        <item name="colorSecondary">@color/design_dark_default_color_secondary</item>
        <item name="floatingActionButtonStyle">@style/Widget.MaterialComponents.FloatingActionButton</item>
        <item name="listPopupWindowStyle">@style/Widget.MaterialComponents.PopupMenu.ListPopupWindow</item>
        <item name="materialAlertDialogTheme">@style/ThemeOverlay.MaterialComponents.MaterialAlertDialog</item>
        <item name="navigationViewStyle">@style/Widget.MaterialComponents.NavigationView</item>
        <item name="popupMenuStyle">@style/Widget.MaterialComponents.PopupMenu</item>
        <item name="radioButtonStyle">@style/Widget.MaterialComponents.CompoundButton.RadioButton</item>
        <item name="snackbarButtonStyle">@style/Widget.MaterialComponents.Button.TextButton.Snackbar</item>
        <item name="snackbarStyle">@style/Widget.MaterialComponents.Snackbar</item>
        <item name="snackbarTextViewStyle">@style/Widget.MaterialComponents.Snackbar.TextView</item>
        <item name="switchStyle">@style/Widget.MaterialComponents.CompoundButton.Switch</item>
        <item name="tabStyle">@style/Widget.MaterialComponents.TabLayout</item>
        <item name="textAppearanceLargePopupMenu">?attr/textAppearanceSubtitle1</item>
        <item name="textAppearanceSmallPopupMenu">?attr/textAppearanceSubtitle1</item>
        <item name="textInputFilledDenseStyle">@style/Widget.MaterialComponents.TextInputLayout.FilledBox.Dense</item>
        <item name="textInputFilledExposedDropdownMenuStyle">@style/Widget.MaterialComponents.TextInputLayout.FilledBox.ExposedDropdownMenu</item>
        <item name="textInputFilledStyle">@style/Widget.MaterialComponents.TextInputLayout.FilledBox</item>
        <item name="textInputOutlinedDenseStyle">@style/Widget.MaterialComponents.TextInputLayout.OutlinedBox.Dense</item>
        <item name="textInputOutlinedExposedDropdownMenuStyle">@style/Widget.MaterialComponents.TextInputLayout.OutlinedBox.ExposedDropdownMenu</item>
        <item name="textInputOutlinedStyle">@style/Widget.MaterialComponents.TextInputLayout.OutlinedBox</item>
        <item name="textInputStyle">@style/Widget.MaterialComponents.TextInputLayout.FilledBox</item>
        <item name="toolbarStyle">@style/Widget.MaterialComponents.Toolbar</item>
        <item name="viewInflaterClass">com.google.android.material.theme.MaterialComponentsViewInflater</item>
    </style>
    <style name="Base.V14.Theme.MaterialComponents.Light" parent="@style/Base.V14.Theme.MaterialComponents.Light.Bridge">
        <item name="android:colorBackground">@color/design_default_color_background</item>
        <item name="android:buttonBarButtonStyle">?attr/buttonBarButtonStyle</item>
        <item name="android:timePickerDialogTheme">@style/ThemeOverlay.MaterialComponents.Dialog</item>
        <item name="android:datePickerDialogTheme">@style/ThemeOverlay.MaterialComponents.Dialog</item>
        <item name="android:contextPopupMenuStyle">@style/Widget.MaterialComponents.PopupMenu.ContextMenu</item>
        <item name="actionBarPopupTheme">@style/ThemeOverlay.MaterialComponents.Light</item>
        <reference id="0x7f040003">@dimen/mtrl_toolbar_default_height</reference>
        <item name="actionBarStyle">@style/Widget.MaterialComponents.Light.ActionBar.Solid</item>
        <item name="actionModeStyle">@style/Widget.MaterialComponents.ActionMode</item>
        <item name="actionOverflowMenuStyle">@style/Widget.MaterialComponents.PopupMenu.Overflow</item>
        <item name="alertDialogTheme">@style/ThemeOverlay.MaterialComponents.Dialog.Alert</item>
        <item name="appBarLayoutStyle">@style/Widget.MaterialComponents.AppBarLayout.Primary</item>
        <item name="borderlessButtonStyle">@style/Widget.MaterialComponents.Button.TextButton</item>
        <item name="bottomNavigationStyle">@style/Widget.MaterialComponents.BottomNavigationView</item>
        <item name="bottomSheetDialogTheme">@style/ThemeOverlay.MaterialComponents.BottomSheetDialog</item>
        <item name="buttonBarButtonStyle">@style/Widget.MaterialComponents.Button.TextButton</item>
        <item name="checkboxStyle">@style/Widget.MaterialComponents.CompoundButton.CheckBox</item>
        <item name="colorAccent">?attr/colorSecondary</item>
        <item name="colorError">@color/design_default_color_error</item>
        <item name="colorPrimary">@color/design_default_color_primary</item>
        <item name="colorPrimaryDark">@color/design_default_color_primary_dark</item>
        <item name="floatingActionButtonStyle">@style/Widget.MaterialComponents.FloatingActionButton</item>
        <item name="listPopupWindowStyle">@style/Widget.MaterialComponents.PopupMenu.ListPopupWindow</item>
        <item name="materialAlertDialogTheme">@style/ThemeOverlay.MaterialComponents.MaterialAlertDialog</item>
        <item name="materialCalendarFullscreenTheme">@style/ThemeOverlay.MaterialComponents.MaterialCalendar.Fullscreen</item>
        <item name="materialCalendarStyle">@style/Widget.MaterialComponents.MaterialCalendar</item>
        <item name="materialCalendarTheme">@style/ThemeOverlay.MaterialComponents.MaterialCalendar</item>
        <item name="materialTimePickerTheme">@style/ThemeOverlay.MaterialComponents.TimePicker</item>
        <item name="navigationViewStyle">@style/Widget.MaterialComponents.NavigationView</item>
        <item name="popupMenuStyle">@style/Widget.MaterialComponents.PopupMenu</item>
        <item name="radioButtonStyle">@style/Widget.MaterialComponents.CompoundButton.RadioButton</item>
        <item name="snackbarButtonStyle">@style/Widget.MaterialComponents.Button.TextButton.Snackbar</item>
        <item name="snackbarStyle">@style/Widget.MaterialComponents.Snackbar</item>
        <item name="snackbarTextViewStyle">@style/Widget.MaterialComponents.Snackbar.TextView</item>
        <item name="switchStyle">@style/Widget.MaterialComponents.CompoundButton.Switch</item>
        <item name="tabStyle">@style/Widget.MaterialComponents.TabLayout</item>
        <item name="textAppearanceLargePopupMenu">?attr/textAppearanceSubtitle1</item>
        <item name="textAppearanceSmallPopupMenu">?attr/textAppearanceSubtitle1</item>
        <item name="textInputFilledDenseStyle">@style/Widget.MaterialComponents.TextInputLayout.FilledBox.Dense</item>
        <item name="textInputFilledExposedDropdownMenuStyle">@style/Widget.MaterialComponents.TextInputLayout.FilledBox.ExposedDropdownMenu</item>
        <item name="textInputFilledStyle">@style/Widget.MaterialComponents.TextInputLayout.FilledBox</item>
        <item name="textInputOutlinedDenseStyle">@style/Widget.MaterialComponents.TextInputLayout.OutlinedBox.Dense</item>
        <item name="textInputOutlinedExposedDropdownMenuStyle">@style/Widget.MaterialComponents.TextInputLayout.OutlinedBox.ExposedDropdownMenu</item>
        <item name="textInputOutlinedStyle">@style/Widget.MaterialComponents.TextInputLayout.OutlinedBox</item>
        <item name="textInputStyle">@style/Widget.MaterialComponents.TextInputLayout.FilledBox</item>
        <item name="toolbarStyle">@style/Widget.MaterialComponents.Toolbar</item>
        <item name="viewInflaterClass">com.google.android.material.theme.MaterialComponentsViewInflater</item>
    </style>
    <style name="Base.V14.Theme.MaterialComponents.Light.Dialog" parent="@style/Base.V14.Theme.MaterialComponents.Light.Dialog.Bridge">
        <item name="android:colorBackground">@color/design_default_color_background</item>
        <item name="android:contextPopupMenuStyle">@style/Widget.MaterialComponents.PopupMenu.ContextMenu</item>
        <item name="actionBarPopupTheme">@style/ThemeOverlay.MaterialComponents.Light</item>
        <reference id="0x7f040003">@dimen/mtrl_toolbar_default_height</reference>
        <item name="actionBarStyle">@style/Widget.MaterialComponents.Light.ActionBar.Solid</item>
        <item name="actionModeStyle">@style/Widget.MaterialComponents.ActionMode</item>
        <item name="actionOverflowMenuStyle">@style/Widget.MaterialComponents.PopupMenu.Overflow</item>
        <item name="alertDialogTheme">@style/ThemeOverlay.MaterialComponents.Dialog.Alert</item>
        <item name="appBarLayoutStyle">@style/Widget.MaterialComponents.AppBarLayout.Primary</item>
        <item name="borderlessButtonStyle">@style/Widget.MaterialComponents.Button.TextButton</item>
        <item name="bottomNavigationStyle">@style/Widget.MaterialComponents.BottomNavigationView</item>
        <item name="buttonBarButtonStyle">@style/Widget.MaterialComponents.Button.TextButton.Dialog.Flush</item>
        <item name="checkboxStyle">@style/Widget.MaterialComponents.CompoundButton.CheckBox</item>
        <item name="colorAccent">?attr/colorSecondary</item>
        <item name="colorError">@color/design_default_color_error</item>
        <item name="colorPrimary">@color/design_default_color_primary</item>
        <item name="colorPrimaryDark">@color/design_default_color_primary_dark</item>
        <item name="colorSecondary">@color/design_default_color_secondary</item>
        <item name="floatingActionButtonStyle">@style/Widget.MaterialComponents.FloatingActionButton</item>
        <item name="listPopupWindowStyle">@style/Widget.MaterialComponents.PopupMenu.ListPopupWindow</item>
        <item name="materialAlertDialogTheme">@style/ThemeOverlay.MaterialComponents.MaterialAlertDialog</item>
        <item name="navigationViewStyle">@style/Widget.MaterialComponents.NavigationView</item>
        <item name="popupMenuStyle">@style/Widget.MaterialComponents.PopupMenu</item>
        <item name="radioButtonStyle">@style/Widget.MaterialComponents.CompoundButton.RadioButton</item>
        <item name="snackbarButtonStyle">@style/Widget.MaterialComponents.Button.TextButton.Snackbar</item>
        <item name="snackbarStyle">@style/Widget.MaterialComponents.Snackbar</item>
        <item name="snackbarTextViewStyle">@style/Widget.MaterialComponents.Snackbar.TextView</item>
        <item name="switchStyle">@style/Widget.MaterialComponents.CompoundButton.Switch</item>
        <item name="tabStyle">@style/Widget.MaterialComponents.TabLayout</item>
        <item name="textAppearanceLargePopupMenu">?attr/textAppearanceSubtitle1</item>
        <item name="textAppearanceSmallPopupMenu">?attr/textAppearanceSubtitle1</item>
        <item name="textInputFilledDenseStyle">@style/Widget.MaterialComponents.TextInputLayout.FilledBox.Dense</item>
        <item name="textInputFilledExposedDropdownMenuStyle">@style/Widget.MaterialComponents.TextInputLayout.FilledBox.ExposedDropdownMenu</item>
        <item name="textInputFilledStyle">@style/Widget.MaterialComponents.TextInputLayout.FilledBox</item>
        <item name="textInputOutlinedDenseStyle">@style/Widget.MaterialComponents.TextInputLayout.OutlinedBox.Dense</item>
        <item name="textInputOutlinedExposedDropdownMenuStyle">@style/Widget.MaterialComponents.TextInputLayout.OutlinedBox.ExposedDropdownMenu</item>
        <item name="textInputOutlinedStyle">@style/Widget.MaterialComponents.TextInputLayout.OutlinedBox</item>
        <item name="textInputStyle">@style/Widget.MaterialComponents.TextInputLayout.FilledBox</item>
        <item name="toolbarStyle">@style/Widget.MaterialComponents.Toolbar</item>
        <item name="viewInflaterClass">com.google.android.material.theme.MaterialComponentsViewInflater</item>
    </style>
    <style name="TextAppearance.Compat.Notification.Info.Media" parent="@style/TextAppearance.Compat.Notification.Info" />
    <style name="TextAppearance.Compat.Notification.Media" parent="@style/TextAppearance.Compat.Notification" />
    <style name="TextAppearance.Compat.Notification.Time.Media" parent="@style/TextAppearance.Compat.Notification.Time" />
    <style name="TextAppearance.Compat.Notification.Title.Media" parent="@style/TextAppearance.Compat.Notification.Title" />
</resources>