<?xml version='1.0' encoding='utf-8' ?>
<resources>
    <style name="Base.TextAppearance.AppCompat.Widget.ActionBar.Menu" parent="@android:style/TextAppearance.Material.Widget.ActionBar.Menu" />
    <style name="Base.TextAppearance.AppCompat.Widget.Button.Inverse" parent="@android:style/TextAppearance.Material.Widget.Button.Inverse" />
    <style name="Base.Theme.AppCompat" parent="@style/Base.V23.Theme.AppCompat" />
    <style name="Base.Theme.AppCompat.Light" parent="@style/Base.V23.Theme.AppCompat.Light" />
    <style name="Base.V23.Theme.AppCompat" parent="@style/Base.V22.Theme.AppCompat">
        <item name="actionBarItemBackground">?android:attr/actionBarItemBackground</item>
        <item name="actionMenuTextAppearance">?android:attr/actionMenuTextAppearance</item>
        <item name="actionMenuTextColor">?android:attr/actionMenuTextColor</item>
        <item name="actionOverflowButtonStyle">?android:attr/actionOverflowButtonStyle</item>
        <item name="controlBackground">@drawable/abc_control_background_material</item>
        <item name="ratingBarStyleIndicator">?android:attr/ratingBarStyleIndicator</item>
        <item name="ratingBarStyleSmall">?android:attr/ratingBarStyleSmall</item>
    </style>
    <style name="Base.V23.Theme.AppCompat.Light" parent="@style/Base.V22.Theme.AppCompat.Light">
        <item name="actionBarItemBackground">?android:attr/actionBarItemBackground</item>
        <item name="actionMenuTextAppearance">?android:attr/actionMenuTextAppearance</item>
        <item name="actionMenuTextColor">?android:attr/actionMenuTextColor</item>
        <item name="actionOverflowButtonStyle">?android:attr/actionOverflowButtonStyle</item>
        <item name="controlBackground">@drawable/abc_control_background_material</item>
        <item name="ratingBarStyleIndicator">?android:attr/ratingBarStyleIndicator</item>
        <item name="ratingBarStyleSmall">?android:attr/ratingBarStyleSmall</item>
    </style>
    <style name="Base.Widget.AppCompat.ActionButton.Overflow" parent="@android:style/Widget.Material.ActionButton.Overflow" />
    <style name="Base.Widget.AppCompat.Button.Borderless.Colored" parent="@android:style/Widget.Material.Button.Borderless.Colored" />
    <style name="Base.Widget.AppCompat.EditText" parent="@android:style/Widget.Material.EditText">
        <item name="android:breakStrategy">simple</item>
        <item name="android:hyphenationFrequency">none</item>
    </style>
    <style name="Base.Widget.AppCompat.RatingBar.Indicator" parent="@android:style/Widget.Material.RatingBar.Indicator" />
    <style name="Base.Widget.AppCompat.RatingBar.Small" parent="@android:style/Widget.Material.RatingBar.Small" />
    <style name="Base.Widget.AppCompat.TextView" parent="@android:style/Widget.Material.TextView">
        <item name="android:breakStrategy">high_quality</item>
        <item name="android:hyphenationFrequency">none</item>
    </style>
    <style name="CardView" parent="@style/Base.CardView">
        <item name="cardBackgroundColor">?android:attr/colorBackgroundFloating</item>
    </style>
    <style name="Widget.MaterialComponents.PopupMenu.ContextMenu" parent="@style/Base.Widget.MaterialComponents.PopupMenu.ContextMenu">
        <item name="android:popupBackground">?attr/popupMenuBackground</item>
        <item name="android:popupElevation">8.0dp</item>
    </style>
    <style name="Widget.MaterialComponents.PopupMenu.ListPopupWindow" parent="@style/Base.Widget.MaterialComponents.PopupMenu.ListPopupWindow">
        <item name="android:popupBackground">?attr/popupMenuBackground</item>
        <item name="android:popupElevation">8.0dp</item>
    </style>
</resources>