<?xml version='1.0' encoding='utf-8' ?>
<resources>
    <style name="Theme.AppCompat.DayNight" parent="@style/Theme.AppCompat" />
    <style name="Theme.AppCompat.DayNight.DarkActionBar" parent="@style/Theme.AppCompat" />
    <style name="Theme.AppCompat.DayNight.Dialog" parent="@style/Theme.AppCompat.Dialog" />
    <style name="Theme.AppCompat.DayNight.Dialog.Alert" parent="@style/Theme.AppCompat.Dialog.Alert" />
    <style name="Theme.AppCompat.DayNight.Dialog.MinWidth" parent="@style/Theme.AppCompat.Dialog.MinWidth" />
    <style name="Theme.AppCompat.DayNight.DialogWhenLarge" parent="@style/Theme.AppCompat.DialogWhenLarge" />
    <style name="Theme.AppCompat.DayNight.NoActionBar" parent="@style/Theme.AppCompat.NoActionBar" />
    <style name="Theme.MaterialComponents.DayNight" parent="@style/Theme.MaterialComponents" />
    <style name="Theme.MaterialComponents.DayNight.BottomSheetDialog" parent="@style/Theme.MaterialComponents.BottomSheetDialog" />
    <style name="Theme.MaterialComponents.DayNight.Bridge" parent="@style/Theme.MaterialComponents.Bridge" />
    <style name="Theme.MaterialComponents.DayNight.DarkActionBar" parent="@style/Theme.MaterialComponents" />
    <style name="Theme.MaterialComponents.DayNight.DarkActionBar.Bridge" parent="@style/Theme.MaterialComponents.Bridge" />
    <style name="Theme.MaterialComponents.DayNight.Dialog" parent="@style/Theme.MaterialComponents.Dialog" />
    <style name="Theme.MaterialComponents.DayNight.Dialog.Alert" parent="@style/Theme.MaterialComponents.Dialog.Alert" />
    <style name="Theme.MaterialComponents.DayNight.Dialog.Alert.Bridge" parent="@style/Theme.MaterialComponents.Dialog.Alert.Bridge" />
    <style name="Theme.MaterialComponents.DayNight.Dialog.Bridge" parent="@style/Theme.MaterialComponents.Dialog.Bridge" />
    <style name="Theme.MaterialComponents.DayNight.Dialog.FixedSize" parent="@style/Theme.MaterialComponents.Dialog.FixedSize" />
    <style name="Theme.MaterialComponents.DayNight.Dialog.FixedSize.Bridge" parent="@style/Theme.MaterialComponents.Dialog.FixedSize.Bridge" />
    <style name="Theme.MaterialComponents.DayNight.Dialog.MinWidth" parent="@style/Theme.MaterialComponents.Dialog.MinWidth" />
    <style name="Theme.MaterialComponents.DayNight.Dialog.MinWidth.Bridge" parent="@style/Theme.MaterialComponents.Dialog.MinWidth.Bridge" />
    <style name="Theme.MaterialComponents.DayNight.DialogWhenLarge" parent="@style/Theme.MaterialComponents.DialogWhenLarge" />
    <style name="Theme.MaterialComponents.DayNight.NoActionBar" parent="@style/Theme.MaterialComponents.NoActionBar" />
    <style name="Theme.MaterialComponents.DayNight.NoActionBar.Bridge" parent="@style/Theme.MaterialComponents.NoActionBar.Bridge" />
</resources>