<?xml version='1.0' encoding='utf-8' ?>
<type id="0x13">
    <entry id="0x7f130000" name="AlertDialog.AppCompat" />
    <entry id="0x7f130001" name="AlertDialog.AppCompat.Light" />
    <entry id="0x7f130002" name="Animation.AppCompat.Dialog" />
    <entry id="0x7f130003" name="Animation.AppCompat.DropDownUp" />
    <entry id="0x7f130004" name="Animation.AppCompat.Tooltip" />
    <entry id="0x7f130005" name="Animation.Design.BottomSheetDialog" />
    <entry id="0x7f130006" name="Animation.Material3.BottomSheetDialog" />
    <entry id="0x7f130007" name="Animation.Material3.SideSheetDialog" />
    <entry id="0x7f130008" name="Animation.MaterialComponents.BottomSheetDialog" />
    <entry id="0x7f130009" name="AppLovinExoMediaButton" />
    <entry id="0x7f13000a" name="AppLovinExoMediaButton.FastForward" />
    <entry id="0x7f13000b" name="AppLovinExoMediaButton.Next" />
    <entry id="0x7f13000c" name="AppLovinExoMediaButton.Pause" />
    <entry id="0x7f13000d" name="AppLovinExoMediaButton.Play" />
    <entry id="0x7f13000e" name="AppLovinExoMediaButton.Previous" />
    <entry id="0x7f13000f" name="AppLovinExoMediaButton.Rewind" />
    <entry id="0x7f130010" name="AppLovinExoMediaButton.VR" />
    <entry id="0x7f130011" name="AppLovinExoStyledControls" />
    <entry id="0x7f130012" name="AppLovinExoStyledControls.Button" />
    <entry id="0x7f130013" name="AppLovinExoStyledControls.Button.Bottom" />
    <entry id="0x7f130014" name="AppLovinExoStyledControls.Button.Bottom.AudioTrack" />
    <entry id="0x7f130015" name="AppLovinExoStyledControls.Button.Bottom.CC" />
    <entry id="0x7f130016" name="AppLovinExoStyledControls.Button.Bottom.FullScreen" />
    <entry id="0x7f130017" name="AppLovinExoStyledControls.Button.Bottom.OverflowHide" />
    <entry id="0x7f130018" name="AppLovinExoStyledControls.Button.Bottom.OverflowShow" />
    <entry id="0x7f130019" name="AppLovinExoStyledControls.Button.Bottom.PlaybackSpeed" />
    <entry id="0x7f13001a" name="AppLovinExoStyledControls.Button.Bottom.RepeatToggle" />
    <entry id="0x7f13001b" name="AppLovinExoStyledControls.Button.Bottom.Settings" />
    <entry id="0x7f13001c" name="AppLovinExoStyledControls.Button.Bottom.Shuffle" />
    <entry id="0x7f13001d" name="AppLovinExoStyledControls.Button.Bottom.VR" />
    <entry id="0x7f13001e" name="AppLovinExoStyledControls.Button.Center" />
    <entry id="0x7f13001f" name="AppLovinExoStyledControls.Button.Center.FfwdWithAmount" />
    <entry id="0x7f130020" name="AppLovinExoStyledControls.Button.Center.Next" />
    <entry id="0x7f130021" name="AppLovinExoStyledControls.Button.Center.PlayPause" />
    <entry id="0x7f130022" name="AppLovinExoStyledControls.Button.Center.Previous" />
    <entry id="0x7f130023" name="AppLovinExoStyledControls.Button.Center.RewWithAmount" />
    <entry id="0x7f130024" name="AppLovinExoStyledControls.ButtonText" />
    <entry id="0x7f130025" name="AppLovinExoStyledControls.TimeBar" />
    <entry id="0x7f130026" name="AppLovinExoStyledControls.TimeText" />
    <entry id="0x7f130027" name="AppLovinExoStyledControls.TimeText.Duration" />
    <entry id="0x7f130028" name="AppLovinExoStyledControls.TimeText.Position" />
    <entry id="0x7f130029" name="AppLovinExoStyledControls.TimeText.Separator" />
    <entry id="0x7f13002a" name="Base.AlertDialog.AppCompat" />
    <entry id="0x7f13002b" name="Base.AlertDialog.AppCompat.Light" />
    <entry id="0x7f13002c" name="Base.Animation.AppCompat.Dialog" />
    <entry id="0x7f13002d" name="Base.Animation.AppCompat.DropDownUp" />
    <entry id="0x7f13002e" name="Base.Animation.AppCompat.Tooltip" />
    <entry id="0x7f13002f" name="Base.CardView" />
    <entry id="0x7f130030" name="Base.DialogWindowTitle.AppCompat" />
    <entry id="0x7f130031" name="Base.DialogWindowTitleBackground.AppCompat" />
    <entry id="0x7f130032" name="Base.MaterialAlertDialog.MaterialComponents.Title.Icon" />
    <entry id="0x7f130033" name="Base.MaterialAlertDialog.MaterialComponents.Title.Panel" />
    <entry id="0x7f130034" name="Base.MaterialAlertDialog.MaterialComponents.Title.Text" />
    <entry id="0x7f130035" name="Base.TextAppearance.AppCompat" />
    <entry id="0x7f130036" name="Base.TextAppearance.AppCompat.Body1" />
    <entry id="0x7f130037" name="Base.TextAppearance.AppCompat.Body2" />
    <entry id="0x7f130038" name="Base.TextAppearance.AppCompat.Button" />
    <entry id="0x7f130039" name="Base.TextAppearance.AppCompat.Caption" />
    <entry id="0x7f13003a" name="Base.TextAppearance.AppCompat.Display1" />
    <entry id="0x7f13003b" name="Base.TextAppearance.AppCompat.Display2" />
    <entry id="0x7f13003c" name="Base.TextAppearance.AppCompat.Display3" />
    <entry id="0x7f13003d" name="Base.TextAppearance.AppCompat.Display4" />
    <entry id="0x7f13003e" name="Base.TextAppearance.AppCompat.Headline" />
    <entry id="0x7f13003f" name="Base.TextAppearance.AppCompat.Inverse" />
    <entry id="0x7f130040" name="Base.TextAppearance.AppCompat.Large" />
    <entry id="0x7f130041" name="Base.TextAppearance.AppCompat.Large.Inverse" />
    <entry id="0x7f130044" name="Base.TextAppearance.AppCompat.Medium" />
    <entry id="0x7f130045" name="Base.TextAppearance.AppCompat.Medium.Inverse" />
    <entry id="0x7f130046" name="Base.TextAppearance.AppCompat.Menu" />
    <entry id="0x7f130048" name="Base.TextAppearance.AppCompat.SearchResult.Subtitle" />
    <entry id="0x7f130049" name="Base.TextAppearance.AppCompat.SearchResult.Title" />
    <entry id="0x7f13004a" name="Base.TextAppearance.AppCompat.Small" />
    <entry id="0x7f13004b" name="Base.TextAppearance.AppCompat.Small.Inverse" />
    <entry id="0x7f13004c" name="Base.TextAppearance.AppCompat.Subhead" />
    <entry id="0x7f13004d" name="Base.TextAppearance.AppCompat.Subhead.Inverse" />
    <entry id="0x7f13004e" name="Base.TextAppearance.AppCompat.Title" />
    <entry id="0x7f13004f" name="Base.TextAppearance.AppCompat.Title.Inverse" />
    <entry id="0x7f130051" name="Base.TextAppearance.AppCompat.Widget.ActionBar.Menu" />
    <entry id="0x7f130052" name="Base.TextAppearance.AppCompat.Widget.ActionBar.Subtitle" />
    <entry id="0x7f130053" name="Base.TextAppearance.AppCompat.Widget.ActionBar.Subtitle.Inverse" />
    <entry id="0x7f130054" name="Base.TextAppearance.AppCompat.Widget.ActionBar.Title" />
    <entry id="0x7f130055" name="Base.TextAppearance.AppCompat.Widget.ActionBar.Title.Inverse" />
    <entry id="0x7f130056" name="Base.TextAppearance.AppCompat.Widget.ActionMode.Subtitle" />
    <entry id="0x7f130057" name="Base.TextAppearance.AppCompat.Widget.ActionMode.Title" />
    <entry id="0x7f130058" name="Base.TextAppearance.AppCompat.Widget.Button" />
    <entry id="0x7f130059" name="Base.TextAppearance.AppCompat.Widget.Button.Borderless.Colored" />
    <entry id="0x7f13005a" name="Base.TextAppearance.AppCompat.Widget.Button.Colored" />
    <entry id="0x7f13005b" name="Base.TextAppearance.AppCompat.Widget.Button.Inverse" />
    <entry id="0x7f13005c" name="Base.TextAppearance.AppCompat.Widget.DropDownItem" />
    <entry id="0x7f13005d" name="Base.TextAppearance.AppCompat.Widget.PopupMenu.Header" />
    <entry id="0x7f13005e" name="Base.TextAppearance.AppCompat.Widget.PopupMenu.Large" />
    <entry id="0x7f13005f" name="Base.TextAppearance.AppCompat.Widget.PopupMenu.Small" />
    <entry id="0x7f130060" name="Base.TextAppearance.AppCompat.Widget.Switch" />
    <entry id="0x7f130061" name="Base.TextAppearance.AppCompat.Widget.TextView.SpinnerItem" />
    <entry id="0x7f130062" name="Base.TextAppearance.Material3.Search" />
    <entry id="0x7f130063" name="Base.TextAppearance.MaterialComponents.Badge" />
    <entry id="0x7f130064" name="Base.TextAppearance.MaterialComponents.Button" />
    <entry id="0x7f130065" name="Base.TextAppearance.MaterialComponents.Headline6" />
    <entry id="0x7f130066" name="Base.TextAppearance.MaterialComponents.Subtitle2" />
    <entry id="0x7f130067" name="Base.TextAppearance.Widget.AppCompat.ExpandedMenu.Item" />
    <entry id="0x7f130068" name="Base.TextAppearance.Widget.AppCompat.Toolbar.Subtitle" />
    <entry id="0x7f130069" name="Base.TextAppearance.Widget.AppCompat.Toolbar.Title" />
    <entry id="0x7f13006a" name="Base.Theme.AppCompat" />
    <entry id="0x7f13006b" name="Base.Theme.AppCompat.CompactMenu" />
    <entry id="0x7f13006c" name="Base.Theme.AppCompat.Dialog" />
    <entry id="0x7f13006d" name="Base.Theme.AppCompat.Dialog.Alert" />
    <entry id="0x7f13006e" name="Base.Theme.AppCompat.Dialog.FixedSize" />
    <entry id="0x7f13006f" name="Base.Theme.AppCompat.Dialog.MinWidth" />
    <entry id="0x7f130070" name="Base.Theme.AppCompat.DialogWhenLarge" />
    <entry id="0x7f130071" name="Base.Theme.AppCompat.Light" />
    <entry id="0x7f130072" name="Base.Theme.AppCompat.Light.DarkActionBar" />
    <entry id="0x7f130073" name="Base.Theme.AppCompat.Light.Dialog" />
    <entry id="0x7f130074" name="Base.Theme.AppCompat.Light.Dialog.Alert" />
    <entry id="0x7f130075" name="Base.Theme.AppCompat.Light.Dialog.FixedSize" />
    <entry id="0x7f130076" name="Base.Theme.AppCompat.Light.Dialog.MinWidth" />
    <entry id="0x7f130077" name="Base.Theme.AppCompat.Light.DialogWhenLarge" />
    <entry id="0x7f130080" name="Base.Theme.MaterialComponents" />
    <entry id="0x7f130081" name="Base.Theme.MaterialComponents.Bridge" />
    <entry id="0x7f130082" name="Base.Theme.MaterialComponents.CompactMenu" />
    <entry id="0x7f130083" name="Base.Theme.MaterialComponents.Dialog" />
    <entry id="0x7f130084" name="Base.Theme.MaterialComponents.Dialog.Alert" />
    <entry id="0x7f130085" name="Base.Theme.MaterialComponents.Dialog.Bridge" />
    <entry id="0x7f130086" name="Base.Theme.MaterialComponents.Dialog.FixedSize" />
    <entry id="0x7f130087" name="Base.Theme.MaterialComponents.Dialog.MinWidth" />
    <entry id="0x7f130088" name="Base.Theme.MaterialComponents.DialogWhenLarge" />
    <entry id="0x7f130089" name="Base.Theme.MaterialComponents.Light" />
    <entry id="0x7f13008a" name="Base.Theme.MaterialComponents.Light.Bridge" />
    <entry id="0x7f13008b" name="Base.Theme.MaterialComponents.Light.DarkActionBar" />
    <entry id="0x7f13008c" name="Base.Theme.MaterialComponents.Light.DarkActionBar.Bridge" />
    <entry id="0x7f13008d" name="Base.Theme.MaterialComponents.Light.Dialog" />
    <entry id="0x7f13008e" name="Base.Theme.MaterialComponents.Light.Dialog.Alert" />
    <entry id="0x7f13008f" name="Base.Theme.MaterialComponents.Light.Dialog.Bridge" />
    <entry id="0x7f130090" name="Base.Theme.MaterialComponents.Light.Dialog.FixedSize" />
    <entry id="0x7f130091" name="Base.Theme.MaterialComponents.Light.Dialog.MinWidth" />
    <entry id="0x7f130092" name="Base.Theme.MaterialComponents.Light.DialogWhenLarge" />
    <entry id="0x7f130093" name="Base.ThemeOverlay.AppCompat" />
    <entry id="0x7f130094" name="Base.ThemeOverlay.AppCompat.ActionBar" />
    <entry id="0x7f130095" name="Base.ThemeOverlay.AppCompat.Dark" />
    <entry id="0x7f130096" name="Base.ThemeOverlay.AppCompat.Dark.ActionBar" />
    <entry id="0x7f130097" name="Base.ThemeOverlay.AppCompat.Dialog" />
    <entry id="0x7f130098" name="Base.ThemeOverlay.AppCompat.Dialog.Alert" />
    <entry id="0x7f130099" name="Base.ThemeOverlay.AppCompat.Light" />
    <entry id="0x7f13009f" name="Base.ThemeOverlay.MaterialComponents.Dialog" />
    <entry id="0x7f1300a0" name="Base.ThemeOverlay.MaterialComponents.Dialog.Alert" />
    <entry id="0x7f1300a1" name="Base.ThemeOverlay.MaterialComponents.Dialog.Alert.Framework" />
    <entry id="0x7f1300a2" name="Base.ThemeOverlay.MaterialComponents.Light.Dialog.Alert.Framework" />
    <entry id="0x7f1300a3" name="Base.ThemeOverlay.MaterialComponents.MaterialAlertDialog" />
    <entry id="0x7f1300ac" name="Base.V14.Theme.MaterialComponents" />
    <entry id="0x7f1300ad" name="Base.V14.Theme.MaterialComponents.Bridge" />
    <entry id="0x7f1300ae" name="Base.V14.Theme.MaterialComponents.Dialog" />
    <entry id="0x7f1300af" name="Base.V14.Theme.MaterialComponents.Dialog.Bridge" />
    <entry id="0x7f1300b0" name="Base.V14.Theme.MaterialComponents.Light" />
    <entry id="0x7f1300b1" name="Base.V14.Theme.MaterialComponents.Light.Bridge" />
    <entry id="0x7f1300b2" name="Base.V14.Theme.MaterialComponents.Light.DarkActionBar.Bridge" />
    <entry id="0x7f1300b3" name="Base.V14.Theme.MaterialComponents.Light.Dialog" />
    <entry id="0x7f1300b4" name="Base.V14.Theme.MaterialComponents.Light.Dialog.Bridge" />
    <entry id="0x7f1300b7" name="Base.V14.ThemeOverlay.MaterialComponents.BottomSheetDialog" />
    <entry id="0x7f1300b8" name="Base.V14.ThemeOverlay.MaterialComponents.Dialog" />
    <entry id="0x7f1300b9" name="Base.V14.ThemeOverlay.MaterialComponents.Dialog.Alert" />
    <entry id="0x7f1300ba" name="Base.V14.ThemeOverlay.MaterialComponents.MaterialAlertDialog" />
    <entry id="0x7f1300bb" name="Base.V14.Widget.MaterialComponents.AutoCompleteTextView" />
    <entry id="0x7f1300bc" name="Base.V21.Theme.AppCompat" />
    <entry id="0x7f1300bd" name="Base.V21.Theme.AppCompat.Dialog" />
    <entry id="0x7f1300be" name="Base.V21.Theme.AppCompat.Light" />
    <entry id="0x7f1300bf" name="Base.V21.Theme.AppCompat.Light.Dialog" />
    <entry id="0x7f1300c0" name="Base.V21.Theme.MaterialComponents" />
    <entry id="0x7f1300c1" name="Base.V21.Theme.MaterialComponents.Dialog" />
    <entry id="0x7f1300c2" name="Base.V21.Theme.MaterialComponents.Light" />
    <entry id="0x7f1300c3" name="Base.V21.Theme.MaterialComponents.Light.Dialog" />
    <entry id="0x7f1300c4" name="Base.V21.ThemeOverlay.AppCompat.Dialog" />
    <entry id="0x7f1300c7" name="Base.V21.ThemeOverlay.MaterialComponents.BottomSheetDialog" />
    <entry id="0x7f1300c8" name="Base.V22.Theme.AppCompat" />
    <entry id="0x7f1300c9" name="Base.V22.Theme.AppCompat.Light" />
    <entry id="0x7f1300ca" name="Base.V23.Theme.AppCompat" />
    <entry id="0x7f1300cb" name="Base.V23.Theme.AppCompat.Light" />
    <entry id="0x7f1300d0" name="Base.V26.Theme.AppCompat" />
    <entry id="0x7f1300d1" name="Base.V26.Theme.AppCompat.Light" />
    <entry id="0x7f1300d2" name="Base.V26.Widget.AppCompat.Toolbar" />
    <entry id="0x7f1300d3" name="Base.V28.Theme.AppCompat" />
    <entry id="0x7f1300d4" name="Base.V28.Theme.AppCompat.Light" />
    <entry id="0x7f1300d5" name="Base.V7.Theme.AppCompat" />
    <entry id="0x7f1300d6" name="Base.V7.Theme.AppCompat.Dialog" />
    <entry id="0x7f1300d7" name="Base.V7.Theme.AppCompat.Light" />
    <entry id="0x7f1300d8" name="Base.V7.Theme.AppCompat.Light.Dialog" />
    <entry id="0x7f1300d9" name="Base.V7.ThemeOverlay.AppCompat.Dialog" />
    <entry id="0x7f1300dc" name="Base.V7.Widget.AppCompat.Toolbar" />
    <entry id="0x7f1300dd" name="Base.Widget.AppCompat.ActionBar" />
    <entry id="0x7f1300de" name="Base.Widget.AppCompat.ActionBar.Solid" />
    <entry id="0x7f1300df" name="Base.Widget.AppCompat.ActionBar.TabBar" />
    <entry id="0x7f1300e0" name="Base.Widget.AppCompat.ActionBar.TabText" />
    <entry id="0x7f1300e1" name="Base.Widget.AppCompat.ActionBar.TabView" />
    <entry id="0x7f1300e2" name="Base.Widget.AppCompat.ActionButton" />
    <entry id="0x7f1300e3" name="Base.Widget.AppCompat.ActionButton.CloseMode" />
    <entry id="0x7f1300e4" name="Base.Widget.AppCompat.ActionButton.Overflow" />
    <entry id="0x7f1300e5" name="Base.Widget.AppCompat.ActionMode" />
    <entry id="0x7f1300e6" name="Base.Widget.AppCompat.ActivityChooserView" />
    <entry id="0x7f1300e7" name="Base.Widget.AppCompat.AutoCompleteTextView" />
    <entry id="0x7f1300e8" name="Base.Widget.AppCompat.Button" />
    <entry id="0x7f1300e9" name="Base.Widget.AppCompat.Button.Borderless" />
    <entry id="0x7f1300ea" name="Base.Widget.AppCompat.Button.Borderless.Colored" />
    <entry id="0x7f1300eb" name="Base.Widget.AppCompat.Button.ButtonBar.AlertDialog" />
    <entry id="0x7f1300ed" name="Base.Widget.AppCompat.Button.Small" />
    <entry id="0x7f1300ee" name="Base.Widget.AppCompat.ButtonBar" />
    <entry id="0x7f1300ef" name="Base.Widget.AppCompat.ButtonBar.AlertDialog" />
    <entry id="0x7f1300f0" name="Base.Widget.AppCompat.CompoundButton.CheckBox" />
    <entry id="0x7f1300f1" name="Base.Widget.AppCompat.CompoundButton.RadioButton" />
    <entry id="0x7f1300f2" name="Base.Widget.AppCompat.CompoundButton.Switch" />
    <entry id="0x7f1300f3" name="Base.Widget.AppCompat.DrawerArrowToggle" />
    <entry id="0x7f1300f4" name="Base.Widget.AppCompat.DrawerArrowToggle.Common" />
    <entry id="0x7f1300f5" name="Base.Widget.AppCompat.DropDownItem.Spinner" />
    <entry id="0x7f1300f6" name="Base.Widget.AppCompat.EditText" />
    <entry id="0x7f1300f7" name="Base.Widget.AppCompat.ImageButton" />
    <entry id="0x7f1300f8" name="Base.Widget.AppCompat.Light.ActionBar" />
    <entry id="0x7f1300f9" name="Base.Widget.AppCompat.Light.ActionBar.Solid" />
    <entry id="0x7f1300fa" name="Base.Widget.AppCompat.Light.ActionBar.TabBar" />
    <entry id="0x7f1300fb" name="Base.Widget.AppCompat.Light.ActionBar.TabText" />
    <entry id="0x7f1300fd" name="Base.Widget.AppCompat.Light.ActionBar.TabView" />
    <entry id="0x7f1300fe" name="Base.Widget.AppCompat.Light.PopupMenu" />
    <entry id="0x7f1300ff" name="Base.Widget.AppCompat.Light.PopupMenu.Overflow" />
    <entry id="0x7f130100" name="Base.Widget.AppCompat.ListMenuView" />
    <entry id="0x7f130101" name="Base.Widget.AppCompat.ListPopupWindow" />
    <entry id="0x7f130102" name="Base.Widget.AppCompat.ListView" />
    <entry id="0x7f130103" name="Base.Widget.AppCompat.ListView.DropDown" />
    <entry id="0x7f130104" name="Base.Widget.AppCompat.ListView.Menu" />
    <entry id="0x7f130105" name="Base.Widget.AppCompat.PopupMenu" />
    <entry id="0x7f130106" name="Base.Widget.AppCompat.PopupMenu.Overflow" />
    <entry id="0x7f13010a" name="Base.Widget.AppCompat.RatingBar" />
    <entry id="0x7f13010b" name="Base.Widget.AppCompat.RatingBar.Indicator" />
    <entry id="0x7f13010c" name="Base.Widget.AppCompat.RatingBar.Small" />
    <entry id="0x7f13010d" name="Base.Widget.AppCompat.SearchView" />
    <entry id="0x7f13010e" name="Base.Widget.AppCompat.SearchView.ActionBar" />
    <entry id="0x7f13010f" name="Base.Widget.AppCompat.SeekBar" />
    <entry id="0x7f130111" name="Base.Widget.AppCompat.Spinner" />
    <entry id="0x7f130113" name="Base.Widget.AppCompat.TextView" />
    <entry id="0x7f130114" name="Base.Widget.AppCompat.TextView.SpinnerItem" />
    <entry id="0x7f130115" name="Base.Widget.AppCompat.Toolbar" />
    <entry id="0x7f130116" name="Base.Widget.AppCompat.Toolbar.Button.Navigation" />
    <entry id="0x7f130117" name="Base.Widget.Design.TabLayout" />
    <entry id="0x7f13012c" name="Base.Widget.MaterialComponents.AutoCompleteTextView" />
    <entry id="0x7f13012d" name="Base.Widget.MaterialComponents.CheckedTextView" />
    <entry id="0x7f13012e" name="Base.Widget.MaterialComponents.Chip" />
    <entry id="0x7f13012f" name="Base.Widget.MaterialComponents.MaterialCalendar.HeaderToggleButton" />
    <entry id="0x7f130130" name="Base.Widget.MaterialComponents.MaterialCalendar.NavigationButton" />
    <entry id="0x7f130131" name="Base.Widget.MaterialComponents.PopupMenu" />
    <entry id="0x7f130132" name="Base.Widget.MaterialComponents.PopupMenu.ContextMenu" />
    <entry id="0x7f130133" name="Base.Widget.MaterialComponents.PopupMenu.ListPopupWindow" />
    <entry id="0x7f130134" name="Base.Widget.MaterialComponents.PopupMenu.Overflow" />
    <entry id="0x7f130135" name="Base.Widget.MaterialComponents.Slider" />
    <entry id="0x7f130136" name="Base.Widget.MaterialComponents.Snackbar" />
    <entry id="0x7f130137" name="Base.Widget.MaterialComponents.TextInputEditText" />
    <entry id="0x7f130138" name="Base.Widget.MaterialComponents.TextInputLayout" />
    <entry id="0x7f130139" name="Base.Widget.MaterialComponents.TextView" />
    <entry id="0x7f13013a" name="CardView" />
    <entry id="0x7f13013d" name="ExoMediaButton" />
    <entry id="0x7f13013e" name="ExoMediaButton.FastForward" />
    <entry id="0x7f13013f" name="ExoMediaButton.Next" />
    <entry id="0x7f130140" name="ExoMediaButton.Pause" />
    <entry id="0x7f130141" name="ExoMediaButton.Play" />
    <entry id="0x7f130142" name="ExoMediaButton.Previous" />
    <entry id="0x7f130143" name="ExoMediaButton.Rewind" />
    <entry id="0x7f130144" name="ExoMediaButton.VR" />
    <entry id="0x7f130145" name="ExoStyledControls" />
    <entry id="0x7f130159" name="ExoStyledControls.TimeText" />
    <entry id="0x7f13015a" name="ExoStyledControls.TimeText.Duration" />
    <entry id="0x7f13015b" name="ExoStyledControls.TimeText.Position" />
    <entry id="0x7f13015d" name="LargeIconView" />
    <entry id="0x7f130168" name="MaterialAlertDialog.MaterialComponents" />
    <entry id="0x7f130169" name="MaterialAlertDialog.MaterialComponents.Body.Text" />
    <entry id="0x7f13016c" name="MaterialAlertDialog.MaterialComponents.Title.Icon" />
    <entry id="0x7f13016e" name="MaterialAlertDialog.MaterialComponents.Title.Panel" />
    <entry id="0x7f130170" name="MaterialAlertDialog.MaterialComponents.Title.Text" />
    <entry id="0x7f130172" name="Platform.AppCompat" />
    <entry id="0x7f130173" name="Platform.AppCompat.Light" />
    <entry id="0x7f130174" name="Platform.MaterialComponents" />
    <entry id="0x7f130175" name="Platform.MaterialComponents.Dialog" />
    <entry id="0x7f130176" name="Platform.MaterialComponents.Light" />
    <entry id="0x7f130177" name="Platform.MaterialComponents.Light.Dialog" />
    <entry id="0x7f130178" name="Platform.ThemeOverlay.AppCompat" />
    <entry id="0x7f130179" name="Platform.ThemeOverlay.AppCompat.Dark" />
    <entry id="0x7f13017a" name="Platform.ThemeOverlay.AppCompat.Light" />
    <entry id="0x7f13017b" name="Platform.V21.AppCompat" />
    <entry id="0x7f13017c" name="Platform.V21.AppCompat.Light" />
    <entry id="0x7f13017d" name="Platform.V25.AppCompat" />
    <entry id="0x7f13017e" name="Platform.V25.AppCompat.Light" />
    <entry id="0x7f13017f" name="Platform.Widget.AppCompat.Spinner" />
    <entry id="0x7f130180" name="RtlOverlay.DialogWindowTitle.AppCompat" />
    <entry id="0x7f130181" name="RtlOverlay.Widget.AppCompat.ActionBar.TitleItem" />
    <entry id="0x7f130183" name="RtlOverlay.Widget.AppCompat.PopupMenuItem" />
    <entry id="0x7f130184" name="RtlOverlay.Widget.AppCompat.PopupMenuItem.InternalGroup" />
    <entry id="0x7f130185" name="RtlOverlay.Widget.AppCompat.PopupMenuItem.Shortcut" />
    <entry id="0x7f130186" name="RtlOverlay.Widget.AppCompat.PopupMenuItem.SubmenuArrow" />
    <entry id="0x7f130187" name="RtlOverlay.Widget.AppCompat.PopupMenuItem.Text" />
    <entry id="0x7f130188" name="RtlOverlay.Widget.AppCompat.PopupMenuItem.Title" />
    <entry id="0x7f130189" name="RtlOverlay.Widget.AppCompat.Search.DropDown" />
    <entry id="0x7f13018a" name="RtlOverlay.Widget.AppCompat.Search.DropDown.Icon1" />
    <entry id="0x7f13018b" name="RtlOverlay.Widget.AppCompat.Search.DropDown.Icon2" />
    <entry id="0x7f13018c" name="RtlOverlay.Widget.AppCompat.Search.DropDown.Query" />
    <entry id="0x7f13018d" name="RtlOverlay.Widget.AppCompat.Search.DropDown.Text" />
    <entry id="0x7f13018e" name="RtlOverlay.Widget.AppCompat.SearchView.MagIcon" />
    <entry id="0x7f13019b" name="ShapeAppearance.M3.Comp.Sheet.Side.Docked.Container.Shape" />
    <entry id="0x7f1301a2" name="ShapeAppearance.M3.Sys.Shape.Corner.Full" />
    <entry id="0x7f1301a5" name="ShapeAppearance.M3.Sys.Shape.Corner.None" />
    <entry id="0x7f1301b3" name="ShapeAppearance.MaterialComponents" />
    <entry id="0x7f1301b4" name="ShapeAppearance.MaterialComponents.Badge" />
    <entry id="0x7f1301b5" name="ShapeAppearance.MaterialComponents.LargeComponent" />
    <entry id="0x7f1301b6" name="ShapeAppearance.MaterialComponents.MediumComponent" />
    <entry id="0x7f1301b7" name="ShapeAppearance.MaterialComponents.SmallComponent" />
    <entry id="0x7f1301b8" name="ShapeAppearance.MaterialComponents.Tooltip" />
    <entry id="0x7f1301c4" name="ShapeAppearanceOverlay.MaterialComponents.BottomSheet" />
    <entry id="0x7f1301c5" name="ShapeAppearanceOverlay.MaterialComponents.Chip" />
    <entry id="0x7f1301c6" name="ShapeAppearanceOverlay.MaterialComponents.ExtendedFloatingActionButton" />
    <entry id="0x7f1301c7" name="ShapeAppearanceOverlay.MaterialComponents.FloatingActionButton" />
    <entry id="0x7f1301c8" name="ShapeAppearanceOverlay.MaterialComponents.MaterialCalendar.Day" />
    <entry id="0x7f1301c9" name="ShapeAppearanceOverlay.MaterialComponents.MaterialCalendar.Window.Fullscreen" />
    <entry id="0x7f1301ca" name="ShapeAppearanceOverlay.MaterialComponents.MaterialCalendar.Year" />
    <entry id="0x7f1301cb" name="ShapeAppearanceOverlay.MaterialComponents.TextInputLayout.FilledBox" />
    <entry id="0x7f1301cc" name="SmallIconView" />
    <entry id="0x7f1301cd" name="TextAppearance.AppCompat" />
    <entry id="0x7f1301ce" name="TextAppearance.AppCompat.Body1" />
    <entry id="0x7f1301cf" name="TextAppearance.AppCompat.Body2" />
    <entry id="0x7f1301d0" name="TextAppearance.AppCompat.Button" />
    <entry id="0x7f1301d1" name="TextAppearance.AppCompat.Caption" />
    <entry id="0x7f1301d2" name="TextAppearance.AppCompat.Display1" />
    <entry id="0x7f1301d3" name="TextAppearance.AppCompat.Display2" />
    <entry id="0x7f1301d4" name="TextAppearance.AppCompat.Display3" />
    <entry id="0x7f1301d5" name="TextAppearance.AppCompat.Display4" />
    <entry id="0x7f1301d6" name="TextAppearance.AppCompat.Headline" />
    <entry id="0x7f1301d7" name="TextAppearance.AppCompat.Inverse" />
    <entry id="0x7f1301d8" name="TextAppearance.AppCompat.Large" />
    <entry id="0x7f1301d9" name="TextAppearance.AppCompat.Large.Inverse" />
    <entry id="0x7f1301da" name="TextAppearance.AppCompat.Light.SearchResult.Subtitle" />
    <entry id="0x7f1301db" name="TextAppearance.AppCompat.Light.SearchResult.Title" />
    <entry id="0x7f1301dc" name="TextAppearance.AppCompat.Light.Widget.PopupMenu.Large" />
    <entry id="0x7f1301dd" name="TextAppearance.AppCompat.Light.Widget.PopupMenu.Small" />
    <entry id="0x7f1301de" name="TextAppearance.AppCompat.Medium" />
    <entry id="0x7f1301df" name="TextAppearance.AppCompat.Medium.Inverse" />
    <entry id="0x7f1301e0" name="TextAppearance.AppCompat.Menu" />
    <entry id="0x7f1301e1" name="TextAppearance.AppCompat.SearchResult.Subtitle" />
    <entry id="0x7f1301e2" name="TextAppearance.AppCompat.SearchResult.Title" />
    <entry id="0x7f1301e3" name="TextAppearance.AppCompat.Small" />
    <entry id="0x7f1301e4" name="TextAppearance.AppCompat.Small.Inverse" />
    <entry id="0x7f1301e5" name="TextAppearance.AppCompat.Subhead" />
    <entry id="0x7f1301e6" name="TextAppearance.AppCompat.Subhead.Inverse" />
    <entry id="0x7f1301e7" name="TextAppearance.AppCompat.Title" />
    <entry id="0x7f1301e8" name="TextAppearance.AppCompat.Title.Inverse" />
    <entry id="0x7f1301e9" name="TextAppearance.AppCompat.Tooltip" />
    <entry id="0x7f1301ea" name="TextAppearance.AppCompat.Widget.ActionBar.Menu" />
    <entry id="0x7f1301eb" name="TextAppearance.AppCompat.Widget.ActionBar.Subtitle" />
    <entry id="0x7f1301ec" name="TextAppearance.AppCompat.Widget.ActionBar.Subtitle.Inverse" />
    <entry id="0x7f1301ed" name="TextAppearance.AppCompat.Widget.ActionBar.Title" />
    <entry id="0x7f1301ee" name="TextAppearance.AppCompat.Widget.ActionBar.Title.Inverse" />
    <entry id="0x7f1301ef" name="TextAppearance.AppCompat.Widget.ActionMode.Subtitle" />
    <entry id="0x7f1301f0" name="TextAppearance.AppCompat.Widget.ActionMode.Subtitle.Inverse" />
    <entry id="0x7f1301f1" name="TextAppearance.AppCompat.Widget.ActionMode.Title" />
    <entry id="0x7f1301f2" name="TextAppearance.AppCompat.Widget.ActionMode.Title.Inverse" />
    <entry id="0x7f1301f3" name="TextAppearance.AppCompat.Widget.Button" />
    <entry id="0x7f1301f4" name="TextAppearance.AppCompat.Widget.Button.Borderless.Colored" />
    <entry id="0x7f1301f5" name="TextAppearance.AppCompat.Widget.Button.Colored" />
    <entry id="0x7f1301f6" name="TextAppearance.AppCompat.Widget.Button.Inverse" />
    <entry id="0x7f1301f7" name="TextAppearance.AppCompat.Widget.DropDownItem" />
    <entry id="0x7f1301f8" name="TextAppearance.AppCompat.Widget.PopupMenu.Header" />
    <entry id="0x7f1301f9" name="TextAppearance.AppCompat.Widget.PopupMenu.Large" />
    <entry id="0x7f1301fa" name="TextAppearance.AppCompat.Widget.PopupMenu.Small" />
    <entry id="0x7f1301fb" name="TextAppearance.AppCompat.Widget.Switch" />
    <entry id="0x7f1301fc" name="TextAppearance.AppCompat.Widget.TextView.SpinnerItem" />
    <entry id="0x7f1301fd" name="TextAppearance.Compat.Notification" />
    <entry id="0x7f1301fe" name="TextAppearance.Compat.Notification.Info" />
    <entry id="0x7f1301ff" name="TextAppearance.Compat.Notification.Info.Media" />
    <entry id="0x7f130200" name="TextAppearance.Compat.Notification.Line2" />
    <entry id="0x7f130201" name="TextAppearance.Compat.Notification.Line2.Media" />
    <entry id="0x7f130202" name="TextAppearance.Compat.Notification.Media" />
    <entry id="0x7f130203" name="TextAppearance.Compat.Notification.Time" />
    <entry id="0x7f130204" name="TextAppearance.Compat.Notification.Time.Media" />
    <entry id="0x7f130205" name="TextAppearance.Compat.Notification.Title" />
    <entry id="0x7f130206" name="TextAppearance.Compat.Notification.Title.Media" />
    <entry id="0x7f130207" name="TextAppearance.Design.CollapsingToolbar.Expanded" />
    <entry id="0x7f130208" name="TextAppearance.Design.Counter" />
    <entry id="0x7f130209" name="TextAppearance.Design.Counter.Overflow" />
    <entry id="0x7f13020a" name="TextAppearance.Design.Error" />
    <entry id="0x7f13020b" name="TextAppearance.Design.HelperText" />
    <entry id="0x7f13020c" name="TextAppearance.Design.Hint" />
    <entry id="0x7f13020d" name="TextAppearance.Design.Placeholder" />
    <entry id="0x7f13020e" name="TextAppearance.Design.Prefix" />
    <entry id="0x7f13020f" name="TextAppearance.Design.Snackbar.Message" />
    <entry id="0x7f130210" name="TextAppearance.Design.Suffix" />
    <entry id="0x7f130211" name="TextAppearance.Design.Tab" />
    <entry id="0x7f130212" name="TextAppearance.M3.Sys.Typescale.BodyLarge" />
    <entry id="0x7f130213" name="TextAppearance.M3.Sys.Typescale.BodyMedium" />
    <entry id="0x7f130214" name="TextAppearance.M3.Sys.Typescale.BodySmall" />
    <entry id="0x7f130215" name="TextAppearance.M3.Sys.Typescale.DisplayLarge" />
    <entry id="0x7f130216" name="TextAppearance.M3.Sys.Typescale.DisplayMedium" />
    <entry id="0x7f130217" name="TextAppearance.M3.Sys.Typescale.DisplaySmall" />
    <entry id="0x7f130218" name="TextAppearance.M3.Sys.Typescale.HeadlineLarge" />
    <entry id="0x7f130219" name="TextAppearance.M3.Sys.Typescale.HeadlineMedium" />
    <entry id="0x7f13021a" name="TextAppearance.M3.Sys.Typescale.HeadlineSmall" />
    <entry id="0x7f13021b" name="TextAppearance.M3.Sys.Typescale.LabelLarge" />
    <entry id="0x7f13021c" name="TextAppearance.M3.Sys.Typescale.LabelMedium" />
    <entry id="0x7f13021d" name="TextAppearance.M3.Sys.Typescale.LabelSmall" />
    <entry id="0x7f13021e" name="TextAppearance.M3.Sys.Typescale.TitleLarge" />
    <entry id="0x7f13021f" name="TextAppearance.M3.Sys.Typescale.TitleMedium" />
    <entry id="0x7f130220" name="TextAppearance.M3.Sys.Typescale.TitleSmall" />
    <entry id="0x7f130221" name="TextAppearance.Material3.ActionBar.Subtitle" />
    <entry id="0x7f130222" name="TextAppearance.Material3.ActionBar.Title" />
    <entry id="0x7f130223" name="TextAppearance.Material3.BodyLarge" />
    <entry id="0x7f130224" name="TextAppearance.Material3.BodyMedium" />
    <entry id="0x7f130225" name="TextAppearance.Material3.BodySmall" />
    <entry id="0x7f130226" name="TextAppearance.Material3.DisplayLarge" />
    <entry id="0x7f130227" name="TextAppearance.Material3.DisplayMedium" />
    <entry id="0x7f130228" name="TextAppearance.Material3.DisplaySmall" />
    <entry id="0x7f130229" name="TextAppearance.Material3.HeadlineLarge" />
    <entry id="0x7f13022a" name="TextAppearance.Material3.HeadlineMedium" />
    <entry id="0x7f13022b" name="TextAppearance.Material3.HeadlineSmall" />
    <entry id="0x7f13022c" name="TextAppearance.Material3.LabelLarge" />
    <entry id="0x7f13022d" name="TextAppearance.Material3.LabelMedium" />
    <entry id="0x7f13022e" name="TextAppearance.Material3.LabelSmall" />
    <entry id="0x7f13022f" name="TextAppearance.Material3.MaterialTimePicker.Title" />
    <entry id="0x7f130230" name="TextAppearance.Material3.SearchBar" />
    <entry id="0x7f130231" name="TextAppearance.Material3.SearchView" />
    <entry id="0x7f130232" name="TextAppearance.Material3.SearchView.Prefix" />
    <entry id="0x7f130233" name="TextAppearance.Material3.TitleLarge" />
    <entry id="0x7f130234" name="TextAppearance.Material3.TitleMedium" />
    <entry id="0x7f130235" name="TextAppearance.Material3.TitleSmall" />
    <entry id="0x7f130236" name="TextAppearance.MaterialComponents.Badge" />
    <entry id="0x7f130237" name="TextAppearance.MaterialComponents.Body1" />
    <entry id="0x7f130238" name="TextAppearance.MaterialComponents.Body2" />
    <entry id="0x7f130239" name="TextAppearance.MaterialComponents.Button" />
    <entry id="0x7f13023a" name="TextAppearance.MaterialComponents.Caption" />
    <entry id="0x7f13023b" name="TextAppearance.MaterialComponents.Chip" />
    <entry id="0x7f13023c" name="TextAppearance.MaterialComponents.Headline1" />
    <entry id="0x7f13023d" name="TextAppearance.MaterialComponents.Headline2" />
    <entry id="0x7f13023e" name="TextAppearance.MaterialComponents.Headline3" />
    <entry id="0x7f13023f" name="TextAppearance.MaterialComponents.Headline4" />
    <entry id="0x7f130240" name="TextAppearance.MaterialComponents.Headline5" />
    <entry id="0x7f130241" name="TextAppearance.MaterialComponents.Headline6" />
    <entry id="0x7f130242" name="TextAppearance.MaterialComponents.Overline" />
    <entry id="0x7f130243" name="TextAppearance.MaterialComponents.Subtitle1" />
    <entry id="0x7f130244" name="TextAppearance.MaterialComponents.Subtitle2" />
    <entry id="0x7f130245" name="TextAppearance.MaterialComponents.TimePicker.Title" />
    <entry id="0x7f130246" name="TextAppearance.MaterialComponents.Tooltip" />
    <entry id="0x7f130247" name="TextAppearance.Widget.AppCompat.ExpandedMenu.Item" />
    <entry id="0x7f130248" name="TextAppearance.Widget.AppCompat.Toolbar.Subtitle" />
    <entry id="0x7f130249" name="TextAppearance.Widget.AppCompat.Toolbar.Title" />
    <entry id="0x7f13024a" name="Theme.AGHMOURDEV_AYMNE" />
    <entry id="0x7f13024c" name="Theme.AppCompat" />
    <entry id="0x7f13024d" name="Theme.AppCompat.CompactMenu" />
    <entry id="0x7f13024e" name="Theme.AppCompat.DayNight" />
    <entry id="0x7f13024f" name="Theme.AppCompat.DayNight.DarkActionBar" />
    <entry id="0x7f130250" name="Theme.AppCompat.DayNight.Dialog" />
    <entry id="0x7f130251" name="Theme.AppCompat.DayNight.Dialog.Alert" />
    <entry id="0x7f130252" name="Theme.AppCompat.DayNight.Dialog.MinWidth" />
    <entry id="0x7f130253" name="Theme.AppCompat.DayNight.DialogWhenLarge" />
    <entry id="0x7f130254" name="Theme.AppCompat.DayNight.NoActionBar" />
    <entry id="0x7f130255" name="Theme.AppCompat.Dialog" />
    <entry id="0x7f130256" name="Theme.AppCompat.Dialog.Alert" />
    <entry id="0x7f130257" name="Theme.AppCompat.Dialog.MinWidth" />
    <entry id="0x7f130258" name="Theme.AppCompat.DialogWhenLarge" />
    <entry id="0x7f130259" name="Theme.AppCompat.Empty" />
    <entry id="0x7f13025a" name="Theme.AppCompat.Light" />
    <entry id="0x7f13025b" name="Theme.AppCompat.Light.DarkActionBar" />
    <entry id="0x7f13025c" name="Theme.AppCompat.Light.Dialog" />
    <entry id="0x7f13025d" name="Theme.AppCompat.Light.Dialog.Alert" />
    <entry id="0x7f13025e" name="Theme.AppCompat.Light.Dialog.MinWidth" />
    <entry id="0x7f13025f" name="Theme.AppCompat.Light.DialogWhenLarge" />
    <entry id="0x7f130260" name="Theme.AppCompat.Light.NoActionBar" />
    <entry id="0x7f130261" name="Theme.AppCompat.NoActionBar" />
    <entry id="0x7f130284" name="Theme.MaterialComponents" />
    <entry id="0x7f130285" name="Theme.MaterialComponents.BottomSheetDialog" />
    <entry id="0x7f130286" name="Theme.MaterialComponents.Bridge" />
    <entry id="0x7f130287" name="Theme.MaterialComponents.CompactMenu" />
    <entry id="0x7f130288" name="Theme.MaterialComponents.DayNight" />
    <entry id="0x7f130289" name="Theme.MaterialComponents.DayNight.BottomSheetDialog" />
    <entry id="0x7f13028a" name="Theme.MaterialComponents.DayNight.Bridge" />
    <entry id="0x7f13028b" name="Theme.MaterialComponents.DayNight.DarkActionBar" />
    <entry id="0x7f13028c" name="Theme.MaterialComponents.DayNight.DarkActionBar.Bridge" />
    <entry id="0x7f13028d" name="Theme.MaterialComponents.DayNight.Dialog" />
    <entry id="0x7f13028e" name="Theme.MaterialComponents.DayNight.Dialog.Alert" />
    <entry id="0x7f13028f" name="Theme.MaterialComponents.DayNight.Dialog.Alert.Bridge" />
    <entry id="0x7f130290" name="Theme.MaterialComponents.DayNight.Dialog.Bridge" />
    <entry id="0x7f130291" name="Theme.MaterialComponents.DayNight.Dialog.FixedSize" />
    <entry id="0x7f130292" name="Theme.MaterialComponents.DayNight.Dialog.FixedSize.Bridge" />
    <entry id="0x7f130293" name="Theme.MaterialComponents.DayNight.Dialog.MinWidth" />
    <entry id="0x7f130294" name="Theme.MaterialComponents.DayNight.Dialog.MinWidth.Bridge" />
    <entry id="0x7f130295" name="Theme.MaterialComponents.DayNight.DialogWhenLarge" />
    <entry id="0x7f130296" name="Theme.MaterialComponents.DayNight.NoActionBar" />
    <entry id="0x7f130297" name="Theme.MaterialComponents.DayNight.NoActionBar.Bridge" />
    <entry id="0x7f130298" name="Theme.MaterialComponents.Dialog" />
    <entry id="0x7f130299" name="Theme.MaterialComponents.Dialog.Alert" />
    <entry id="0x7f13029a" name="Theme.MaterialComponents.Dialog.Alert.Bridge" />
    <entry id="0x7f13029b" name="Theme.MaterialComponents.Dialog.Bridge" />
    <entry id="0x7f13029c" name="Theme.MaterialComponents.Dialog.FixedSize" />
    <entry id="0x7f13029d" name="Theme.MaterialComponents.Dialog.FixedSize.Bridge" />
    <entry id="0x7f13029e" name="Theme.MaterialComponents.Dialog.MinWidth" />
    <entry id="0x7f13029f" name="Theme.MaterialComponents.Dialog.MinWidth.Bridge" />
    <entry id="0x7f1302a0" name="Theme.MaterialComponents.DialogWhenLarge" />
    <entry id="0x7f1302a1" name="Theme.MaterialComponents.Light" />
    <entry id="0x7f1302a2" name="Theme.MaterialComponents.Light.BottomSheetDialog" />
    <entry id="0x7f1302a3" name="Theme.MaterialComponents.Light.Bridge" />
    <entry id="0x7f1302a4" name="Theme.MaterialComponents.Light.DarkActionBar" />
    <entry id="0x7f1302a5" name="Theme.MaterialComponents.Light.DarkActionBar.Bridge" />
    <entry id="0x7f1302a6" name="Theme.MaterialComponents.Light.Dialog" />
    <entry id="0x7f1302a7" name="Theme.MaterialComponents.Light.Dialog.Alert" />
    <entry id="0x7f1302a8" name="Theme.MaterialComponents.Light.Dialog.Alert.Bridge" />
    <entry id="0x7f1302a9" name="Theme.MaterialComponents.Light.Dialog.Bridge" />
    <entry id="0x7f1302aa" name="Theme.MaterialComponents.Light.Dialog.FixedSize" />
    <entry id="0x7f1302ab" name="Theme.MaterialComponents.Light.Dialog.FixedSize.Bridge" />
    <entry id="0x7f1302ac" name="Theme.MaterialComponents.Light.Dialog.MinWidth" />
    <entry id="0x7f1302ad" name="Theme.MaterialComponents.Light.Dialog.MinWidth.Bridge" />
    <entry id="0x7f1302ae" name="Theme.MaterialComponents.Light.DialogWhenLarge" />
    <entry id="0x7f1302af" name="Theme.MaterialComponents.Light.NoActionBar" />
    <entry id="0x7f1302b0" name="Theme.MaterialComponents.Light.NoActionBar.Bridge" />
    <entry id="0x7f1302b1" name="Theme.MaterialComponents.NoActionBar" />
    <entry id="0x7f1302b2" name="Theme.MaterialComponents.NoActionBar.Bridge" />
    <entry id="0x7f1302b5" name="ThemeOverlay.AppCompat.ActionBar" />
    <entry id="0x7f1302b6" name="ThemeOverlay.AppCompat.Dark" />
    <entry id="0x7f1302b7" name="ThemeOverlay.AppCompat.Dark.ActionBar" />
    <entry id="0x7f1302ba" name="ThemeOverlay.AppCompat.Dialog" />
    <entry id="0x7f1302bb" name="ThemeOverlay.AppCompat.Dialog.Alert" />
    <entry id="0x7f1302bc" name="ThemeOverlay.AppCompat.Light" />
    <entry id="0x7f1302bd" name="ThemeOverlay.Design.TextInputEditText" />
    <entry id="0x7f1302fe" name="ThemeOverlay.MaterialComponents.ActionBar.Surface" />
    <entry id="0x7f1302ff" name="ThemeOverlay.MaterialComponents.AutoCompleteTextView" />
    <entry id="0x7f130300" name="ThemeOverlay.MaterialComponents.AutoCompleteTextView.FilledBox" />
    <entry id="0x7f130302" name="ThemeOverlay.MaterialComponents.AutoCompleteTextView.OutlinedBox" />
    <entry id="0x7f130306" name="ThemeOverlay.MaterialComponents.BottomSheetDialog" />
    <entry id="0x7f130307" name="ThemeOverlay.MaterialComponents.Dark" />
    <entry id="0x7f130308" name="ThemeOverlay.MaterialComponents.Dark.ActionBar" />
    <entry id="0x7f13030a" name="ThemeOverlay.MaterialComponents.Dialog" />
    <entry id="0x7f13030b" name="ThemeOverlay.MaterialComponents.Dialog.Alert" />
    <entry id="0x7f13030c" name="ThemeOverlay.MaterialComponents.Dialog.Alert.Framework" />
    <entry id="0x7f13030d" name="ThemeOverlay.MaterialComponents.Light" />
    <entry id="0x7f13030e" name="ThemeOverlay.MaterialComponents.Light.Dialog.Alert.Framework" />
    <entry id="0x7f13030f" name="ThemeOverlay.MaterialComponents.MaterialAlertDialog" />
    <entry id="0x7f130316" name="ThemeOverlay.MaterialComponents.MaterialCalendar" />
    <entry id="0x7f130317" name="ThemeOverlay.MaterialComponents.MaterialCalendar.Fullscreen" />
    <entry id="0x7f130318" name="ThemeOverlay.MaterialComponents.TextInputEditText" />
    <entry id="0x7f130319" name="ThemeOverlay.MaterialComponents.TextInputEditText.FilledBox" />
    <entry id="0x7f13031a" name="ThemeOverlay.MaterialComponents.TextInputEditText.FilledBox.Dense" />
    <entry id="0x7f13031b" name="ThemeOverlay.MaterialComponents.TextInputEditText.OutlinedBox" />
    <entry id="0x7f13031c" name="ThemeOverlay.MaterialComponents.TextInputEditText.OutlinedBox.Dense" />
    <entry id="0x7f13031d" name="ThemeOverlay.MaterialComponents.TimePicker" />
    <entry id="0x7f13031e" name="ThemeOverlay.MaterialComponents.TimePicker.Display" />
    <entry id="0x7f13031f" name="ThemeOverlay.MaterialComponents.TimePicker.Display.TextInputEditText" />
    <entry id="0x7f130323" name="TrackSelectionDialogThemeOverlay" />
    <entry id="0x7f130325" name="Widget.AppCompat.ActionBar.Solid" />
    <entry id="0x7f130326" name="Widget.AppCompat.ActionBar.TabBar" />
    <entry id="0x7f130327" name="Widget.AppCompat.ActionBar.TabText" />
    <entry id="0x7f130328" name="Widget.AppCompat.ActionBar.TabView" />
    <entry id="0x7f130329" name="Widget.AppCompat.ActionButton" />
    <entry id="0x7f13032a" name="Widget.AppCompat.ActionButton.CloseMode" />
    <entry id="0x7f13032b" name="Widget.AppCompat.ActionButton.Overflow" />
    <entry id="0x7f13032c" name="Widget.AppCompat.ActionMode" />
    <entry id="0x7f13032d" name="Widget.AppCompat.ActivityChooserView" />
    <entry id="0x7f13032e" name="Widget.AppCompat.AutoCompleteTextView" />
    <entry id="0x7f13032f" name="Widget.AppCompat.Button" />
    <entry id="0x7f130330" name="Widget.AppCompat.Button.Borderless" />
    <entry id="0x7f130331" name="Widget.AppCompat.Button.Borderless.Colored" />
    <entry id="0x7f130332" name="Widget.AppCompat.Button.ButtonBar.AlertDialog" />
    <entry id="0x7f130334" name="Widget.AppCompat.Button.Small" />
    <entry id="0x7f130335" name="Widget.AppCompat.ButtonBar" />
    <entry id="0x7f130336" name="Widget.AppCompat.ButtonBar.AlertDialog" />
    <entry id="0x7f130337" name="Widget.AppCompat.CompoundButton.CheckBox" />
    <entry id="0x7f130338" name="Widget.AppCompat.CompoundButton.RadioButton" />
    <entry id="0x7f130339" name="Widget.AppCompat.CompoundButton.Switch" />
    <entry id="0x7f13033a" name="Widget.AppCompat.DrawerArrowToggle" />
    <entry id="0x7f13033b" name="Widget.AppCompat.DropDownItem.Spinner" />
    <entry id="0x7f13033c" name="Widget.AppCompat.EditText" />
    <entry id="0x7f13033d" name="Widget.AppCompat.ImageButton" />
    <entry id="0x7f13033f" name="Widget.AppCompat.Light.ActionBar.Solid" />
    <entry id="0x7f130341" name="Widget.AppCompat.Light.ActionBar.TabBar" />
    <entry id="0x7f130343" name="Widget.AppCompat.Light.ActionBar.TabText" />
    <entry id="0x7f130345" name="Widget.AppCompat.Light.ActionBar.TabView" />
    <entry id="0x7f130347" name="Widget.AppCompat.Light.ActionButton" />
    <entry id="0x7f130349" name="Widget.AppCompat.Light.ActionButton.Overflow" />
    <entry id="0x7f130350" name="Widget.AppCompat.Light.PopupMenu" />
    <entry id="0x7f130351" name="Widget.AppCompat.Light.PopupMenu.Overflow" />
    <entry id="0x7f130352" name="Widget.AppCompat.Light.SearchView" />
    <entry id="0x7f130353" name="Widget.AppCompat.Light.Spinner.DropDown.ActionBar" />
    <entry id="0x7f130354" name="Widget.AppCompat.ListMenuView" />
    <entry id="0x7f130355" name="Widget.AppCompat.ListPopupWindow" />
    <entry id="0x7f130356" name="Widget.AppCompat.ListView" />
    <entry id="0x7f130357" name="Widget.AppCompat.ListView.DropDown" />
    <entry id="0x7f130358" name="Widget.AppCompat.ListView.Menu" />
    <entry id="0x7f130359" name="Widget.AppCompat.PopupMenu" />
    <entry id="0x7f13035a" name="Widget.AppCompat.PopupMenu.Overflow" />
    <entry id="0x7f13035e" name="Widget.AppCompat.RatingBar" />
    <entry id="0x7f13035f" name="Widget.AppCompat.RatingBar.Indicator" />
    <entry id="0x7f130360" name="Widget.AppCompat.RatingBar.Small" />
    <entry id="0x7f130361" name="Widget.AppCompat.SearchView" />
    <entry id="0x7f130362" name="Widget.AppCompat.SearchView.ActionBar" />
    <entry id="0x7f130363" name="Widget.AppCompat.SeekBar" />
    <entry id="0x7f130365" name="Widget.AppCompat.Spinner" />
    <entry id="0x7f130366" name="Widget.AppCompat.Spinner.DropDown" />
    <entry id="0x7f130367" name="Widget.AppCompat.Spinner.DropDown.ActionBar" />
    <entry id="0x7f130369" name="Widget.AppCompat.TextView" />
    <entry id="0x7f13036a" name="Widget.AppCompat.TextView.SpinnerItem" />
    <entry id="0x7f13036b" name="Widget.AppCompat.Toolbar" />
    <entry id="0x7f13036c" name="Widget.AppCompat.Toolbar.Button.Navigation" />
    <entry id="0x7f13036d" name="Widget.Compat.NotificationActionContainer" />
    <entry id="0x7f13036e" name="Widget.Compat.NotificationActionText" />
    <entry id="0x7f13036f" name="Widget.Design.AppBarLayout" />
    <entry id="0x7f130370" name="Widget.Design.BottomNavigationView" />
    <entry id="0x7f130371" name="Widget.Design.BottomSheet.Modal" />
    <entry id="0x7f130373" name="Widget.Design.FloatingActionButton" />
    <entry id="0x7f130374" name="Widget.Design.NavigationView" />
    <entry id="0x7f130375" name="Widget.Design.ScrimInsetsFrameLayout" />
    <entry id="0x7f130376" name="Widget.Design.Snackbar" />
    <entry id="0x7f130377" name="Widget.Design.TabLayout" />
    <entry id="0x7f130378" name="Widget.Design.TextInputEditText" />
    <entry id="0x7f130379" name="Widget.Design.TextInputLayout" />
    <entry id="0x7f1303ff" name="Widget.Material3.SideSheet" />
    <entry id="0x7f13041e" name="Widget.MaterialComponents.ActionBar.Surface" />
    <entry id="0x7f13041f" name="Widget.MaterialComponents.ActionMode" />
    <entry id="0x7f130420" name="Widget.MaterialComponents.AppBarLayout.Primary" />
    <entry id="0x7f130422" name="Widget.MaterialComponents.AppBarLayout.Surface" />
    <entry id="0x7f130423" name="Widget.MaterialComponents.AutoCompleteTextView.FilledBox" />
    <entry id="0x7f130425" name="Widget.MaterialComponents.AutoCompleteTextView.OutlinedBox" />
    <entry id="0x7f130427" name="Widget.MaterialComponents.Badge" />
    <entry id="0x7f130428" name="Widget.MaterialComponents.BottomAppBar" />
    <entry id="0x7f13042b" name="Widget.MaterialComponents.BottomNavigationView" />
    <entry id="0x7f13042e" name="Widget.MaterialComponents.BottomSheet" />
    <entry id="0x7f13042f" name="Widget.MaterialComponents.BottomSheet.Modal" />
    <entry id="0x7f130430" name="Widget.MaterialComponents.Button" />
    <entry id="0x7f130432" name="Widget.MaterialComponents.Button.OutlinedButton" />
    <entry id="0x7f130434" name="Widget.MaterialComponents.Button.TextButton" />
    <entry id="0x7f130435" name="Widget.MaterialComponents.Button.TextButton.Dialog" />
    <entry id="0x7f130436" name="Widget.MaterialComponents.Button.TextButton.Dialog.Flush" />
    <entry id="0x7f130439" name="Widget.MaterialComponents.Button.TextButton.Snackbar" />
    <entry id="0x7f13043a" name="Widget.MaterialComponents.Button.UnelevatedButton" />
    <entry id="0x7f13043c" name="Widget.MaterialComponents.CardView" />
    <entry id="0x7f13043d" name="Widget.MaterialComponents.CheckedTextView" />
    <entry id="0x7f13043e" name="Widget.MaterialComponents.Chip.Action" />
    <entry id="0x7f13043f" name="Widget.MaterialComponents.Chip.Choice" />
    <entry id="0x7f130440" name="Widget.MaterialComponents.Chip.Entry" />
    <entry id="0x7f130442" name="Widget.MaterialComponents.ChipGroup" />
    <entry id="0x7f130443" name="Widget.MaterialComponents.CircularProgressIndicator" />
    <entry id="0x7f130448" name="Widget.MaterialComponents.CompoundButton.CheckBox" />
    <entry id="0x7f130449" name="Widget.MaterialComponents.CompoundButton.RadioButton" />
    <entry id="0x7f13044a" name="Widget.MaterialComponents.CompoundButton.Switch" />
    <entry id="0x7f13044b" name="Widget.MaterialComponents.ExtendedFloatingActionButton" />
    <entry id="0x7f13044c" name="Widget.MaterialComponents.ExtendedFloatingActionButton.Icon" />
    <entry id="0x7f13044d" name="Widget.MaterialComponents.FloatingActionButton" />
    <entry id="0x7f13044e" name="Widget.MaterialComponents.Light.ActionBar.Solid" />
    <entry id="0x7f13044f" name="Widget.MaterialComponents.LinearProgressIndicator" />
    <entry id="0x7f130450" name="Widget.MaterialComponents.MaterialButtonToggleGroup" />
    <entry id="0x7f130451" name="Widget.MaterialComponents.MaterialCalendar" />
    <entry id="0x7f130452" name="Widget.MaterialComponents.MaterialCalendar.Day" />
    <entry id="0x7f130453" name="Widget.MaterialComponents.MaterialCalendar.Day.Invalid" />
    <entry id="0x7f130454" name="Widget.MaterialComponents.MaterialCalendar.Day.Selected" />
    <entry id="0x7f130455" name="Widget.MaterialComponents.MaterialCalendar.Day.Today" />
    <entry id="0x7f130456" name="Widget.MaterialComponents.MaterialCalendar.DayOfWeekLabel" />
    <entry id="0x7f130457" name="Widget.MaterialComponents.MaterialCalendar.DayTextView" />
    <entry id="0x7f130458" name="Widget.MaterialComponents.MaterialCalendar.Fullscreen" />
    <entry id="0x7f130459" name="Widget.MaterialComponents.MaterialCalendar.HeaderCancelButton" />
    <entry id="0x7f13045a" name="Widget.MaterialComponents.MaterialCalendar.HeaderConfirmButton" />
    <entry id="0x7f13045b" name="Widget.MaterialComponents.MaterialCalendar.HeaderDivider" />
    <entry id="0x7f13045c" name="Widget.MaterialComponents.MaterialCalendar.HeaderLayout" />
    <entry id="0x7f13045d" name="Widget.MaterialComponents.MaterialCalendar.HeaderLayout.Fullscreen" />
    <entry id="0x7f13045e" name="Widget.MaterialComponents.MaterialCalendar.HeaderSelection" />
    <entry id="0x7f13045f" name="Widget.MaterialComponents.MaterialCalendar.HeaderSelection.Fullscreen" />
    <entry id="0x7f130460" name="Widget.MaterialComponents.MaterialCalendar.HeaderTitle" />
    <entry id="0x7f130461" name="Widget.MaterialComponents.MaterialCalendar.HeaderToggleButton" />
    <entry id="0x7f130462" name="Widget.MaterialComponents.MaterialCalendar.Item" />
    <entry id="0x7f130463" name="Widget.MaterialComponents.MaterialCalendar.MonthNavigationButton" />
    <entry id="0x7f130464" name="Widget.MaterialComponents.MaterialCalendar.MonthTextView" />
    <entry id="0x7f130465" name="Widget.MaterialComponents.MaterialCalendar.Year" />
    <entry id="0x7f130466" name="Widget.MaterialComponents.MaterialCalendar.Year.Selected" />
    <entry id="0x7f130467" name="Widget.MaterialComponents.MaterialCalendar.Year.Today" />
    <entry id="0x7f130468" name="Widget.MaterialComponents.MaterialCalendar.YearNavigationButton" />
    <entry id="0x7f13046a" name="Widget.MaterialComponents.NavigationRailView" />
    <entry id="0x7f13046f" name="Widget.MaterialComponents.NavigationView" />
    <entry id="0x7f130470" name="Widget.MaterialComponents.PopupMenu" />
    <entry id="0x7f130471" name="Widget.MaterialComponents.PopupMenu.ContextMenu" />
    <entry id="0x7f130472" name="Widget.MaterialComponents.PopupMenu.ListPopupWindow" />
    <entry id="0x7f130473" name="Widget.MaterialComponents.PopupMenu.Overflow" />
    <entry id="0x7f130474" name="Widget.MaterialComponents.ProgressIndicator" />
    <entry id="0x7f130476" name="Widget.MaterialComponents.Slider" />
    <entry id="0x7f130477" name="Widget.MaterialComponents.Snackbar" />
    <entry id="0x7f130479" name="Widget.MaterialComponents.Snackbar.TextView" />
    <entry id="0x7f13047a" name="Widget.MaterialComponents.TabLayout" />
    <entry id="0x7f13047d" name="Widget.MaterialComponents.TextInputEditText.FilledBox" />
    <entry id="0x7f13047e" name="Widget.MaterialComponents.TextInputEditText.FilledBox.Dense" />
    <entry id="0x7f13047f" name="Widget.MaterialComponents.TextInputEditText.OutlinedBox" />
    <entry id="0x7f130480" name="Widget.MaterialComponents.TextInputEditText.OutlinedBox.Dense" />
    <entry id="0x7f130481" name="Widget.MaterialComponents.TextInputLayout.FilledBox" />
    <entry id="0x7f130482" name="Widget.MaterialComponents.TextInputLayout.FilledBox.Dense" />
    <entry id="0x7f130484" name="Widget.MaterialComponents.TextInputLayout.FilledBox.ExposedDropdownMenu" />
    <entry id="0x7f130485" name="Widget.MaterialComponents.TextInputLayout.OutlinedBox" />
    <entry id="0x7f130486" name="Widget.MaterialComponents.TextInputLayout.OutlinedBox.Dense" />
    <entry id="0x7f130488" name="Widget.MaterialComponents.TextInputLayout.OutlinedBox.ExposedDropdownMenu" />
    <entry id="0x7f130489" name="Widget.MaterialComponents.TextView" />
    <entry id="0x7f13048b" name="Widget.MaterialComponents.TimePicker.Button" />
    <entry id="0x7f13048c" name="Widget.MaterialComponents.TimePicker.Clock" />
    <entry id="0x7f13048d" name="Widget.MaterialComponents.TimePicker.Display" />
    <entry id="0x7f13048e" name="Widget.MaterialComponents.TimePicker.Display.Divider" />
    <entry id="0x7f13048f" name="Widget.MaterialComponents.TimePicker.Display.HelperText" />
    <entry id="0x7f130490" name="Widget.MaterialComponents.TimePicker.Display.TextInputEditText" />
    <entry id="0x7f130491" name="Widget.MaterialComponents.TimePicker.Display.TextInputLayout" />
    <entry id="0x7f130492" name="Widget.MaterialComponents.TimePicker.ImageButton" />
    <entry id="0x7f130493" name="Widget.MaterialComponents.TimePicker.ImageButton.ShapeAppearance" />
    <entry id="0x7f130494" name="Widget.MaterialComponents.Toolbar" />
    <entry id="0x7f130498" name="Widget.MaterialComponents.Tooltip" />
    <entry id="0x7f13049a" name="com.applovin.creative.CreativeDebuggerActivity.ActionBar" />
    <entry id="0x7f13049b" name="com.applovin.creative.CreativeDebuggerActivity.ActionBar.TitleTextStyle" />
    <entry id="0x7f13049c" name="com.applovin.creative.CreativeDebuggerActivity.Theme" />
    <entry id="0x7f13049d" name="com.applovin.creative.debugger.ui.DisplayedAdActivity.ReportAdButton" />
    <entry id="0x7f13049e" name="com.applovin.mediation.ConsentFlow.BodyTextView" />
    <entry id="0x7f13049f" name="com.applovin.mediation.ConsentFlow.NeutralButton" />
    <entry id="0x7f1304a0" name="com.applovin.mediation.ConsentFlow.PositiveButton" />
    <entry id="0x7f1304a1" name="com.applovin.mediation.ConsentFlow.TitleTextView" />
    <entry id="0x7f1304a2" name="com.applovin.mediation.MaxDebuggerActivity.ActionBar" />
    <entry id="0x7f1304a3" name="com.applovin.mediation.MaxDebuggerActivity.ActionBar.Live" />
    <entry id="0x7f1304a4" name="com.applovin.mediation.MaxDebuggerActivity.ActionBar.TitleTextStyle" />
    <entry id="0x7f1304a5" name="com.applovin.mediation.MaxDebuggerActivity.Theme" />
    <entry id="0x7f1304a6" name="com.applovin.mediation.MaxDebuggerActivity.Theme.Live" />
    <entry id="0x7f1304a7" name="com.applovin.mediation.nativeAds.MaxNativeAdView.AdBadgeTextView" />
    <entry id="0x7f1304a8" name="com.applovin.mediation.nativeAds.MaxNativeAdView.AutoScrollingTextView" />
    <entry id="0x7f1304a9" name="com.applovin.mediation.nativeAds.MaxNativeAdView.CTAButton" />
    <entry id="0x7f1304aa" name="com.applovin.mediation.nativeAds.MaxNativeAdView.LargeAdBadgeTextView" />
    <entry id="0x7f1304ab" name="com.applovin.mediation.nativeAds.MaxNativeAdView.LargeScrollingBodyTextView" />
    <entry id="0x7f1304ac" name="com.applovin.mediation.nativeAds.MaxNativeAdView.LargeScrollingTitleTextView" />
    <entry id="0x7f1304ad" name="com.applovin.mediation.nativeAds.MaxNativeAdView.LargeVerticalBodyTextSize" />
    <entry id="0x7f1304ae" name="com.applovin.mediation.nativeAds.MaxNativeAdView.LargeVerticalTitleTextSize" />
    <entry id="0x7f1304af" name="com.applovin.mediation.nativeAds.MaxNativeAdView.ScrollingTitleTextView" />
    <entry id="0x7f1304b0" name="com.applovin.mediation.nativeAds.MaxNativeAdView.SmallAdBadgeTextView" />
    <entry id="0x7f1304b1" name="com.applovin.mediation.nativeAds.MaxNativeAdView.SmallScrollingBodyTextView" />
    <entry id="0x7f1304b2" name="com.applovin.mediation.nativeAds.MaxNativeAdView.SmallScrollingTitleTextView" />
    <entry id="0x7f1304b3" name="com.applovin.mediation.nativeAds.MaxNativeAdView.SmallVerticalBodyTextSize" />
    <entry id="0x7f1304b4" name="com.applovin.mediation.nativeAds.MaxNativeAdView.SmallVerticalTitleTextSize" />
    <entry id="0x7f1304b5" name="com.applovin.mediation.nativeAds.MaxNativeAdView.TitleTextStyle" />
    <entry id="0x7f1304b6" name="main_tab_style" />
</type>