<?xml version='1.0' encoding='utf-8' ?>
<resources>
    <string name="abc_action_bar_up_description">Di chuyển lên</string>
    <string name="abc_action_mode_done">Xong</string>
    <string name="abc_capital_off">TẮT</string>
    <string name="abc_capital_on">BẬT</string>
    <string name="abc_menu_alt_shortcut_label">Alt+</string>
    <string name="abc_menu_ctrl_shortcut_label">Ctrl+</string>
    <string name="abc_menu_delete_shortcut_label">delete</string>
    <string name="abc_menu_enter_shortcut_label">enter</string>
    <string name="abc_menu_function_shortcut_label">Function+</string>
    <string name="abc_menu_meta_shortcut_label">Meta+</string>
    <string name="abc_menu_shift_shortcut_label">Shift+</string>
    <string name="abc_menu_space_shortcut_label">space</string>
    <string name="abc_menu_sym_shortcut_label">Sym+</string>
    <string name="abc_prepend_shortcut_label">Menu+</string>
    <string name="abc_search_hint">Tìm kiếm…</string>
    <string name="abc_searchview_description_clear">Xóa truy vấn</string>
    <string name="abc_searchview_description_search">Tìm kiếm</string>
    <string name="abc_searchview_description_submit">Gửi truy vấn</string>
    <string name="abc_searchview_description_voice">Tìm kiếm bằng giọng nói</string>
    <string name="abc_toolbar_collapse_description">Thu gọn</string>
    <string name="bottomsheet_action_collapse">Thu gọn bảng dưới cùng</string>
    <string name="bottomsheet_action_expand">Mở rộng bảng dưới cùng</string>
    <string name="bottomsheet_action_expand_halfway">Mở rộng một nửa</string>
    <string name="bottomsheet_drag_handle_clicked">Đã nhấn đúp nút kéo</string>
    <string name="bottomsheet_drag_handle_content_description">Nút kéo</string>
    <string name="call_notification_answer_action">Trả lời</string>
    <string name="call_notification_answer_video_action">Video</string>
    <string name="call_notification_decline_action">Từ chối</string>
    <string name="call_notification_hang_up_action">Kết thúc</string>
    <string name="call_notification_incoming_text">Cuộc gọi đến</string>
    <string name="call_notification_ongoing_text">Cuộc gọi đang thực hiện</string>
    <string name="call_notification_screening_text">Đang sàng lọc cuộc gọi đến</string>
    <string name="character_counter_content_description">Đã nhập %1$d trong số %2$d ký tự</string>
    <string name="character_counter_overflowed_content_description">Đã vượt quá giới hạn ký tự %1$d/%2$d</string>
    <string name="clear_text_end_icon_content_description">Xóa văn bản</string>
    <string name="common_google_play_services_enable_button">Bật</string>
    <string name="common_google_play_services_enable_text">%1$s sẽ không hoạt động nếu bạn không bật dịch vụ của Google Play.</string>
    <string name="common_google_play_services_enable_title">Bật dịch vụ của Google Play</string>
    <string name="common_google_play_services_install_button">Cài đặt</string>
    <string name="common_google_play_services_install_text">%1$s sẽ không chạy nếu không có dịch vụ của Google Play. Thiết bị của bạn bị thiếu dịch vụ này.</string>
    <string name="common_google_play_services_install_title">Cài đặt dịch vụ của Google Play</string>
    <string name="common_google_play_services_notification_channel_name">Phạm vi cung cấp Dịch vụ Google Play</string>
    <string name="common_google_play_services_notification_ticker">Lỗi dịch vụ của Google Play</string>
    <string name="common_google_play_services_unknown_issue">%1$s đang gặp sự cố với Dịch vụ Google Play. Hãy thử lại.</string>
    <string name="common_google_play_services_unsupported_text">%1$s sẽ không chạy nếu không có Dịch vụ Google Play. Thiết bị của bạn không hỗ trợ các dịch vụ này.</string>
    <string name="common_google_play_services_update_button">Cập nhật</string>
    <string name="common_google_play_services_update_text">%1$s sẽ không chạy trừ khi bạn cập nhật Dịch vụ Google Play.</string>
    <string name="common_google_play_services_update_title">Cập nhật dịch vụ của Google Play</string>
    <string name="common_google_play_services_updating_text">%1$s sẽ không chạy nếu không có dịch vụ của Google Play. Dịch vụ này hiện đang cập nhật.</string>
    <string name="common_google_play_services_wear_update_text">Cần phiên bản mới của dịch vụ Google Play. Dịch vụ sẽ sớm tự động cập nhật.</string>
    <string name="common_open_on_phone">Mở trên điện thoại</string>
    <string name="common_signin_button_text">Đăng nhập</string>
    <string name="common_signin_button_text_long">Đăng nhập bằng Google</string>
    <string name="error_icon_content_description">Lỗi</string>
    <string name="exo_controls_fastforward_description">Tua đi</string>
    <string name="exo_controls_hide">Ẩn các nút điều khiển trình phát</string>
    <string name="exo_controls_next_description">Tiếp theo</string>
    <string name="exo_controls_pause_description">Tạm dừng</string>
    <string name="exo_controls_play_description">Phát</string>
    <string name="exo_controls_previous_description">Trước</string>
    <string name="exo_controls_repeat_all_description">Chế độ hiện tại: Lặp lại tất cả nội dung. Bật/tắt chế độ lặp lại.</string>
    <string name="exo_controls_repeat_off_description">Chế độ hiện tại: Không lặp lại. Bật/tắt chế độ lặp lại.</string>
    <string name="exo_controls_repeat_one_description">Chế độ hiện tại: Lặp lại một nội dung. Bật/tắt chế độ lặp lại.</string>
    <string name="exo_controls_rewind_description">Tua lại</string>
    <string name="exo_controls_show">Hiển thị các nút điều khiển trình phát</string>
    <string name="exo_controls_shuffle_off_description">Bật chế độ trộn bài</string>
    <string name="exo_controls_shuffle_on_description">Tắt chế độ trộn bài</string>
    <string name="exo_controls_vr_description">Chế độ thực tế ảo</string>
    <string name="exo_item_list">%1$s, %2$s</string>
    <string name="exo_track_bitrate">%1$.2f Mb/giây</string>
    <string name="exo_track_mono">Đơn âm</string>
    <string name="exo_track_resolution">%1$d × %2$d</string>
    <string name="exo_track_role_alternate">Thay thế</string>
    <string name="exo_track_role_closed_captions">Phụ đề</string>
    <string name="exo_track_role_commentary">Bình luận</string>
    <string name="exo_track_role_supplementary">Bổ sung</string>
    <string name="exo_track_selection_auto">Tự động</string>
    <string name="exo_track_selection_none">Không</string>
    <string name="exo_track_selection_title_audio">Âm thanh</string>
    <string name="exo_track_selection_title_text">Văn bản</string>
    <string name="exo_track_selection_title_video">Video</string>
    <string name="exo_track_stereo">Âm thanh nổi</string>
    <string name="exo_track_surround">Âm thanh vòm</string>
    <string name="exo_track_surround_5_point_1">Âm thanh vòm 5.1</string>
    <string name="exo_track_surround_7_point_1">Âm thanh vòm 7.1</string>
    <string name="exo_track_unknown">Không xác định</string>
    <string name="exposed_dropdown_menu_content_description">Hiển thị menu thả xuống</string>
    <string name="fallback_menu_item_copy_link">Sao chép đường liên kết</string>
    <string name="fallback_menu_item_open_in_browser">Mở trong trình duyệt</string>
    <string name="fallback_menu_item_share_link">Chia sẻ liên kết</string>
    <string name="icon_content_description">Biểu tượng hộp thoại</string>
    <string name="item_view_role_description">Thẻ</string>
    <string name="material_clock_toggle_content_description">Chọn SA hoặc CH</string>
    <string name="material_hour_24h_suffix">%1$s giờ</string>
    <string name="material_hour_selection">Chọn giờ</string>
    <string name="material_hour_suffix">%1$s giờ</string>
    <string name="material_minute_selection">Chọn phút</string>
    <string name="material_minute_suffix">%1$s phút</string>
    <string name="material_timepicker_am">SA</string>
    <string name="material_timepicker_clock_mode_description">Chuyển sang chế độ đồng hồ để nhập thời gian.</string>
    <string name="material_timepicker_hour">Giờ</string>
    <string name="material_timepicker_minute">Phút</string>
    <string name="material_timepicker_pm">CH</string>
    <string name="material_timepicker_select_time">Chọn thời gian</string>
    <string name="material_timepicker_text_input_mode_description">Chuyển sang chế độ nhập văn bản để nhập thời gian.</string>
    <string name="mtrl_badge_numberless_content_description">Thông báo mới</string>
    <string name="mtrl_chip_close_icon_content_description">Xóa %1$s</string>
    <string name="mtrl_exceed_max_badge_number_content_description">Hơn %1$d thông báo mới</string>
    <string name="mtrl_picker_a11y_next_month">Chuyển sang tháng tiếp theo</string>
    <string name="mtrl_picker_a11y_prev_month">Chuyển về tháng trước</string>
    <string name="mtrl_picker_cancel">Hủy</string>
    <string name="mtrl_picker_confirm">OK</string>
    <string name="mtrl_picker_day_of_week_column_header">Cột ngày: %1$s</string>
    <string name="mtrl_picker_navigate_to_year_description">Chuyển tới năm %1$s</string>
    <string name="mtrl_picker_save">Lưu</string>
    <string name="mtrl_picker_toggle_to_calendar_input_mode">Chuyển sang chế độ nhập lịch</string>
    <string name="mtrl_picker_toggle_to_day_selection">Nhấn để chuyển sang chế độ chọn một ngày</string>
    <string name="mtrl_picker_toggle_to_text_input_mode">Chuyển sang chế độ nhập văn bản</string>
    <string name="mtrl_picker_toggle_to_year_selection">Nhấn để chuyển sang chế độ chọn một năm</string>
    <string name="mtrl_timepicker_cancel">Huỷ</string>
    <string name="mtrl_timepicker_confirm">OK</string>
    <string name="native_body">Nội dung</string>
    <string name="native_headline">Tiêu đề</string>
    <string name="native_media_view">Nội dung nghe nhìn</string>
    <string name="notifications_permission_confirm">Cho phép</string>
    <string name="notifications_permission_decline">Không cho phép</string>
    <string name="notifications_permission_title">Cho phép ứng dụng gửi thông báo cho bạn?</string>
    <string name="offline_dialog_image_description">Biểu tượng</string>
    <string name="offline_dialog_text">Cảm ơn bạn đã quan tâm.
Chúng tôi sẽ chia sẻ nhiều hơn khi bạn kết nối mạng trở lại.</string>
    <string name="offline_notification_title">Bạn đã kết nối mạng trở lại! Hãy tiếp tục từ thời điểm chúng ta dừng lại lần trước</string>
    <string name="offline_notification_title_with_advertiser">Bạn đã kết nối mạng trở lại! Tiếp tục tìm hiểu về %s</string>
    <string name="offline_opt_in_confirm">OK</string>
    <string name="offline_opt_in_decline">Để sau</string>
    <string name="offline_opt_in_message">Chúng tôi sẽ gửi thông báo cho bạn kèm theo đường liên kết đến trang web của nhà quảng cáo.</string>
    <string name="offline_opt_in_title">Mở quảng cáo khi bạn có kết nối mạng trở lại.</string>
    <string name="password_toggle_content_description">Hiện mật khẩu</string>
    <string name="s1">Lưu hình ảnh</string>
    <string name="s2">Cho phép Quảng cáo lưu trữ hình ảnh trong thư viện Ảnh?</string>
    <string name="s3">Chấp nhận</string>
    <string name="s4">Từ chối</string>
    <string name="s5">Tạo sự kiện lịch</string>
    <string name="s6">Cho phép Quảng cáo tạo sự kiện lịch?</string>
    <string name="s7">Quảng cáo thử nghiệm</string>
    <string name="search_menu_title">Tìm kiếm</string>
    <string name="status_bar_notification_info_overflow">999+</string>
    <string name="watermark_label_prefix">AdMob –</string>
</resources>