<?xml version='1.0' encoding='utf-8' ?>
<resources>
    <string name="abc_action_bar_up_description">Движи се нагоре</string>
    <string name="abc_action_mode_done">Готово</string>
    <string name="abc_capital_off">ИСКЛУЧЕНО</string>
    <string name="abc_capital_on">ВКЛУЧЕНО</string>
    <string name="abc_menu_alt_shortcut_label">Alt+</string>
    <string name="abc_menu_ctrl_shortcut_label">Ctrl+</string>
    <string name="abc_menu_delete_shortcut_label">избриши</string>
    <string name="abc_menu_enter_shortcut_label">Enter</string>
    <string name="abc_menu_function_shortcut_label">Function+</string>
    <string name="abc_menu_meta_shortcut_label">Meta+</string>
    <string name="abc_menu_shift_shortcut_label">Shift+</string>
    <string name="abc_menu_space_shortcut_label">вселена</string>
    <string name="abc_menu_sym_shortcut_label">Sym+</string>
    <string name="abc_prepend_shortcut_label">Menu+</string>
    <string name="abc_search_hint">Пребарување…</string>
    <string name="abc_searchview_description_clear">Исчисти барање</string>
    <string name="abc_searchview_description_search">Пребарај</string>
    <string name="abc_searchview_description_submit">Испрати барање</string>
    <string name="abc_searchview_description_voice">Гласовно пребарување</string>
    <string name="abc_toolbar_collapse_description">Собери</string>
    <string name="bottomsheet_action_collapse">Соберете го долниот лист</string>
    <string name="bottomsheet_action_expand">Проширете го долниот лист</string>
    <string name="bottomsheet_action_expand_halfway">Прошири до половина</string>
    <string name="bottomsheet_drag_handle_clicked">Рачката за влечење е допрена двапати</string>
    <string name="bottomsheet_drag_handle_content_description">Рачка за влечење</string>
    <string name="call_notification_answer_action">Одговори</string>
    <string name="call_notification_answer_video_action">Видео</string>
    <string name="call_notification_decline_action">Одбиј</string>
    <string name="call_notification_hang_up_action">Спушти</string>
    <string name="call_notification_incoming_text">Дојдовен повик</string>
    <string name="call_notification_ongoing_text">Тековен повик</string>
    <string name="call_notification_screening_text">Проверка на дојдовен повик</string>
    <string name="character_counter_content_description">Внесени се %1$d од %2$d знаци</string>
    <string name="character_counter_overflowed_content_description">Ограничувањето на знаците надмина %1$d од %2$d</string>
    <string name="clear_text_end_icon_content_description">Избриши го текстот</string>
    <string name="common_google_play_services_enable_button">Овозможи</string>
    <string name="common_google_play_services_enable_text">%1$s нема да се извршува ако не овозможите услуги на Google Play.</string>
    <string name="common_google_play_services_enable_title">Овозможи ги услугите на Google Play</string>
    <string name="common_google_play_services_install_button">Инсталирај</string>
    <string name="common_google_play_services_install_text">%1$s нема да се извршува без услугите на Google Play што ги нема на уредот.</string>
    <string name="common_google_play_services_install_title">Преземи ги услугите на Google Play</string>
    <string name="common_google_play_services_notification_channel_name">Достапност на услугите на Google Play</string>
    <string name="common_google_play_services_notification_ticker">Грешка на услугите на Google Play</string>
    <string name="common_google_play_services_unknown_issue">%1$s има проблеми со услугите на Google Play. Обидете се повторно.</string>
    <string name="common_google_play_services_unsupported_text">%1$s нема да се извршува без услугите на Google Play, што не се подржани од уредов.</string>
    <string name="common_google_play_services_update_button">Ажурирај</string>
    <string name="common_google_play_services_update_text">%1$s нема да се извршува ако не ги ажурирате услугите на Google Play.</string>
    <string name="common_google_play_services_update_title">Ажурирај ги услугите на Google Play</string>
    <string name="common_google_play_services_updating_text">%1$s нема да се извршува без услугите на Google Play што се ажурираат во моментов.</string>
    <string name="common_google_play_services_wear_update_text">Потребна е нова верзија на услугите на Google Play. Таа наскоро самата ќе се ажурира.</string>
    <string name="common_open_on_phone">Отвори на телефонот</string>
    <string name="common_signin_button_text">Најави се</string>
    <string name="common_signin_button_text_long">Најави се со Google</string>
    <string name="error_icon_content_description">Грешка</string>
    <string name="exo_controls_fastforward_description">Премотај напред</string>
    <string name="exo_controls_hide">Сокриј ги контролите на плеерот</string>
    <string name="exo_controls_next_description">Следна</string>
    <string name="exo_controls_pause_description">Пауза</string>
    <string name="exo_controls_play_description">Пушти</string>
    <string name="exo_controls_previous_description">Претходна</string>
    <string name="exo_controls_repeat_all_description">Тековно: повтори ги сите. Вклучи/исклучи повторување.</string>
    <string name="exo_controls_repeat_off_description">Тековно: не повторувај. Вклучи/исклучи повторување.</string>
    <string name="exo_controls_repeat_one_description">Тековно: повтори една. Вклучи/исклучи повторување.</string>
    <string name="exo_controls_rewind_description">Премотај наназад</string>
    <string name="exo_controls_show">Прикажи ги контролите на плеерот</string>
    <string name="exo_controls_shuffle_off_description">Овозможи режим на мешање</string>
    <string name="exo_controls_shuffle_on_description">Оневозможи режим на мешање</string>
    <string name="exo_controls_vr_description">Режим на VR</string>
    <string name="exo_item_list">%1$s, %2$s</string>
    <string name="exo_track_bitrate">%1$.2f Mб/с</string>
    <string name="exo_track_mono">Моно</string>
    <string name="exo_track_resolution">%1$d × %2$d</string>
    <string name="exo_track_role_alternate">Алтернативна</string>
    <string name="exo_track_role_closed_captions">Титлови</string>
    <string name="exo_track_role_commentary">Коментар</string>
    <string name="exo_track_role_supplementary">Дополнителна</string>
    <string name="exo_track_selection_auto">Автоматскa</string>
    <string name="exo_track_selection_none">Нема</string>
    <string name="exo_track_selection_title_audio">Аудио</string>
    <string name="exo_track_selection_title_text">Текст</string>
    <string name="exo_track_selection_title_video">Видео</string>
    <string name="exo_track_stereo">Стерео</string>
    <string name="exo_track_surround">Опкружувачки звук</string>
    <string name="exo_track_surround_5_point_1">5.1 опкружувачки звук</string>
    <string name="exo_track_surround_7_point_1">7.1 опкружувачки звук</string>
    <string name="exo_track_unknown">Непозната</string>
    <string name="exposed_dropdown_menu_content_description">Прикажи паѓачко мени</string>
    <string name="fallback_menu_item_copy_link">Копирај го линкот</string>
    <string name="fallback_menu_item_open_in_browser">Отвори во прелистувач</string>
    <string name="fallback_menu_item_share_link">Сподели линк</string>
    <string name="icon_content_description">Икона за дијалог</string>
    <string name="item_view_role_description">Картичка</string>
    <string name="material_clock_toggle_content_description">Изберете претпладне или попладне</string>
    <string name="material_hour_24h_suffix">%1$s часа</string>
    <string name="material_hour_selection">Изберете час</string>
    <string name="material_hour_suffix">%1$s часот</string>
    <string name="material_minute_selection">Избери минути</string>
    <string name="material_minute_suffix">%1$s минути</string>
    <string name="material_timepicker_am">пр.</string>
    <string name="material_timepicker_clock_mode_description">Префрлете се на режимот за часовник за да внесете време.</string>
    <string name="material_timepicker_hour">Час</string>
    <string name="material_timepicker_minute">Минута</string>
    <string name="material_timepicker_pm">по.</string>
    <string name="material_timepicker_select_time">Изберете време</string>
    <string name="material_timepicker_text_input_mode_description">Префрлете се на режимот за внесување текст за да внесете време.</string>
    <string name="mtrl_badge_numberless_content_description">Ново известување</string>
    <string name="mtrl_chip_close_icon_content_description">Отстрани %1$s</string>
    <string name="mtrl_exceed_max_badge_number_content_description">Над %1$d нови известувања</string>
    <string name="mtrl_picker_a11y_next_month">Промени на следниот месец</string>
    <string name="mtrl_picker_a11y_prev_month">Промени на претходниот месец</string>
    <string name="mtrl_picker_cancel">Откажи</string>
    <string name="mtrl_picker_confirm">Во ред</string>
    <string name="mtrl_picker_day_of_week_column_header">Колона со денови: %1$s</string>
    <string name="mtrl_picker_navigate_to_year_description">Оди на %1$s година</string>
    <string name="mtrl_picker_save">Зачувај</string>
    <string name="mtrl_picker_toggle_to_calendar_input_mode">Префрли на режим за внесување во календарот</string>
    <string name="mtrl_picker_toggle_to_day_selection">Допрете за да се префрлите на избирање ден</string>
    <string name="mtrl_picker_toggle_to_text_input_mode">Префрли на режим за внесување текст</string>
    <string name="mtrl_picker_toggle_to_year_selection">Допрете за да се префрлите на избирање година</string>
    <string name="mtrl_timepicker_cancel">Откажи</string>
    <string name="mtrl_timepicker_confirm">Во ред</string>
    <string name="native_body">Главен текст</string>
    <string name="native_headline">Наслов</string>
    <string name="native_media_view">Преглед на аудиовизуелни содржини</string>
    <string name="notifications_permission_confirm">Дозволи</string>
    <string name="notifications_permission_decline">Не дозволувај</string>
    <string name="notifications_permission_title">Дозволи апликацијата да ти испраќа известувања?</string>
    <string name="offline_dialog_image_description">Икона</string>
    <string name="offline_dialog_text">Фала за интересот.
Ќе споделиме повеќе штом ќе бидете онлајн повторно.</string>
    <string name="offline_notification_title">Повторно сте онлајн! Да продолжиме каде што застанавме</string>
    <string name="offline_notification_title_with_advertiser">Повторно сте онлајн! Продолжете и дознајте повеќе за %s</string>
    <string name="offline_opt_in_confirm">Во ред</string>
    <string name="offline_opt_in_decline">Не, фала</string>
    <string name="offline_opt_in_message">Ќе ви испратиме известување со линк до сајтот на огласувачот.</string>
    <string name="offline_opt_in_title">Отворете ја рекламата кога ќе бидете повторно онлајн.</string>
    <string name="password_toggle_content_description">Прикажи ја лозинката</string>
    <string name="s1">Зачувај ја сликата</string>
    <string name="s2">Дали дозволувате рекламата да ја зачува сликата во „Галеријата со слики“?</string>
    <string name="s3">Прифати</string>
    <string name="s4">Одбиј</string>
    <string name="s5">Создај настан во календарот</string>
    <string name="s6">Дали дозволувате рекламата да создаде настан во календарот?</string>
    <string name="s7">Тестирај ја рекламата</string>
    <string name="search_menu_title">Пребарување</string>
    <string name="status_bar_notification_info_overflow">999+</string>
    <string name="watermark_label_prefix">AdMob -</string>
</resources>