<?xml version='1.0' encoding='utf-8' ?>
<resources>
    <string name="abc_action_bar_up_description">Navigate up</string>
    <string name="abc_action_mode_done">Done</string>
    <string name="abc_capital_off">OFF</string>
    <string name="abc_capital_on">ON</string>
    <string name="abc_menu_alt_shortcut_label">Alt+</string>
    <string name="abc_menu_ctrl_shortcut_label">Ctrl+</string>
    <string name="abc_menu_delete_shortcut_label">delete</string>
    <string name="abc_menu_enter_shortcut_label">enter</string>
    <string name="abc_menu_function_shortcut_label">Function+</string>
    <string name="abc_menu_meta_shortcut_label">Meta+</string>
    <string name="abc_menu_shift_shortcut_label">Shift+</string>
    <string name="abc_menu_space_shortcut_label">space</string>
    <string name="abc_menu_sym_shortcut_label">Sym+</string>
    <string name="abc_prepend_shortcut_label">Menu+</string>
    <string name="abc_search_hint">Search…</string>
    <string name="abc_searchview_description_clear">Clear query</string>
    <string name="abc_searchview_description_search">Search</string>
    <string name="abc_searchview_description_submit">Submit query</string>
    <string name="abc_searchview_description_voice">Voice search</string>
    <string name="abc_toolbar_collapse_description">Collapse</string>
    <string name="add_to_fav">Add to favorites</string>
    <string name="al_exo_controls_cc_disabled_description">Enable subtitles</string>
    <string name="al_exo_controls_cc_enabled_description">Disable subtitles</string>
    <string name="al_exo_controls_custom_playback_speed">%1$.2fx</string>
    <string name="al_exo_controls_fastforward_description">Fast forward</string>
    <string name="al_exo_controls_fullscreen_enter_description">Enter fullscreen</string>
    <string name="al_exo_controls_fullscreen_exit_description">Exit fullscreen</string>
    <string name="al_exo_controls_hide">Hide player controls</string>
    <string name="al_exo_controls_next_description">Next</string>
    <string name="al_exo_controls_overflow_hide_description">Hide additional settings</string>
    <string name="al_exo_controls_overflow_show_description">Show additional settings</string>
    <string name="al_exo_controls_pause_description">Pause</string>
    <string name="al_exo_controls_play_description">Play</string>
    <string name="al_exo_controls_playback_speed">Speed</string>
    <string name="al_exo_controls_playback_speed_normal">Normal</string>
    <string name="al_exo_controls_previous_description">Previous</string>
    <string name="al_exo_controls_repeat_all_description">Repeat all</string>
    <string name="al_exo_controls_repeat_off_description">Repeat none</string>
    <string name="al_exo_controls_repeat_one_description">Repeat one</string>
    <string name="al_exo_controls_rewind_description">Rewind</string>
    <string name="al_exo_controls_seek_bar_description">Playback progress</string>
    <string name="al_exo_controls_settings_description">Settings</string>
    <string name="al_exo_controls_show">Show player controls</string>
    <string name="al_exo_controls_shuffle_off_description">Shuffle off</string>
    <string name="al_exo_controls_shuffle_on_description">Shuffle on</string>
    <string name="al_exo_controls_stop_description">Stop</string>
    <string name="al_exo_controls_time_placeholder">00:00:00</string>
    <string name="al_exo_controls_vr_description">VR mode</string>
    <string name="al_exo_download_completed">Download completed</string>
    <string name="al_exo_download_description">Download</string>
    <string name="al_exo_download_downloading">Downloading</string>
    <string name="al_exo_download_failed">Download failed</string>
    <string name="al_exo_download_notification_channel_name">Downloads</string>
    <string name="al_exo_download_paused">Downloads paused</string>
    <string name="al_exo_download_paused_for_network">Downloads waiting for network</string>
    <string name="al_exo_download_paused_for_wifi">Downloads waiting for WiFi</string>
    <string name="al_exo_download_removing">Removing downloads</string>
    <string name="al_exo_item_list">%1$s, %2$s</string>
    <string name="al_exo_track_bitrate">%1$.2f Mbps</string>
    <string name="al_exo_track_mono">Mono</string>
    <string name="al_exo_track_resolution">%1$d × %2$d</string>
    <string name="al_exo_track_role_alternate">Alternate</string>
    <string name="al_exo_track_role_closed_captions">CC</string>
    <string name="al_exo_track_role_commentary">Commentary</string>
    <string name="al_exo_track_role_supplementary">Supplementary</string>
    <string name="al_exo_track_selection_auto">Auto</string>
    <string name="al_exo_track_selection_none">None</string>
    <string name="al_exo_track_selection_title_audio">Audio</string>
    <string name="al_exo_track_selection_title_text">Text</string>
    <string name="al_exo_track_selection_title_video">Video</string>
    <string name="al_exo_track_stereo">Stereo</string>
    <string name="al_exo_track_surround">Surround sound</string>
    <string name="al_exo_track_surround_5_point_1">5.1 surround sound</string>
    <string name="al_exo_track_surround_7_point_1">7.1 surround sound</string>
    <string name="al_exo_track_unknown">Unknown</string>
    <string name="androidx_startup">androidx.startup</string>
    <string name="app_name">AYMANE TV</string>
    <string name="appbar_scrolling_view_behavior">com.google.android.material.appbar.AppBarLayout$ScrollingViewBehavior</string>
    <string name="applovin_agree_message">Please press "Continue" if you choose to start using our app.</string>
    <string name="applovin_alt_privacy_policy_text"></string>
    <string name="applovin_continue_button_text">Continue</string>
    <string name="applovin_creative_debugger_disabled_text">Enable the Creative Debugger SDK settings in order to view recent ads.</string>
    <string name="applovin_creative_debugger_no_ads_text">No recently displayed ads found.</string>
    <string name="applovin_gdpr_advertising_partners_screen_message">As explained in our Privacy Policy, with your consent, we may share this data with the following partners to allow them to serve personalized ads or content:</string>
    <string name="applovin_gdpr_advertising_partners_screen_title">Personalized Ads and Content</string>
    <string name="applovin_gdpr_analytics_partners_screen_message">As explained in our Privacy Policy, with your consent, we may share this data with the following partners to help measure performance and improve our products and services:</string>
    <string name="applovin_gdpr_analytics_partners_screen_title">Performance Measurements and Product Development</string>
    <string name="applovin_gdpr_are_you_sure_screen_message">Allowing us and/or our partners to use this data for personalized ads and content and other purposes, as described in our Privacy Policy:

• Gives you a more personalized experience, ads, and content

• Helps support product improvements and developments

• Allows you to participate in promotions</string>
    <string name="applovin_gdpr_are_you_sure_screen_title">Are you sure?</string>
    <string name="applovin_gdpr_back_button_text">Back</string>
    <string name="applovin_gdpr_learn_more_screen_bullet_1">Helping keep our App free!</string>
    <string name="applovin_gdpr_learn_more_screen_bullet_2">Giving you a more personal experience, including personalized ads and content</string>
    <string name="applovin_gdpr_learn_more_screen_bullet_3">Helping support product improvements and developments</string>
    <string name="applovin_gdpr_learn_more_screen_bullet_4">Allowing you to participate in promotions</string>
    <string name="applovin_gdpr_learn_more_screen_message_1">Thank you for downloading our App! Allowing us and our partners to use this data helps us create a unique App experience, including by:</string>
    <string name="applovin_gdpr_learn_more_screen_message_2">You can always change your selections later. If you choose not to share your data, you will still be able to access the App and you will still receive ads. However, those ads may be less relevant to your interests.</string>
    <string name="applovin_gdpr_main_screen_analytics_purposes_switch_text">Performance measurements and product development</string>
    <string name="applovin_gdpr_main_screen_learn_more_button_text">Learn More</string>
    <string name="applovin_gdpr_main_screen_message">As explained in our Privacy Policy, with your consent, we collect certain information concerning your device, such as IP address and advertising identifiers. This data allows us and our partners to serve personalized ads and content and make improvements.

Below you can choose to allow us and/or our partners to use this data for the following purposes:</string>
    <string name="applovin_gdpr_main_screen_personalized_advertising_purposes_switch_text">Personalized ads and content</string>
    <string name="applovin_gdpr_main_screen_pp_and_tos_switch_text">I am over the age of sixteen, accept the Terms of Use, and acknowledge the Privacy Policy applies.</string>
    <string name="applovin_gdpr_main_screen_privacy_policy_switch_text">I certify that I am over the age of sixteen and that I have read and understood the Privacy Policy.</string>
    <string name="applovin_gdpr_main_screen_title">Thank you for downloading 
%s!</string>
    <string name="applovin_gdpr_understand_and_continue_button_text">I understand and confirm</string>
    <string name="applovin_learn_more_screen_title">Help us keep %s free and more fun for you!</string>
    <string name="applovin_list_item_image_description">Displays more info about the list item.</string>
    <string name="applovin_pp_and_tos_title">To use %s you must agree to our Terms &amp; Conditions and affirm you have reviewed our Privacy Policy</string>
    <string name="applovin_pp_title">To use %s you must affirm that you have reviewed and acknowledged our Privacy Policy.</string>
    <string name="applovin_privacy_policy_text">Privacy Policy</string>
    <string name="applovin_terms_of_service_text">Terms &amp; Conditions</string>
    <string name="applovin_terms_of_use_text">Terms of Use</string>
    <string name="apply">APPLY</string>
    <string name="bottom_sheet_behavior">com.google.android.material.bottomsheet.BottomSheetBehavior</string>
    <string name="bottomsheet_action_collapse">Collapse the bottom sheet</string>
    <string name="bottomsheet_action_expand">Expand the bottom sheet</string>
    <string name="bottomsheet_action_expand_halfway">Expand halfway</string>
    <string name="bottomsheet_drag_handle_clicked">Drag handle double-tapped</string>
    <string name="bottomsheet_drag_handle_content_description">Drag handle</string>
    <string name="call_notification_answer_action">Answer</string>
    <string name="call_notification_answer_video_action">Video</string>
    <string name="call_notification_decline_action">Decline</string>
    <string name="call_notification_hang_up_action">Hang Up</string>
    <string name="call_notification_incoming_text">Incoming call</string>
    <string name="call_notification_ongoing_text">Ongoing call</string>
    <string name="call_notification_screening_text">Screening an incoming call</string>
    <string name="channels">LIVE TV</string>
    <string name="character_counter_content_description">Characters entered %1$d of %2$d</string>
    <string name="character_counter_overflowed_content_description">Character limit exceeded %1$d of %2$d</string>
    <string name="character_counter_pattern">%1$d/%2$d</string>
    <string name="clear_text_end_icon_content_description">Clear text</string>
    <string name="close">Close</string>
    <string name="code">Code</string>
    <string name="common_google_play_services_enable_button">Enable</string>
    <string name="common_google_play_services_enable_text">%1$s won't work unless you enable Google Play services.</string>
    <string name="common_google_play_services_enable_title">Enable Google Play services</string>
    <string name="common_google_play_services_install_button">Install</string>
    <string name="common_google_play_services_install_text">%1$s won't run without Google Play services, which are missing from your device.</string>
    <string name="common_google_play_services_install_title">Get Google Play services</string>
    <string name="common_google_play_services_notification_channel_name">Google Play services availability</string>
    <string name="common_google_play_services_notification_ticker">Google Play services error</string>
    <string name="common_google_play_services_unknown_issue">%1$s is having trouble with Google Play services. Please try again.</string>
    <string name="common_google_play_services_unsupported_text">%1$s won't run without Google Play services, which are not supported by your device.</string>
    <string name="common_google_play_services_update_button">Update</string>
    <string name="common_google_play_services_update_text">%1$s won't run unless you update Google Play services.</string>
    <string name="common_google_play_services_update_title">Update Google Play services</string>
    <string name="common_google_play_services_updating_text">%1$s won't run without Google Play services, which are currently updating.</string>
    <string name="common_google_play_services_wear_update_text">New version of Google Play services needed. It will update itself shortly.</string>
    <string name="common_open_on_phone">Open on phone</string>
    <string name="common_signin_button_text">Sign in</string>
    <string name="common_signin_button_text_long">Sign in with Google</string>
    <string name="contact_on_telegram">Contact us on Telegram</string>
    <string name="contact_us">Contact Us</string>
    <string name="default_web_client_id">470559919704-fe0ig7jm4mv97kee49rne5g8epvre7uv.apps.googleusercontent.com</string>
    <string name="download">Download</string>
    <string name="end_subscription">End subscription</string>
    <string name="error_a11y_label">Error: invalid</string>
    <string name="error_icon_content_description">Error</string>
    <string name="error_unsupported_audio">Media includes audio tracks, but none are playable by this device</string>
    <string name="error_unsupported_video">Media includes video tracks, but none are playable by this device</string>
    <string name="exit">Exit</string>
    <string name="exit_from_app">الخروج من التطبيق</string>
    <string name="exo_controls_fastforward_description">Fast forward</string>
    <string name="exo_controls_hide">Hide player controls</string>
    <string name="exo_controls_next_description">Next</string>
    <string name="exo_controls_pause_description">Pause</string>
    <string name="exo_controls_play_description">Play</string>
    <string name="exo_controls_previous_description">Previous</string>
    <string name="exo_controls_repeat_all_description">Current mode: Repeat all. Toggle repeat mode.</string>
    <string name="exo_controls_repeat_off_description">Current mode: Repeat none. Toggle repeat mode.</string>
    <string name="exo_controls_repeat_one_description">Current mode: Repeat one. Toggle repeat mode.</string>
    <string name="exo_controls_rewind_description">Rewind</string>
    <string name="exo_controls_show">Show player controls</string>
    <string name="exo_controls_shuffle_off_description">Enable shuffle mode</string>
    <string name="exo_controls_shuffle_on_description">Disable shuffle mode</string>
    <string name="exo_controls_time_placeholder">00:00:00</string>
    <string name="exo_controls_vr_description">VR mode</string>
    <string name="exo_item_list">%1$s, %2$s</string>
    <string name="exo_track_bitrate">%1$.2f Mbps</string>
    <string name="exo_track_mono">Mono</string>
    <string name="exo_track_resolution">%1$d × %2$d</string>
    <string name="exo_track_role_alternate">Alternate</string>
    <string name="exo_track_role_closed_captions">CC</string>
    <string name="exo_track_role_commentary">Commentary</string>
    <string name="exo_track_role_supplementary">Supplementary</string>
    <string name="exo_track_selection_auto">Auto</string>
    <string name="exo_track_selection_none">None</string>
    <string name="exo_track_selection_title_audio">AUDIO</string>
    <string name="exo_track_selection_title_text">TEXT</string>
    <string name="exo_track_selection_title_video">VIDEO</string>
    <string name="exo_track_stereo">Stereo</string>
    <string name="exo_track_surround">Surround sound</string>
    <string name="exo_track_surround_5_point_1">5.1 surround sound</string>
    <string name="exo_track_surround_7_point_1">7.1 surround sound</string>
    <string name="exo_track_unknown">Unknown</string>
    <string name="expired">Expired</string>
    <string name="exposed_dropdown_menu_content_description">Show dropdown menu</string>
    <string name="fab_transformation_scrim_behavior">com.google.android.material.transformation.FabTransformationScrimBehavior</string>
    <string name="fab_transformation_sheet_behavior">com.google.android.material.transformation.FabTransformationSheetBehavior</string>
    <string name="facebook">FaceBook</string>
    <string name="fallback_menu_item_copy_link">Copy link</string>
    <string name="fallback_menu_item_open_in_browser">Open in browser</string>
    <string name="fallback_menu_item_share_link">Share link</string>
    <string name="fcm_fallback_notification_channel_label">Miscellaneous</string>
    <string name="gcm_defaultSenderId">470559919704</string>
    <string name="get">GET CODE</string>
    <string name="google_api_key">AIzaSyDHkr82Y4DkG9BkIt-JQ7V6t4wEtf31PD8</string>
    <string name="google_app_id">1:470559919704:android:d86eeada6a5a17eea7c42d</string>
    <string name="google_crash_reporting_api_key">AIzaSyDHkr82Y4DkG9BkIt-JQ7V6t4wEtf31PD8</string>
    <string name="google_storage_bucket">hnbjhbhjh.appspot.com</string>
    <string name="hide_bottom_view_on_scroll_behavior">com.google.android.material.behavior.HideBottomViewOnScrollBehavior</string>
    <string name="home">Home</string>
    <string name="icon_content_description">Dialog Icon</string>
    <string name="instagram">Instagram</string>
    <string name="item_view_role_description">Tab</string>
    <string name="left_time">Left Time : 

 %d Month - %d Day - %d Hour - %d Minute - %d Second</string>
    <string name="library">MOVIES</string>
    <string name="m3_ref_typeface_brand_regular">sans-serif</string>
    <string name="m3_ref_typeface_plain_medium">sans-serif-medium</string>
    <string name="m3_ref_typeface_plain_regular">sans-serif</string>
    <string name="m3_sys_motion_easing_emphasized_path_data">M 0,0 C 0.05, 0, 0.133333, 0.06, 0.166666, 0.4 C 0.208333, 0.82, 0.25, 1, 1, 1</string>
    <string name="maintenance">Maintenance</string>
    <string name="match_break">break</string>
    <string name="match_in_progress">Live</string>
    <string name="match_over">over</string>
    <string name="matches">EVENT</string>
    <string name="material_clock_display_divider">:</string>
    <string name="material_clock_toggle_content_description">Select AM or PM</string>
    <string name="material_hour_24h_suffix">%1$s hours</string>
    <string name="material_hour_selection">Select hour</string>
    <string name="material_hour_suffix">%1$s o'clock</string>
    <string name="material_minute_selection">Select minutes</string>
    <string name="material_minute_suffix">%1$s minutes</string>
    <string name="material_motion_easing_accelerated">cubic-bezier(0.4, 0.0, 1.0, 1.0)</string>
    <string name="material_motion_easing_decelerated">cubic-bezier(0.0, 0.0, 0.2, 1.0)</string>
    <string name="material_motion_easing_emphasized">path(M 0,0 C 0.05, 0, 0.133333, 0.06, 0.166666, 0.4 C 0.208333, 0.82, 0.25, 1, 1, 1)</string>
    <string name="material_motion_easing_linear">cubic-bezier(0.0, 0.0, 1.0, 1.0)</string>
    <string name="material_motion_easing_standard">cubic-bezier(0.4, 0.0, 0.2, 1.0)</string>
    <string name="material_slider_range_end">Range end</string>
    <string name="material_slider_range_start">Range start</string>
    <string name="material_slider_value">Value</string>
    <string name="material_timepicker_am">AM</string>
    <string name="material_timepicker_clock_mode_description">Switch to clock mode for the time input.</string>
    <string name="material_timepicker_hour">Hour</string>
    <string name="material_timepicker_minute">Minute</string>
    <string name="material_timepicker_pm">PM</string>
    <string name="material_timepicker_select_time">Select time</string>
    <string name="material_timepicker_text_input_mode_description">Switch to text input mode for the time input.</string>
    <string name="mtrl_badge_numberless_content_description">New notification</string>
    <string name="mtrl_checkbox_button_icon_path_checked">M14,18.2 11.4,15.6 10,17 14,21 22,13 20.6,11.6z</string>
    <string name="mtrl_checkbox_button_icon_path_group_name">icon</string>
    <string name="mtrl_checkbox_button_icon_path_indeterminate">M13.4,15 11,15 11,17 13.4,17 21,17 21,15z</string>
    <string name="mtrl_checkbox_button_icon_path_name">icon path</string>
    <string name="mtrl_checkbox_button_path_checked">M23,7H9C7.9,7,7,7.9,7,9v14c0,1.1,0.9,2,2,2h14c1.1,0,2-0.9,2-2V9C25,7.9,24.1,7,23,7z</string>
    <string name="mtrl_checkbox_button_path_group_name">button</string>
    <string name="mtrl_checkbox_button_path_name">button path</string>
    <string name="mtrl_checkbox_button_path_unchecked">M23,7H9C7.9,7,7,7.9,7,9v14c0,1.1,0.9,2,2,2h14c1.1,0,2-0.9,2-2V9C25,7.9,24.1,7,23,7z M23,23H9V9h14V23z</string>
    <string name="mtrl_checkbox_state_description_checked">Checked</string>
    <string name="mtrl_checkbox_state_description_indeterminate">Partially checked</string>
    <string name="mtrl_checkbox_state_description_unchecked">Not checked</string>
    <string name="mtrl_chip_close_icon_content_description">Remove %1$s</string>
    <string name="mtrl_exceed_max_badge_number_content_description">More than %1$d new notifications</string>
    <string name="mtrl_exceed_max_badge_number_suffix">%1$d%2$s</string>
    <string name="mtrl_picker_a11y_next_month">Change to next month</string>
    <string name="mtrl_picker_a11y_prev_month">Change to previous month</string>
    <string name="mtrl_picker_cancel">Cancel</string>
    <string name="mtrl_picker_confirm">OK</string>
    <string name="mtrl_picker_day_of_week_column_header">Column of days: %1$s</string>
    <string name="mtrl_picker_navigate_to_current_year_description">Navigate to current year %1$d</string>
    <string name="mtrl_picker_navigate_to_year_description">Navigate to year %1$d</string>
    <string name="mtrl_picker_save">Save</string>
    <string name="mtrl_picker_toggle_to_calendar_input_mode">Switch to calendar input mode</string>
    <string name="mtrl_picker_toggle_to_day_selection">Tap to switch to Calendar view</string>
    <string name="mtrl_picker_toggle_to_text_input_mode">Switch to text input mode</string>
    <string name="mtrl_picker_toggle_to_year_selection">Tap to switch to year view</string>
    <string name="mtrl_timepicker_cancel">Cancel</string>
    <string name="mtrl_timepicker_confirm">OK</string>
    <string name="native_body">Body</string>
    <string name="native_headline">Headline</string>
    <string name="native_media_view">Media View</string>
    <string name="new_update_down_btn">Download</string>
    <string name="new_update_title">Update available</string>
    <string name="no_channels">No Channels</string>
    <string name="no_matches">No Events today</string>
    <string name="no_movies">No Movies</string>
    <string name="notifications_permission_confirm">Allow</string>
    <string name="notifications_permission_decline">Don't allow</string>
    <string name="notifications_permission_title">Allow app to send you notifications?</string>
    <string name="offline_dialog_image_description">Icon</string>
    <string name="offline_dialog_text">Thanks for your interest.
We will share more once you're back online.</string>
    <string name="offline_notification_title">You are back online! Let's pick up where we left off</string>
    <string name="offline_notification_title_with_advertiser">You are back online! Continue learning about %s</string>
    <string name="offline_opt_in_confirm">OK</string>
    <string name="offline_opt_in_decline">No thanks</string>
    <string name="offline_opt_in_message">We'll send you a notification with a link to the advertiser site.</string>
    <string name="offline_opt_in_title">Open ad when you're back online.</string>
    <string name="password_toggle_content_description">Show password</string>
    <string name="path_password_eye">M12,4.5C7,4.5 2.73,7.61 1,12c1.73,4.39 6,7.5 11,7.5s9.27,-3.11 11,-7.5c-1.73,-4.39 -6,-7.5 -11,-7.5zM12,17c-2.76,0 -5,-2.24 -5,-5s2.24,-5 5,-5 5,2.24 5,5 -2.24,5 -5,5zM12,9c-1.66,0 -3,1.34 -3,3s1.34,3 3,3 3,-1.34 3,-3 -1.34,-3 -3,-3z</string>
    <string name="path_password_eye_mask_strike_through">M2,4.27 L19.73,22 L22.27,19.46 L4.54,1.73 L4.54,1 L23,1 L23,23 L1,23 L1,4.27 Z</string>
    <string name="path_password_eye_mask_visible">M2,4.27 L2,4.27 L4.54,1.73 L4.54,1.73 L4.54,1 L23,1 L23,23 L1,23 L1,4.27 Z</string>
    <string name="path_password_strike_through">M3.27,4.27 L19.74,20.74</string>
    <string name="press_again_to_exit">Press back button again to exit</string>
    <string name="project_id">hnbjhbhjh</string>
    <string name="remove_ads_n_n_no_external_player_required_n_n_vip_servers">*Remove Ads 

 *no external Player Required

 *VIP Servers</string>
    <string name="remove_from_fav">Remove from favorites</string>
    <string name="retry">RETRY</string>
    <string name="s1">Save image</string>
    <string name="s2">Allow Ad to store image in Picture gallery?</string>
    <string name="s3">Accept</string>
    <string name="s4">Decline</string>
    <string name="s5">Create calendar event</string>
    <string name="s6">Allow Ad to create a calendar event?</string>
    <string name="s7">Test Ad</string>
    <string name="search_menu_title">Search</string>
    <string name="searchbar_scrolling_view_behavior">com.google.android.material.search.SearchBar$ScrollingViewBehavior</string>
    <string name="searchview_clear_text_content_description">Clear text</string>
    <string name="searchview_navigation_content_description">Back</string>
    <string name="send">Send</string>
    <string name="share_app">Share App</string>
    <string name="side_sheet_accessibility_pane_title">Side Sheet</string>
    <string name="side_sheet_behavior">com.google.android.material.sidesheet.SideSheetBehavior</string>
    <string name="status">Status : %s 
 Left Time : %s</string>
    <string name="status_bar_notification_info_overflow">999+</string>
    <string name="stop_vpn">يجب عليك ايقاف VPN لمواصلة استعمال التطبيق</string>
    <string name="subscribe">Subscribe</string>
    <string name="subscribe_now">SUBSCRIBED</string>
    <string name="telegram">Telegram</string>
    <string name="track_selection_title">Select Quality</string>
    <string name="vpn">تستخدم برنامج VPN</string>
    <string name="watermark_label_prefix">AdMob - </string>
    <string name="youtube">YouTube</string>
</resources>