<?xml version='1.0' encoding='utf-8' ?>
<resources>
    <string name="abc_action_bar_up_description">Navigate up</string>
    <string name="abc_action_mode_done">Done</string>
    <string name="abc_capital_off">OFF</string>
    <string name="abc_capital_on">ON</string>
    <string name="abc_menu_alt_shortcut_label">Alt+</string>
    <string name="abc_menu_ctrl_shortcut_label">Ctrl+</string>
    <string name="abc_menu_delete_shortcut_label">delete</string>
    <string name="abc_menu_enter_shortcut_label">enter</string>
    <string name="abc_menu_function_shortcut_label">Function+</string>
    <string name="abc_menu_meta_shortcut_label">Meta+</string>
    <string name="abc_menu_shift_shortcut_label">Shift+</string>
    <string name="abc_menu_space_shortcut_label">space</string>
    <string name="abc_menu_sym_shortcut_label">Sym+</string>
    <string name="abc_prepend_shortcut_label">Menu+</string>
    <string name="abc_search_hint">Search…</string>
    <string name="abc_searchview_description_clear">Clear query</string>
    <string name="abc_searchview_description_search">Search</string>
    <string name="abc_searchview_description_submit">Submit query</string>
    <string name="abc_searchview_description_voice">Voice search</string>
    <string name="abc_toolbar_collapse_description">Collapse</string>
    <string name="call_notification_answer_action">Answer</string>
    <string name="call_notification_answer_video_action">Video</string>
    <string name="call_notification_decline_action">Decline</string>
    <string name="call_notification_hang_up_action">Hang up</string>
    <string name="call_notification_incoming_text">Incoming call</string>
    <string name="call_notification_ongoing_text">On-going call</string>
    <string name="call_notification_screening_text">Screening an incoming call</string>
    <string name="exo_controls_fastforward_description">Fast-forward</string>
    <string name="exo_controls_hide">Hide player controls</string>
    <string name="exo_controls_next_description">Next</string>
    <string name="exo_controls_pause_description">Pause</string>
    <string name="exo_controls_play_description">Play</string>
    <string name="exo_controls_previous_description">Previous</string>
    <string name="exo_controls_repeat_all_description">Current mode: Repeat all. Toggle repeat mode.</string>
    <string name="exo_controls_repeat_off_description">Current mode: Repeat none. Toggle repeat mode.</string>
    <string name="exo_controls_repeat_one_description">Current mode: Repeat one. Toggle repeat mode.</string>
    <string name="exo_controls_rewind_description">Rewind</string>
    <string name="exo_controls_show">Show player controls</string>
    <string name="exo_controls_shuffle_off_description">Enable shuffle mode</string>
    <string name="exo_controls_shuffle_on_description">Disable shuffle mode</string>
    <string name="exo_controls_vr_description">VR mode</string>
    <string name="exo_item_list">%1$s, %2$s</string>
    <string name="exo_track_bitrate">%1$.2f Mbps</string>
    <string name="exo_track_mono">Mono</string>
    <string name="exo_track_resolution">%1$d × %2$d</string>
    <string name="exo_track_role_alternate">Alternative</string>
    <string name="exo_track_role_closed_captions">CC</string>
    <string name="exo_track_role_commentary">Commentary</string>
    <string name="exo_track_role_supplementary">Supplementary</string>
    <string name="exo_track_selection_auto">Auto</string>
    <string name="exo_track_selection_none">None</string>
    <string name="exo_track_selection_title_audio">Audio</string>
    <string name="exo_track_selection_title_text">Text</string>
    <string name="exo_track_selection_title_video">Video</string>
    <string name="exo_track_stereo">Stereo</string>
    <string name="exo_track_surround">Surround sound</string>
    <string name="exo_track_surround_5_point_1">5.1 surround sound</string>
    <string name="exo_track_surround_7_point_1">7.1 surround sound</string>
    <string name="exo_track_unknown">Unknown</string>
    <string name="fallback_menu_item_copy_link">Copy link</string>
    <string name="fallback_menu_item_open_in_browser">Open in browser</string>
    <string name="fallback_menu_item_share_link">Share link</string>
    <string name="search_menu_title">Search</string>
    <string name="status_bar_notification_info_overflow">999+</string>
</resources>