<?xml version='1.0' encoding='utf-8' ?>
<resources>
    <string name="abc_action_bar_up_description">Дээш шилжих</string>
    <string name="abc_action_mode_done">Болсон</string>
    <string name="abc_capital_off">ИДЭВХГҮЙ</string>
    <string name="abc_capital_on">ИДЭВХТЭЙ</string>
    <string name="abc_menu_alt_shortcut_label">Alt+</string>
    <string name="abc_menu_ctrl_shortcut_label">Ctrl+</string>
    <string name="abc_menu_delete_shortcut_label">устгах</string>
    <string name="abc_menu_enter_shortcut_label">оруулах</string>
    <string name="abc_menu_function_shortcut_label">Функц+</string>
    <string name="abc_menu_meta_shortcut_label">Мета+</string>
    <string name="abc_menu_shift_shortcut_label">Шифт+</string>
    <string name="abc_menu_space_shortcut_label">зай</string>
    <string name="abc_menu_sym_shortcut_label">Sym+</string>
    <string name="abc_prepend_shortcut_label">Цэс+</string>
    <string name="abc_search_hint">Хайх…</string>
    <string name="abc_searchview_description_clear">Асуулга арилгах</string>
    <string name="abc_searchview_description_search">Хайх</string>
    <string name="abc_searchview_description_submit">Асуулга илгээх</string>
    <string name="abc_searchview_description_voice">Дуут хайлт</string>
    <string name="abc_toolbar_collapse_description">Буулгах</string>
    <string name="bottomsheet_action_collapse">Доод хүснэгтийг хураах</string>
    <string name="bottomsheet_action_expand">Доод хүснэгтийг дэлгэх</string>
    <string name="bottomsheet_action_expand_halfway">Хагас дэлгэнэ үү</string>
    <string name="bottomsheet_drag_handle_clicked">Чирэх бариулыг хоёр товших</string>
    <string name="bottomsheet_drag_handle_content_description">Чирэх бариул</string>
    <string name="call_notification_answer_action">Хариулах</string>
    <string name="call_notification_answer_video_action">Видео</string>
    <string name="call_notification_decline_action">Татгалзах</string>
    <string name="call_notification_hang_up_action">Таслах</string>
    <string name="call_notification_incoming_text">Ирсэн дуудлага</string>
    <string name="call_notification_ongoing_text">Дуудлага хийгдэж байна</string>
    <string name="call_notification_screening_text">Ирсэн дуудлагыг харуулж байна</string>
    <string name="character_counter_content_description">%2$d-н %1$d тэмдэгтийг оруулсан</string>
    <string name="character_counter_overflowed_content_description">Тэмдэгтийн хязгаар %2$d-н %1$d-с хэтэрсэн</string>
    <string name="clear_text_end_icon_content_description">Текстийг арилгах</string>
    <string name="common_google_play_services_enable_button">Идэвхжүүлэх</string>
    <string name="common_google_play_services_enable_text">%1$s нь Google Play үйлчилгээг идэвхжүүлэх хүртэл ажиллахгүй.</string>
    <string name="common_google_play_services_enable_title">Google Play үйлчилгээг идэвхжүүлэх</string>
    <string name="common_google_play_services_install_button">Суулгах</string>
    <string name="common_google_play_services_install_text">Таны төхөөрөмжид Google Play үйлчилгээ байхгүй тул %1$s ажиллахгүй.</string>
    <string name="common_google_play_services_install_title">Google Play үйлчилгээг авах</string>
    <string name="common_google_play_services_notification_channel_name">Google Play-н үйлчилгээнүүдийн боломжит байдал</string>
    <string name="common_google_play_services_notification_ticker">Google Наадаан үйлчилгээний алдаа</string>
    <string name="common_google_play_services_unknown_issue">%1$s-г Google Play-н үйлчилгээгээр ашиглахад асуудал гарлаа. Дахин оролдоно уу.</string>
    <string name="common_google_play_services_unsupported_text">Таны төхөөрөмж Google Play үйлчилгээг дэмждэггүй учир %1$s ажиллахгүй.</string>
    <string name="common_google_play_services_update_button">Шинэчлэх</string>
    <string name="common_google_play_services_update_text">%1$s нь таныг Google Play үйлчилгээнүүдийг шинэчлэхээс нааш ажиллахгүй.</string>
    <string name="common_google_play_services_update_title">Google Play үйлчилгээг шинэчлэх</string>
    <string name="common_google_play_services_updating_text">%1$s нь одоогоор шинэчилж буй Google Play үйлчилгээгүйгээр ажиллахгүй.</string>
    <string name="common_google_play_services_wear_update_text">Google Play үйлчилгээний шинэ хувилбар хэрэгтэй. Энэ нь удахгүй өөрөө өөрийгөө шинэчлэх болно.</string>
    <string name="common_open_on_phone">Утсаар нээх</string>
    <string name="common_signin_button_text">Нэвтрэх</string>
    <string name="common_signin_button_text_long">Google-р нэвтрэх:</string>
    <string name="error_icon_content_description">Алдаа</string>
    <string name="exo_controls_fastforward_description">Хурдан урагшлуулах</string>
    <string name="exo_controls_hide">Тоглуулагчийн удирдлагыг нуух</string>
    <string name="exo_controls_next_description">Дараах</string>
    <string name="exo_controls_pause_description">Түр зогсоох</string>
    <string name="exo_controls_play_description">Тоглуулах</string>
    <string name="exo_controls_previous_description">Өмнөх</string>
    <string name="exo_controls_repeat_all_description">Одоогийн горим: Бүгдийг дахин тоглуулна уу. Дахин тоглуулах горимыг асаана уу/унтраана уу.</string>
    <string name="exo_controls_repeat_off_description">Одоогийн горим: Алийг нь ч дахин тоглуулахгүй. Дахин тоглуулах горимыг асаана уу/унтраана уу.</string>
    <string name="exo_controls_repeat_one_description">Одоогийн горим: Нэгийг дахин тоглуулна уу. Дахин тоглуулах горимыг асаана уу/унтраана уу.</string>
    <string name="exo_controls_rewind_description">Ухраах</string>
    <string name="exo_controls_show">Тоглуулагчийн удирдлагыг харуулах</string>
    <string name="exo_controls_shuffle_off_description">Холих горимыг идэвхжүүлэх</string>
    <string name="exo_controls_shuffle_on_description">Холих горимыг идэвхгүй болгох</string>
    <string name="exo_controls_vr_description">VR горим</string>
    <string name="exo_item_list">%1$s, %2$s</string>
    <string name="exo_track_bitrate">%1$.2f Mbps</string>
    <string name="exo_track_mono">Моно</string>
    <string name="exo_track_resolution">%1$d × %2$d</string>
    <string name="exo_track_role_alternate">Хувилбар</string>
    <string name="exo_track_role_closed_captions">Хаалттай тайлбар</string>
    <string name="exo_track_role_commentary">Тайлбар</string>
    <string name="exo_track_role_supplementary">Нэмэлт</string>
    <string name="exo_track_selection_auto">Автомат</string>
    <string name="exo_track_selection_none">Байхгүй</string>
    <string name="exo_track_selection_title_audio">Дуу</string>
    <string name="exo_track_selection_title_text">Текст</string>
    <string name="exo_track_selection_title_video">Видео</string>
    <string name="exo_track_stereo">Стерео</string>
    <string name="exo_track_surround">Орчин тойрны дуу</string>
    <string name="exo_track_surround_5_point_1">5.1 орчин тойрны дуу</string>
    <string name="exo_track_surround_7_point_1">7.1 орчин тойрны дуу</string>
    <string name="exo_track_unknown">Үл мэдэгдэх</string>
    <string name="exposed_dropdown_menu_content_description">Доош унадаг цэсийг харуулах</string>
    <string name="fallback_menu_item_copy_link">Холбоосыг хуулах</string>
    <string name="fallback_menu_item_open_in_browser">Хөтчид нээх</string>
    <string name="fallback_menu_item_share_link">Холбоосыг хуваалцах</string>
    <string name="icon_content_description">Харилцах цонхны дүрс тэмдэг</string>
    <string name="item_view_role_description">Таб</string>
    <string name="material_clock_toggle_content_description">ҮӨ эсвэл ҮХ сонгоно уу</string>
    <string name="material_hour_24h_suffix">%1$s цаг</string>
    <string name="material_hour_selection">Цаг сонгох</string>
    <string name="material_hour_suffix">%1$s цаг</string>
    <string name="material_minute_selection">Минут сонгоно уу</string>
    <string name="material_minute_suffix">%1$s минут</string>
    <string name="material_timepicker_am">AM</string>
    <string name="material_timepicker_clock_mode_description">Цагийг оруулахын тулд цагийн горимд шилжүүлнэ үү.</string>
    <string name="material_timepicker_hour">Цаг</string>
    <string name="material_timepicker_minute">Минут</string>
    <string name="material_timepicker_pm">PM</string>
    <string name="material_timepicker_select_time">Цаг сонгох</string>
    <string name="material_timepicker_text_input_mode_description">Цагийг оруулахын тулд текст оруулах горимд шилжүүлнэ үү.</string>
    <string name="mtrl_badge_numberless_content_description">Шинэ мэдэгдэл</string>
    <string name="mtrl_chip_close_icon_content_description">%1$s-г устгах</string>
    <string name="mtrl_exceed_max_badge_number_content_description">%1$d-с олон шинэ мэдэгдэл</string>
    <string name="mtrl_picker_a11y_next_month">Дараагийн сар луу өөрчлөх</string>
    <string name="mtrl_picker_a11y_prev_month">Өмнөх сар луу өөрчлөх</string>
    <string name="mtrl_picker_cancel">Цуцлах</string>
    <string name="mtrl_picker_confirm">OK</string>
    <string name="mtrl_picker_day_of_week_column_header">Өдрийн багана: %1$s</string>
    <string name="mtrl_picker_navigate_to_year_description">%1$s он руу шилжих</string>
    <string name="mtrl_picker_save">Хадгалах</string>
    <string name="mtrl_picker_toggle_to_calendar_input_mode">Календарийн орох горим руу сэлгэх</string>
    <string name="mtrl_picker_toggle_to_day_selection">Өдөр сонгох руу сэлгэхийн тулд товшино уу</string>
    <string name="mtrl_picker_toggle_to_text_input_mode">Текстийн орох горим руу сэлгэх</string>
    <string name="mtrl_picker_toggle_to_year_selection">Он сонгох руу сэлгэхийн тулд товшино уу</string>
    <string name="mtrl_timepicker_cancel">Цуцлах</string>
    <string name="mtrl_timepicker_confirm">OK</string>
    <string name="native_body">Үндсэн хэсэг</string>
    <string name="native_headline">Толгой гарчиг</string>
    <string name="native_media_view">Медиа Харагдац</string>
    <string name="notifications_permission_confirm">Зөвшөөрөх</string>
    <string name="notifications_permission_decline">Бүү зөвшөөр</string>
    <string name="notifications_permission_title">Аппад танд мэдэгдэл илгээхийг зөвшөөрөх үү?</string>
    <string name="offline_dialog_image_description">Дүрс тэмдэг</string>
    <string name="offline_dialog_text">Сонирхож байгаад тань баярлалаа.
Бид таныг буцаж онлайн болох үед илүү ихийг хуваалцана.</string>
    <string name="offline_notification_title">Та буцаад онлайн боллоо! Орхисон газраасаа үргэлжлүүлцгээе</string>
    <string name="offline_notification_title_with_advertiser">Та буцаад онлайн боллоо! %s-н талаар үргэлжлүүлэн сурцгаая</string>
    <string name="offline_opt_in_confirm">ОК</string>
    <string name="offline_opt_in_decline">Үгүй</string>
    <string name="offline_opt_in_message">Бид сурталчлагчийн сайтын холбоос бүхий мэдэгдлийг тан руу илгээх болно.</string>
    <string name="offline_opt_in_title">Та буцаад онлайн болохдоо зарыг нээнэ үү.</string>
    <string name="password_toggle_content_description">Нууц үгийг харуулах</string>
    <string name="s1">Зураг хадгалах</string>
    <string name="s2">Зарыг Зургийн цомогт зураг хадгалахыг зөвшөөрөх үү?</string>
    <string name="s3">Зөвшөөрөх</string>
    <string name="s4">Татгалзах</string>
    <string name="s5">Календарийн үйл явдал үүсгэх</string>
    <string name="s6">Зарыг календарийн үйл явдал үүсгэхийг зөвшөөрөх үү?</string>
    <string name="s7">Тест зар</string>
    <string name="search_menu_title">Хайх</string>
    <string name="status_bar_notification_info_overflow">999+</string>
    <string name="watermark_label_prefix">AdMob -</string>
</resources>