<?xml version='1.0' encoding='utf-8' ?>
<resources>
    <string name="abc_action_bar_up_description">ਉੱਪਰ ਜਾਓ</string>
    <string name="abc_action_mode_done">ਹੋ ਗਿਆ</string>
    <string name="abc_capital_off">ਬੰਦ</string>
    <string name="abc_capital_on">ਚਾਲੂ</string>
    <string name="abc_menu_alt_shortcut_label">Alt+</string>
    <string name="abc_menu_ctrl_shortcut_label">Ctrl+</string>
    <string name="abc_menu_delete_shortcut_label">ਮਿਟਾਓ</string>
    <string name="abc_menu_enter_shortcut_label">enter</string>
    <string name="abc_menu_function_shortcut_label">Function+</string>
    <string name="abc_menu_meta_shortcut_label">Meta+</string>
    <string name="abc_menu_shift_shortcut_label">Shift+</string>
    <string name="abc_menu_space_shortcut_label">space</string>
    <string name="abc_menu_sym_shortcut_label">Sym+</string>
    <string name="abc_prepend_shortcut_label">Menu+</string>
    <string name="abc_search_hint">ਖੋਜ…</string>
    <string name="abc_searchview_description_clear">ਪੁੱਛਗਿੱਛ ਕਲੀਅਰ ਕਰੋ</string>
    <string name="abc_searchview_description_search">ਖੋਜ</string>
    <string name="abc_searchview_description_submit">ਪੁੱਛਗਿੱਛ ਸਪੁਰਦ ਕਰੋ</string>
    <string name="abc_searchview_description_voice">ਅਵਾਜ਼ੀ ਖੋਜ</string>
    <string name="abc_toolbar_collapse_description">ਸਮੇਟੋ</string>
    <string name="bottomsheet_action_collapse">ਹੇਠਲੀ ਸ਼ੀਟ ਨੂੰ ਸਮੇਟੋ</string>
    <string name="bottomsheet_action_expand">ਹੇਠਲੀ ਸ਼ੀਟ ਦਾ ਵਿਸਤਾਰ ਕਰੋ</string>
    <string name="bottomsheet_action_expand_halfway">ਅੱਧ ਤੱਕ ਵਿਸਤਾਰ ਕਰੋ</string>
    <string name="bottomsheet_drag_handle_clicked">ਘਸੀਟਣ ਵਾਲੇ ਹੈਂਡਲ 'ਤੇ ਡਬਲ-ਟੈਪ ਕੀਤਾ ਗਿਆ</string>
    <string name="bottomsheet_drag_handle_content_description">ਘਸੀਟਣ ਵਾਲਾ ਹੈਂਡਲ</string>
    <string name="call_notification_answer_action">ਜਵਾਬ ਦਿਓ</string>
    <string name="call_notification_answer_video_action">ਵੀਡੀਓ</string>
    <string name="call_notification_decline_action">ਅਸਵੀਕਾਰ ਕਰੋ</string>
    <string name="call_notification_hang_up_action">ਸਮਾਪਤ ਕਰੋ</string>
    <string name="call_notification_incoming_text">ਇਨਕਮਿੰਗ ਕਾਲ</string>
    <string name="call_notification_ongoing_text">ਜਾਰੀ ਕਾਲ</string>
    <string name="call_notification_screening_text">ਇਨਕਮਿੰਗ ਕਾਲ ਦੀ ਸਕ੍ਰੀਨਿੰਗ ਕੀਤੀ ਜਾ ਰਹੀ ਹੈ</string>
    <string name="character_counter_content_description">%2$d ਵਿੱਚੋਂ %1$d ਅੱਖਰ-ਚਿੰਨ੍ਹ ਦਾਖਲ ਕੀਤੇ ਗਏ</string>
    <string name="character_counter_overflowed_content_description">ਅੱਖਰ-ਚਿੰਨ੍ਹ ਸੀਮਾ %2$d ਤੋਂ %1$d ਵਧੀ</string>
    <string name="clear_text_end_icon_content_description">ਲਿਖਤ ਕਲੀਅਰ ਕਰੋ</string>
    <string name="common_google_play_services_enable_button">ਚਾਲੂ ਕਰੋ</string>
    <string name="common_google_play_services_enable_text">%1$s ਕੰਮ ਨਹੀਂ ਕਰੇਗਾ ਜਦੋਂ ਤੱਕ ਤੁਸੀਂ Google Play ਸੇਵਾਵਾਂ ਨੂੰ ਚਾਲੂ ਨਹੀਂ ਕਰਦੇ ਹੋ।</string>
    <string name="common_google_play_services_enable_title">Google Play ਸੇਵਾਵਾਂ ਨੂੰ ਚਾਲੂ ਕਰੋ</string>
    <string name="common_google_play_services_install_button">ਸਥਾਪਤ ਕਰੋ</string>
    <string name="common_google_play_services_install_text">%1$s Google Play ਸੇਵਾਵਾਂ ਤੋਂ ਬਿਨਾਂ ਨਹੀਂ ਚੱਲੇਗੀ, ਜੋ ਤੁਹਾਡੇ ਡੀਵਾਈਸ ਤੋਂ ਗੁੰਮ ਹਨ।</string>
    <string name="common_google_play_services_install_title">Google Play ਸੇਵਾਵਾਂ ਪ੍ਰਾਪਤ ਕਰੋ</string>
    <string name="common_google_play_services_notification_channel_name">Google Play ਸੇਵਾਵਾਂ ਦੀ ਉਪਲਬਧਤਾ</string>
    <string name="common_google_play_services_notification_ticker">Google Play ਸੇਵਾਵਾਂ ਅਸ਼ੁੱਧੀ</string>
    <string name="common_google_play_services_unknown_issue">%1$s ਨੂੰ Google Play ਸੇਵਾਵਾਂ ਨਾਲ ਸਮੱਸਿਆ ਆ ਰਹੀ ਹੈ। ਕਿਰਪਾ ਕਰਕੇ ਦੁਬਾਰਾ ਕੋਸ਼ਿਸ਼ ਕਰੋ।</string>
    <string name="common_google_play_services_unsupported_text">%1$s Google Play ਸੇਵਾਵਾਂ ਤੋਂ ਬਿਨਾਂ ਨਹੀਂ ਚੱਲ ਸਕੇਗੀ, ਜੋ ਤੁਹਾਡੇ ਡੀਵਾਈਸ 'ਤੇ ਸਮਰਥਿਤ ਨਹੀਂ ਹਨ।</string>
    <string name="common_google_play_services_update_button">ਅੱਪਡੇਟ ਕਰੋ</string>
    <string name="common_google_play_services_update_text">%1$s ਨਹੀਂ ਚੱਲੇਗਾ ਜਦੋਂ ਤੱਕ ਤੁਸੀਂ Google Play ਸੇਵਾਵਾਂ ਨੂੰ ਅੱਪਡੇਟ ਨਹੀਂ ਕਰਦੇ ਹੋ।</string>
    <string name="common_google_play_services_update_title">Google Play ਸੇਵਾਵਾਂ ਨੂੰ ਅੱਪਡੇਟ ਕਰੋ</string>
    <string name="common_google_play_services_updating_text">%1$s Google Play ਸੇਵਾਵਾਂ ਤੋਂ ਬਿਨਾਂ ਨਹੀਂ ਚੱਲੇਗਾ, ਜੋ ਵਰਤਮਾਨ ਵਿੱਚ ਅੱਪਡੇਟ ਹੋ ਰਹੀਆਂ ਹਨ।</string>
    <string name="common_google_play_services_wear_update_text">Google Play ਸੇਵਾਵਾਂ ਦੇ ਨਵਾਂ ਸੰਸਕਰਨ ਦੀ ਲੋੜ ਹੈ। ਇਹ ਛੇਤੀ ਹੀ ਸਵੈਚਲਿਤ ਤੌਰ 'ਤੇ ਅੱਪਡੇਟ ਕਰੇਗਾ।</string>
    <string name="common_open_on_phone">ਫ਼ੋਨ 'ਤੇ ਖੋਲ੍ਹੋ</string>
    <string name="common_signin_button_text">ਸਾਈਨ-ਇਨ ਕਰੋ</string>
    <string name="common_signin_button_text_long">Google ਨਾਲ ਸਾਈਨ-ਇਨ ਕਰੋ</string>
    <string name="error_icon_content_description">ਗੜਬੜ</string>
    <string name="exo_controls_fastforward_description">ਤੇਜ਼ੀ ਨਾਲ ਅੱਗੇ ਕਰੋ</string>
    <string name="exo_controls_hide">ਪਲੇਅਰ ਕੰਟਰੋਲਾਂ ਨੂੰ ਲੁਕਾਓ</string>
    <string name="exo_controls_next_description">ਅੱਗੇ</string>
    <string name="exo_controls_pause_description">ਰੋਕੋ</string>
    <string name="exo_controls_play_description">ਚਲਾਓ</string>
    <string name="exo_controls_previous_description">ਪਿੱਛੇ</string>
    <string name="exo_controls_repeat_all_description">ਮੌਜੂਦਾ ਮੋਡ: ਸਭ ਦੁਹਰਾਓ। ਦੁਹਰਾਓ ਮੋਡ ਟੌਗਲ ਕਰੋ।</string>
    <string name="exo_controls_repeat_off_description">ਮੌਜੂਦਾ ਮੋਡ: ਕਿਸੇ ਨੂੰ ਨਾ ਦੁਹਰਾਓ। ਦੁਹਰਾਓ ਮੋਡ ਟੌਗਲ ਕਰੋ।</string>
    <string name="exo_controls_repeat_one_description">ਮੌਜੂਦਾ ਮੋਡ: ਇੱਕ ਨੂੰ ਦੁਹਰਾਓ। ਦੁਹਰਾਓ ਮੋਡ ਟੌਗਲ ਕਰੋ।</string>
    <string name="exo_controls_rewind_description">ਪਿੱਛੇ ਕਰੋ</string>
    <string name="exo_controls_show">ਪਲੇਅਰ ਕੰਟਰੋਲਾਂ ਨੂੰ ਦਿਖਾਓ</string>
    <string name="exo_controls_shuffle_off_description">ਬੇਤਰਤੀਬ ਮੋਡ ਚਾਲੂ ਕਰੋ</string>
    <string name="exo_controls_shuffle_on_description">ਬੇਤਰਤੀਬ ਮੋਡ ਬੰਦ ਕਰੋ</string>
    <string name="exo_controls_vr_description">VR ਮੋਡ</string>
    <string name="exo_item_list">%1$s, %2$s</string>
    <string name="exo_track_bitrate">%1$.2f Mbps</string>
    <string name="exo_track_mono">ਮੋਨੋ</string>
    <string name="exo_track_resolution">%1$d × %2$d</string>
    <string name="exo_track_role_alternate">ਵਟਾਵਾਂ</string>
    <string name="exo_track_role_closed_captions">ਬੰਦ ਸੁੁਰਖੀਆਂ</string>
    <string name="exo_track_role_commentary">ਕਮੈਂਟਰੀ</string>
    <string name="exo_track_role_supplementary">ਪੂਰਕ</string>
    <string name="exo_track_selection_auto">ਸਵੈਚਲਿਤ</string>
    <string name="exo_track_selection_none">ਕੋਈ ਨਹੀਂ</string>
    <string name="exo_track_selection_title_audio">ਆਡੀਓ</string>
    <string name="exo_track_selection_title_text">ਲਿਖਤ</string>
    <string name="exo_track_selection_title_video">ਵੀਡੀਓ</string>
    <string name="exo_track_stereo">ਸਟੀਰਿਓ</string>
    <string name="exo_track_surround">ਸਰਾਊਂਡ ਸਾਊਂਡ</string>
    <string name="exo_track_surround_5_point_1">5.1 ਸਰਾਊਂਡ ਸਾਊਂਡ</string>
    <string name="exo_track_surround_7_point_1">7.1 ਸਰਾਊਂਡ ਸਾਊਂਡ</string>
    <string name="exo_track_unknown">ਅਗਿਆਤ</string>
    <string name="exposed_dropdown_menu_content_description">ਡ੍ਰੌਪ-ਡਾਊਨ ਮੀਨੂ ਦਿਖਾਓ</string>
    <string name="fallback_menu_item_copy_link">ਲਿੰਕ ਕਾਪੀ ਕਰੋ</string>
    <string name="fallback_menu_item_open_in_browser">ਬ੍ਰਾਊਜ਼ਰ ਵਿੱਚ ਖੋਲ੍ਹੋ</string>
    <string name="fallback_menu_item_share_link">ਲਿੰਕ ਸਾਂਝਾ ਕਰੋ</string>
    <string name="icon_content_description">ਵਿੰਡੋ ਦਾ ਪ੍ਰਤੀਕ</string>
    <string name="item_view_role_description">ਟੈਬ</string>
    <string name="material_clock_toggle_content_description">AM ਜਾਂ PM ਚੁਣੋ</string>
    <string name="material_hour_24h_suffix">%1$s ਘੰਟੇ</string>
    <string name="material_hour_selection">ਸਮਾਂ ਚੁਣੋ</string>
    <string name="material_hour_suffix">%1$s ਵਜੇ</string>
    <string name="material_minute_selection">ਮਿੰਟ ਚੁਣੋ</string>
    <string name="material_minute_suffix">%1$s ਮਿੰਟ</string>
    <string name="material_timepicker_am">AM</string>
    <string name="material_timepicker_clock_mode_description">ਸਮਾਂ ਇਨਪੁੱਟ ਕਰਨ ਲਈ ਘੜੀ ਮੋਡ 'ਤੇ ਸਵਿੱਚ ਕਰੋ।</string>
    <string name="material_timepicker_hour">ਘੰਟਾ</string>
    <string name="material_timepicker_minute">ਮਿੰਟ</string>
    <string name="material_timepicker_pm">PM</string>
    <string name="material_timepicker_select_time">ਸਮਾਂ ਚੁਣੋ</string>
    <string name="material_timepicker_text_input_mode_description">ਸਮਾਂ ਇਨਪੁੱਟ ਕਰਨ ਲਈ ਲਿਖਤ ਇਨਪੁੱਟ ਮੋਡ 'ਤੇ ਸਵਿੱਚ ਕਰੋ।</string>
    <string name="mtrl_badge_numberless_content_description">ਨਵੀਂ ਸੂਚਨਾ</string>
    <string name="mtrl_chip_close_icon_content_description">%1$s ਹਟਾਓ</string>
    <string name="mtrl_exceed_max_badge_number_content_description">%1$d ਤੋਂ ਵੱਧ ਨਵੀਆਂ ਸੂਚਨਾਵਾਂ</string>
    <string name="mtrl_picker_a11y_next_month">ਅਗਲੇ ਮਹੀਨੇ 'ਤੇ ਜਾਓ</string>
    <string name="mtrl_picker_a11y_prev_month">ਪਿਛਲੇ ਮਹੀਨੇ 'ਤੇ ਜਾਓ</string>
    <string name="mtrl_picker_cancel">ਰੱਦ ਕਰੋ</string>
    <string name="mtrl_picker_confirm">ਠੀਕ ਹੈ</string>
    <string name="mtrl_picker_day_of_week_column_header">ਦਿਨਾਂ ਦਾ ਕਾਲਮ: %1$s</string>
    <string name="mtrl_picker_navigate_to_year_description">ਸਾਲ %1$s 'ਤੇ ਨੈਵੀਗੇਟ ਕਰੋ</string>
    <string name="mtrl_picker_save">ਰੱਖਿਅਤ ਕਰੋ</string>
    <string name="mtrl_picker_toggle_to_calendar_input_mode">ਕੈਲੰਡਰ ਇਨਪੁੱਟ ਮੋਡ 'ਤੇ ਜਾਓ</string>
    <string name="mtrl_picker_toggle_to_day_selection">ਦਿਨ ਦੀ ਚੋਣ 'ਤੇ ਜਾਣ ਲਈ ਟੈਪ ਕਰੋ</string>
    <string name="mtrl_picker_toggle_to_text_input_mode">ਲਿਖਤ ਇਨਪੁੱਟ ਮੋਡ 'ਤੇ ਜਾਓ</string>
    <string name="mtrl_picker_toggle_to_year_selection">ਸਾਲ ਦੀ ਚੋਣ 'ਤੇ ਜਾਣ ਲਈ ਟੈਪ ਕਰੋ</string>
    <string name="mtrl_timepicker_cancel">ਰੱਦ ਕਰੋ</string>
    <string name="mtrl_timepicker_confirm">ਠੀਕ ਹੈ</string>
    <string name="native_body">ਮੁੱਖ ਹਿੱਸਾ</string>
    <string name="native_headline">ਸੁਰਖੀ</string>
    <string name="native_media_view">ਮੀਡੀਆ ਵਿਊ</string>
    <string name="notifications_permission_confirm">ਆਗਿਆ ਦਿਓ</string>
    <string name="notifications_permission_decline">ਆਗਿਆ ਨਾ ਦਿਓ</string>
    <string name="notifications_permission_title">ਕੀ ਐਪ ਨੂੰ ਤੁਹਾਨੂੰ ਸੂਚਨਾਵਾਂ ਭੇਜਣ ਦੀ ਆਗਿਆ ਦੇਣੀ ਹੈ?</string>
    <string name="offline_dialog_image_description">ਪ੍ਰਤੀਕ</string>
    <string name="offline_dialog_text">ਤੁਹਾਡੀ ਦਿਲਚਸਪੀ ਲਈ ਧੰਨਵਾਦ।
ਅਸੀਂ ਤੁਹਾਡੇ ਵਾਪਸ ਆਨਲਾਈਨ ਹੋਣ 'ਤੇ ਹੋਰ ਜਾਣਕਾਰੀ ਨੂੰ ਸਾਂਝਾ ਕਰਾਂਗੇ।</string>
    <string name="offline_notification_title">ਤੁਸੀਂ ਵਾਪਸ ਆਨਲਾਈਨ ਹੋ ਗਏ ਹੋ! ਜਿੱਥੇ ਅਸੀਂ ਛੱਡਿਆ ਸੀ ਉੱਥੋਂ ਸ਼ੁਰੂ ਕਰੀਏ</string>
    <string name="offline_notification_title_with_advertiser">ਤੁਸੀਂ ਵਾਪਸ ਆਨਲਾਈਨ ਹੋ ਗਏ ਹੋ! %s ਬਾਰੇ ਜਾਣਨਾ ਜਾਰੀ ਰੱਖੋ</string>
    <string name="offline_opt_in_confirm">ਠੀਕ ਹੈ</string>
    <string name="offline_opt_in_decline">ਨਹੀਂ ਧੰਨਵਾਦ</string>
    <string name="offline_opt_in_message">ਅਸੀਂ ਤੁਹਾਨੂੰ ਇੱਕ ਸੂਚਨਾ ਭੇਜਾਂਗੇ ਜਿਸ ਵਿੱਚ ਵਿਗਿਆਪਨਦਾਤਾ ਦੀ ਸਾਈਟ ਦਾ ਲਿੰਕ ਹੋਵੇਗਾ।</string>
    <string name="offline_opt_in_title">ਤੁਹਾਡੇ ਵਾਪਸ ਆਨਲਾਈਨ ਹੋਣ 'ਤੇ ਵਿਗਿਆਪਨ ਖੋਲ੍ਹੋ।</string>
    <string name="password_toggle_content_description">ਪਾਸਵਰਡ ਦਿਖਾਓ</string>
    <string name="s1">ਚਿੱਤਰ ਰੱਖਿਅਤ ਕਰੋ</string>
    <string name="s2">ਕੀ ਵਿਗਿਆਪਨ ਨੂੰ ਤਸਵੀਰ ਗੈਲਰੀ ਵਿੱਚ ਚਿੱਤਰ ਸਟੋਰ ਕਰਨ ਦੇਣੀ ਹੈ?</string>
    <string name="s3">ਸਵੀਕਾਰ ਕਰੋ</string>
    <string name="s4">ਅਸਵੀਕਾਰ ਕਰੋ</string>
    <string name="s5">ਕੈਲੰਡਰ ਇਵੈਂਟ ਬਣਾਓ</string>
    <string name="s6">ਕੀ ਇਸ਼ਤਿਹਾਰ ਨੂੰ ਇੱਕ ਕੈਲੰਡਰ ਇਵੈਂਟ ਬਣਾਉਣ ਦੀ ਆਗਿਆ ਦੇਣੀ ਹੈ?</string>
    <string name="s7">ਟੈਸਟ ਇਸ਼ਤਿਹਾਰ</string>
    <string name="search_menu_title">ਖੋਜ</string>
    <string name="status_bar_notification_info_overflow">999+</string>
    <string name="watermark_label_prefix">AdMob -</string>
</resources>