<?xml version='1.0' encoding='utf-8' ?>
<resources>
    <string name="abc_action_bar_up_description">Yuxarı keçin</string>
    <string name="abc_action_mode_done">Hazırdır</string>
    <string name="abc_capital_off">DEAKTİV</string>
    <string name="abc_capital_on">AKTİV</string>
    <string name="abc_menu_alt_shortcut_label">Alt+</string>
    <string name="abc_menu_ctrl_shortcut_label">Ctrl+</string>
    <string name="abc_menu_delete_shortcut_label">silin</string>
    <string name="abc_menu_enter_shortcut_label">daxil olun</string>
    <string name="abc_menu_function_shortcut_label">Funksiya+</string>
    <string name="abc_menu_meta_shortcut_label">Meta+</string>
    <string name="abc_menu_shift_shortcut_label">Shift+</string>
    <string name="abc_menu_space_shortcut_label">space</string>
    <string name="abc_menu_sym_shortcut_label">Sym+</string>
    <string name="abc_prepend_shortcut_label">Menyu+</string>
    <string name="abc_search_hint">Axtarış...</string>
    <string name="abc_searchview_description_clear">Sorğunu silin</string>
    <string name="abc_searchview_description_search">Axtarın</string>
    <string name="abc_searchview_description_submit">Sorğunu göndərin</string>
    <string name="abc_searchview_description_voice">Səsli axtarış</string>
    <string name="abc_toolbar_collapse_description">Yığcamlaşdırın</string>
    <string name="bottomsheet_action_collapse">Aşağıdakı vərəqi yığcamlaşdırın</string>
    <string name="bottomsheet_action_expand">Aşağıdakı vərəqi genişləndirin</string>
    <string name="bottomsheet_action_expand_halfway">Tam genişləndirin</string>
    <string name="bottomsheet_drag_handle_clicked">Dəstəyə iki dəfə toxunun</string>
    <string name="bottomsheet_drag_handle_content_description">Dəstək</string>
    <string name="call_notification_answer_action">Cavab verin</string>
    <string name="call_notification_answer_video_action">Video</string>
    <string name="call_notification_decline_action">İmtina edin</string>
    <string name="call_notification_hang_up_action">Dəstəyi asın</string>
    <string name="call_notification_incoming_text">Gələn zəng</string>
    <string name="call_notification_ongoing_text">Davam edən zəng</string>
    <string name="call_notification_screening_text">Gələn zəng göstərilir</string>
    <string name="character_counter_content_description">%1$d/%2$d simvol daxil edilib</string>
    <string name="character_counter_overflowed_content_description">Simvol limiti %1$d/%2$d dəyərini keçdi</string>
    <string name="clear_text_end_icon_content_description">Mətni silin</string>
    <string name="common_google_play_services_enable_button">Aktiv edin</string>
    <string name="common_google_play_services_enable_text">%1$s Google Play xidmətlərini aktiv edənə kimi işləməyəcək.</string>
    <string name="common_google_play_services_enable_title">Google Play xidmətlərini aktiv edin</string>
    <string name="common_google_play_services_install_button">Quraşdırın</string>
    <string name="common_google_play_services_install_text">%1$s cihazınızda mövcud olmayan Google Play xidmətləri olmadan çalışmayacaq.</string>
    <string name="common_google_play_services_install_title">Google Play xidmətlərini əldə edin</string>
    <string name="common_google_play_services_notification_channel_name">Google Play xidmətlərinin əlçatanlığı</string>
    <string name="common_google_play_services_notification_ticker">Google Play xidmətləri xətası</string>
    <string name="common_google_play_services_unknown_issue">%1$s tətbiqi ilə Google Play xidmətləri arasında problem var. Daha sonra yenidən cəhd edin.</string>
    <string name="common_google_play_services_unsupported_text">Cihazınız tərəfindən dəstəklənməyən Google Play xidmətləri olmadan %1$s tətbiqi işləməyəcək.</string>
    <string name="common_google_play_services_update_button">Güncəlləyin</string>
    <string name="common_google_play_services_update_text">%1$s Google Play xidmətləri yeniləmə halda çalışmaz.</string>
    <string name="common_google_play_services_update_title">Google Play xidmətlərini güncəlləşdirin</string>
    <string name="common_google_play_services_updating_text">%1$s hal-hazırda güncəllənən Google Play xidmətləri olmadan çalışmayacaq.</string>
    <string name="common_google_play_services_wear_update_text">Google Play xidmətlərinin yeni versiyası lazımdır. Qısa müddətə özünü yeniləyəcək.</string>
    <string name="common_open_on_phone">Telefonda açın</string>
    <string name="common_signin_button_text">Daxil olun</string>
    <string name="common_signin_button_text_long">Google ilə daxil olun</string>
    <string name="error_icon_content_description">Xəta</string>
    <string name="exo_controls_fastforward_description">İrəli çəkin</string>
    <string name="exo_controls_hide">Oyunçu nəzarətlərini gizlədin</string>
    <string name="exo_controls_next_description">Sonra</string>
    <string name="exo_controls_pause_description">Pauza</string>
    <string name="exo_controls_play_description">Oxudun</string>
    <string name="exo_controls_previous_description">Əvvəl</string>
    <string name="exo_controls_repeat_all_description">Cari rejim: Hamısını təkrarlayın. Təkrarlanma rejimini keçirin.</string>
    <string name="exo_controls_repeat_off_description">Cari rejim: Heç birini təkrarlamayın. Təkrarlanma rejimini keçirin.</string>
    <string name="exo_controls_repeat_one_description">Cari rejim: Birini təkrarlayın. Təkrarlanma rejimini keçirin.</string>
    <string name="exo_controls_rewind_description">Geri çəkin</string>
    <string name="exo_controls_show">Oyunçu nəzarətlərini göstərin</string>
    <string name="exo_controls_shuffle_off_description">Qarışdırma rejimini aktiv edin</string>
    <string name="exo_controls_shuffle_on_description">Qarışdırma rejimini deaktiv edin</string>
    <string name="exo_controls_vr_description">VR rejimi</string>
    <string name="exo_item_list">%1$s, %2$s</string>
    <string name="exo_track_bitrate">%1$.2f Mbps</string>
    <string name="exo_track_mono">Mono</string>
    <string name="exo_track_resolution">%1$d × %2$d</string>
    <string name="exo_track_role_alternate">Alternativ</string>
    <string name="exo_track_role_closed_captions">Nüsxəni alan</string>
    <string name="exo_track_role_commentary">Şərh</string>
    <string name="exo_track_role_supplementary">Əlavə</string>
    <string name="exo_track_selection_auto">Avtomatik</string>
    <string name="exo_track_selection_none">Yoxdur</string>
    <string name="exo_track_selection_title_audio">Audio</string>
    <string name="exo_track_selection_title_text">Mətn</string>
    <string name="exo_track_selection_title_video">Video</string>
    <string name="exo_track_stereo">Stereo</string>
    <string name="exo_track_surround">Yüksək səs</string>
    <string name="exo_track_surround_5_point_1">5.1 yüksək səs</string>
    <string name="exo_track_surround_7_point_1">7.1 yüksək səs</string>
    <string name="exo_track_unknown">Naməlum</string>
    <string name="exposed_dropdown_menu_content_description">Açılan menyunu göstərin</string>
    <string name="fallback_menu_item_copy_link">Linki kopyalayın</string>
    <string name="fallback_menu_item_open_in_browser">Brauzerdə açın</string>
    <string name="fallback_menu_item_share_link">Linki paylaşın</string>
    <string name="icon_content_description">Dialoq ikonası</string>
    <string name="item_view_role_description">Tab</string>
    <string name="material_clock_toggle_content_description">Gündüz və ya axşam seçin</string>
    <string name="material_hour_24h_suffix">%1$s saat</string>
    <string name="material_hour_selection">Saatı seçin</string>
    <string name="material_hour_suffix">Saat %1$s</string>
    <string name="material_minute_selection">Dəqiqə seçin</string>
    <string name="material_minute_suffix">%1$s dəqiqə</string>
    <string name="material_timepicker_am">AM</string>
    <string name="material_timepicker_clock_mode_description">Zamanı daxil etmək üçün saat rejiminə keçin</string>
    <string name="material_timepicker_hour">Saat</string>
    <string name="material_timepicker_minute">Dəqiqə</string>
    <string name="material_timepicker_pm">GƏ</string>
    <string name="material_timepicker_select_time">Vaxt seçin</string>
    <string name="material_timepicker_text_input_mode_description">Zamanı daxil etmək üçün mətnlə daxiletmə rejiminə keçin</string>
    <string name="mtrl_badge_numberless_content_description">Yeni bildiriş</string>
    <string name="mtrl_chip_close_icon_content_description">%1$s silin</string>
    <string name="mtrl_exceed_max_badge_number_content_description">Minimum %1$d yeni bildiriş</string>
    <string name="mtrl_picker_a11y_next_month">Növbəti aya dəyişin</string>
    <string name="mtrl_picker_a11y_prev_month">Əvvəlki aya dəyişin</string>
    <string name="mtrl_picker_cancel">Ləğv edin</string>
    <string name="mtrl_picker_confirm">OK</string>
    <string name="mtrl_picker_day_of_week_column_header">Gün sütunu: %1$s</string>
    <string name="mtrl_picker_navigate_to_year_description">%1$s ilinə keçin</string>
    <string name="mtrl_picker_save">Saxlayın</string>
    <string name="mtrl_picker_toggle_to_calendar_input_mode">Təqvim daxiletmə rejiminə keçin</string>
    <string name="mtrl_picker_toggle_to_day_selection">Gün seçiminə keçmək üçün toxunun</string>
    <string name="mtrl_picker_toggle_to_text_input_mode">Mətn daxiletmə rejiminə keçin</string>
    <string name="mtrl_picker_toggle_to_year_selection">İl seçiminə keçmək üçün toxunun</string>
    <string name="mtrl_timepicker_cancel">Ləğv edin</string>
    <string name="mtrl_timepicker_confirm">OK</string>
    <string name="native_body">Əsas</string>
    <string name="native_headline">Başlıq</string>
    <string name="native_media_view">Media Paneli</string>
    <string name="notifications_permission_confirm">İcazə verin</string>
    <string name="notifications_permission_decline">İcazə verməyin</string>
    <string name="notifications_permission_title">Tətbiqə sizə bildirişlər göndərmək icazəsi verilsin?</string>
    <string name="offline_dialog_image_description">İkona</string>
    <string name="offline_dialog_text">Maraqlandığınız üçün təşəkkürlər.
Yenidən onlayn olduqda ətraflı məlumat verəcəyik.</string>
    <string name="offline_notification_title">Yenidən onlaynsınız! Qaldığınız yerdən davam edək</string>
    <string name="offline_notification_title_with_advertiser">Yenidən onlaynsınız! %s haqqında məlumat almağa davam edin</string>
    <string name="offline_opt_in_confirm">OK</string>
    <string name="offline_opt_in_decline">Xeyr, təşəkkür</string>
    <string name="offline_opt_in_message">Sizə reklamçının saytına keçid olan bildiriş göndərəcəyik.</string>
    <string name="offline_opt_in_title">Yenidən onlayn olduqda reklamı açın.</string>
    <string name="password_toggle_content_description">Parolu göstərin</string>
    <string name="s1">Şəkli yadda saxlayın</string>
    <string name="s2">Reklama təsvirləri Şəkil qalereyasında saxlamağa icazə verilsin?</string>
    <string name="s3">Qəbul edin</string>
    <string name="s4">Rədd edin</string>
    <string name="s5">Təqvim tədbiri yaradın</string>
    <string name="s6">Təqvim tədbiri yaratmaq üçün Reklama icazə verilsin?</string>
    <string name="s7">Test Reklamı</string>
    <string name="search_menu_title">Axtarın</string>
    <string name="status_bar_notification_info_overflow">999+</string>
    <string name="watermark_label_prefix">AdMob -</string>
</resources>