<?xml version='1.0' encoding='utf-8' ?>
<resources>
    <string name="abc_action_bar_up_description">Navigate up</string>
    <string name="abc_action_mode_done">Done</string>
    <string name="abc_capital_off">OFF</string>
    <string name="abc_capital_on">ON</string>
    <string name="abc_menu_alt_shortcut_label">Alt+</string>
    <string name="abc_menu_ctrl_shortcut_label">Ctrl+</string>
    <string name="abc_menu_delete_shortcut_label">delete</string>
    <string name="abc_menu_enter_shortcut_label">enter</string>
    <string name="abc_menu_function_shortcut_label">Function+</string>
    <string name="abc_menu_meta_shortcut_label">Meta+</string>
    <string name="abc_menu_shift_shortcut_label">Shift+</string>
    <string name="abc_menu_space_shortcut_label">space</string>
    <string name="abc_menu_sym_shortcut_label">Sym+</string>
    <string name="abc_prepend_shortcut_label">Menu+</string>
    <string name="abc_search_hint">Search…</string>
    <string name="abc_searchview_description_clear">Clear query</string>
    <string name="abc_searchview_description_search">Search</string>
    <string name="abc_searchview_description_submit">Submit query</string>
    <string name="abc_searchview_description_voice">Voice search</string>
    <string name="abc_toolbar_collapse_description">Collapse</string>
    <string name="bottomsheet_action_collapse">Collapse the bottom sheet</string>
    <string name="bottomsheet_action_expand">Expand the bottom sheet</string>
    <string name="bottomsheet_action_expand_halfway">Expand halfway</string>
    <string name="bottomsheet_drag_handle_clicked">Drag handle double-tapped</string>
    <string name="bottomsheet_drag_handle_content_description">Drag handle</string>
    <string name="call_notification_answer_action">Answer</string>
    <string name="call_notification_answer_video_action">Video</string>
    <string name="call_notification_decline_action">Decline</string>
    <string name="call_notification_hang_up_action">Hang up</string>
    <string name="call_notification_incoming_text">Incoming call</string>
    <string name="call_notification_ongoing_text">On-going call</string>
    <string name="call_notification_screening_text">Screening an incoming call</string>
    <string name="character_counter_content_description">Characters entered %1$d of %2$d</string>
    <string name="character_counter_overflowed_content_description">Character limit exceeded %1$d of %2$d</string>
    <string name="clear_text_end_icon_content_description">Clear text</string>
    <string name="common_google_play_services_enable_button">Enable</string>
    <string name="common_google_play_services_enable_text">%1$s won't work unless you enable Google Play services.</string>
    <string name="common_google_play_services_enable_title">Enable Google Play services</string>
    <string name="common_google_play_services_install_button">Install</string>
    <string name="common_google_play_services_install_text">%1$s won't run without Google Play services, which are missing from your device.</string>
    <string name="common_google_play_services_install_title">Get Google Play services</string>
    <string name="common_google_play_services_notification_channel_name">Google Play services availability</string>
    <string name="common_google_play_services_notification_ticker">Google Play services error</string>
    <string name="common_google_play_services_unknown_issue">%1$s is having trouble with Google Play services. Please try again.</string>
    <string name="common_google_play_services_unsupported_text">%1$s won't run without Google Play services, which are not supported by your device.</string>
    <string name="common_google_play_services_update_button">Update</string>
    <string name="common_google_play_services_update_text">%1$s won't run unless you update Google Play services.</string>
    <string name="common_google_play_services_update_title">Update Google Play services</string>
    <string name="common_google_play_services_updating_text">%1$s won't run without Google Play services, which are currently updating.</string>
    <string name="common_google_play_services_wear_update_text">New version of Google Play services needed. It will update itself shortly.</string>
    <string name="common_open_on_phone">Open on phone</string>
    <string name="common_signin_button_text">Sign In</string>
    <string name="common_signin_button_text_long">Sign in with Google</string>
    <string name="error_icon_content_description">Error</string>
    <string name="exo_controls_fastforward_description">Fast-forward</string>
    <string name="exo_controls_hide">Hide player controls</string>
    <string name="exo_controls_next_description">Next</string>
    <string name="exo_controls_pause_description">Pause</string>
    <string name="exo_controls_play_description">Play</string>
    <string name="exo_controls_previous_description">Previous</string>
    <string name="exo_controls_repeat_all_description">Current mode: Repeat all. Toggle repeat mode.</string>
    <string name="exo_controls_repeat_off_description">Current mode: Repeat none. Toggle repeat mode.</string>
    <string name="exo_controls_repeat_one_description">Current mode: Repeat one. Toggle repeat mode.</string>
    <string name="exo_controls_rewind_description">Rewind</string>
    <string name="exo_controls_show">Show player controls</string>
    <string name="exo_controls_shuffle_off_description">Enable shuffle mode</string>
    <string name="exo_controls_shuffle_on_description">Disable shuffle mode</string>
    <string name="exo_controls_vr_description">VR mode</string>
    <string name="exo_item_list">%1$s, %2$s</string>
    <string name="exo_track_bitrate">%1$.2f Mbps</string>
    <string name="exo_track_mono">Mono</string>
    <string name="exo_track_resolution">%1$d × %2$d</string>
    <string name="exo_track_role_alternate">Alternative</string>
    <string name="exo_track_role_closed_captions">CC</string>
    <string name="exo_track_role_commentary">Commentary</string>
    <string name="exo_track_role_supplementary">Supplementary</string>
    <string name="exo_track_selection_auto">Auto</string>
    <string name="exo_track_selection_none">None</string>
    <string name="exo_track_selection_title_audio">Audio</string>
    <string name="exo_track_selection_title_text">Text</string>
    <string name="exo_track_selection_title_video">Video</string>
    <string name="exo_track_stereo">Stereo</string>
    <string name="exo_track_surround">Surround sound</string>
    <string name="exo_track_surround_5_point_1">5.1 surround sound</string>
    <string name="exo_track_surround_7_point_1">7.1 surround sound</string>
    <string name="exo_track_unknown">Unknown</string>
    <string name="exposed_dropdown_menu_content_description">Show drop-down menu</string>
    <string name="fallback_menu_item_copy_link">Copy link</string>
    <string name="fallback_menu_item_open_in_browser">Open in browser</string>
    <string name="fallback_menu_item_share_link">Share link</string>
    <string name="icon_content_description">Dialogue Icon</string>
    <string name="item_view_role_description">Tab</string>
    <string name="material_clock_toggle_content_description">Select a.m. or p.m.</string>
    <string name="material_hour_24h_suffix">%1$s hours</string>
    <string name="material_hour_selection">Select hour</string>
    <string name="material_hour_suffix">%1$s o'clock</string>
    <string name="material_minute_selection">Select minutes</string>
    <string name="material_minute_suffix">%1$s minutes</string>
    <string name="material_timepicker_am">AM</string>
    <string name="material_timepicker_clock_mode_description">Switch to clock mode for the time input.</string>
    <string name="material_timepicker_hour">Hour</string>
    <string name="material_timepicker_minute">Minute</string>
    <string name="material_timepicker_pm">PM</string>
    <string name="material_timepicker_select_time">Select time</string>
    <string name="material_timepicker_text_input_mode_description">Switch to text input mode for the time input.</string>
    <string name="mtrl_badge_numberless_content_description">New notification</string>
    <string name="mtrl_chip_close_icon_content_description">Remove %1$s</string>
    <string name="mtrl_exceed_max_badge_number_content_description">More than %1$d new notifications</string>
    <string name="mtrl_picker_a11y_next_month">Change to next month</string>
    <string name="mtrl_picker_a11y_prev_month">Change to previous month</string>
    <string name="mtrl_picker_cancel">Cancel</string>
    <string name="mtrl_picker_confirm">OK</string>
    <string name="mtrl_picker_day_of_week_column_header">Column of days: %1$s</string>
    <string name="mtrl_picker_navigate_to_year_description">Navigate to year %1$s</string>
    <string name="mtrl_picker_save">Save</string>
    <string name="mtrl_picker_toggle_to_calendar_input_mode">Switch to calendar input mode</string>
    <string name="mtrl_picker_toggle_to_day_selection">Tap to switch to selecting a day</string>
    <string name="mtrl_picker_toggle_to_text_input_mode">Switch to text input mode</string>
    <string name="mtrl_picker_toggle_to_year_selection">Tap to switch to selecting a year</string>
    <string name="mtrl_timepicker_cancel">Cancel</string>
    <string name="mtrl_timepicker_confirm">OK</string>
    <string name="native_body">Body</string>
    <string name="native_headline">Headline</string>
    <string name="native_media_view">Media view</string>
    <string name="notifications_permission_confirm">Allow</string>
    <string name="notifications_permission_decline">Don't allow</string>
    <string name="notifications_permission_title">Allow app to send you notifications?</string>
    <string name="offline_dialog_image_description">Icon</string>
    <string name="offline_dialog_text">Thank you for your interest.
We will share more once you're back online.</string>
    <string name="offline_notification_title">You are back online! Let's pick up where we left off</string>
    <string name="offline_notification_title_with_advertiser">You are back online! Continue learning about %s</string>
    <string name="offline_opt_in_confirm">OK</string>
    <string name="offline_opt_in_decline">No, thanks</string>
    <string name="offline_opt_in_message">We'll send you a notification with a link to the advertiser site.</string>
    <string name="offline_opt_in_title">Open ad when you're back online.</string>
    <string name="password_toggle_content_description">Show password</string>
    <string name="s1">Save image</string>
    <string name="s2">Allow Ad to store image in Picture gallery?</string>
    <string name="s3">Accept</string>
    <string name="s4">Decline</string>
    <string name="s5">Create calendar event</string>
    <string name="s6">Allow Ad to create a calendar event?</string>
    <string name="s7">Test Ad</string>
    <string name="search_menu_title">Search</string>
    <string name="status_bar_notification_info_overflow">999+</string>
    <string name="watermark_label_prefix">AdMob –</string>
</resources>