<?xml version='1.0' encoding='utf-8' ?>
<resources>
    <string name="abc_action_bar_up_description">वापस जाएं</string>
    <string name="abc_action_mode_done">हो गया</string>
    <string name="abc_capital_off">बंद</string>
    <string name="abc_capital_on">चालू</string>
    <string name="abc_menu_alt_shortcut_label">Alt+</string>
    <string name="abc_menu_ctrl_shortcut_label">Ctrl+</string>
    <string name="abc_menu_delete_shortcut_label">delete</string>
    <string name="abc_menu_enter_shortcut_label">enter</string>
    <string name="abc_menu_function_shortcut_label">Function+</string>
    <string name="abc_menu_meta_shortcut_label">Meta+</string>
    <string name="abc_menu_shift_shortcut_label">Shift+</string>
    <string name="abc_menu_space_shortcut_label">space</string>
    <string name="abc_menu_sym_shortcut_label">Sym+</string>
    <string name="abc_prepend_shortcut_label">Menu+</string>
    <string name="abc_search_hint">खोजें…</string>
    <string name="abc_searchview_description_clear">क्‍वेरी हटाएं</string>
    <string name="abc_searchview_description_search">खोजें</string>
    <string name="abc_searchview_description_submit">क्वेरी सबमिट करें</string>
    <string name="abc_searchview_description_voice">बोलकर खोजें</string>
    <string name="abc_toolbar_collapse_description">छोटा करें</string>
    <string name="bottomsheet_action_collapse">बॉटम शीट को छोटा करें</string>
    <string name="bottomsheet_action_expand">बॉटम शीट को बड़ा करें</string>
    <string name="bottomsheet_action_expand_halfway">पूरी तरह बड़ा करें</string>
    <string name="bottomsheet_drag_handle_clicked">खींचकर छोड़ने वाले हैंडल पर दो बार टैप किया गया</string>
    <string name="bottomsheet_drag_handle_content_description">खींचकर छोड़ने वाला हैंडल</string>
    <string name="call_notification_answer_action">जवाब दें</string>
    <string name="call_notification_answer_video_action">वीडियो</string>
    <string name="call_notification_decline_action">अस्वीकार करें</string>
    <string name="call_notification_hang_up_action">कॉल काटें</string>
    <string name="call_notification_incoming_text">आने वाला (इनकमिंग) कॉल</string>
    <string name="call_notification_ongoing_text">पहले से जारी कॉल</string>
    <string name="call_notification_screening_text">इनकमिंग कॉल को स्क्रीन किया जा रहा है</string>
    <string name="character_counter_content_description">%2$d वर्णों में से %1$d वर्ण दर्ज किए गए</string>
    <string name="character_counter_overflowed_content_description">अभी %1$d वर्ण हैं जबकि %2$d से ज़्यादा नहीं होने चाहिए</string>
    <string name="clear_text_end_icon_content_description">टेक्स्ट मिटाएं</string>
    <string name="common_google_play_services_enable_button">चालू करें</string>
    <string name="common_google_play_services_enable_text">जब तक आप Google Play सेवाएं चालू नहीं करते, %1$s काम नहीं करेगा.</string>
    <string name="common_google_play_services_enable_title">Google Play सेवाएं चालू करें</string>
    <string name="common_google_play_services_install_button">इंस्टॉल करें</string>
    <string name="common_google_play_services_install_text">%1$s उन Google Play सेवाओं के बिना नहीं चलेगा जो आपके डिवाइस में उपलब्ध नहीं हैं.</string>
    <string name="common_google_play_services_install_title">Google Play सेवाएं इंस्टॉल करें</string>
    <string name="common_google_play_services_notification_channel_name">Google Play सेवाएं उपलब्ध हैं</string>
    <string name="common_google_play_services_notification_ticker">Google Play सेवाओं से जुड़ी गड़बड़ी</string>
    <string name="common_google_play_services_unknown_issue">%1$s को Google Play सेवाओं के साथ समस्या आ रही है. कृपया फिर से कोशिश करें.</string>
    <string name="common_google_play_services_unsupported_text">%1$s उन Google Play सेवाओं के बिना नहीं चलेगा, जो आपके डिवाइस पर काम नहीं करती हैं.</string>
    <string name="common_google_play_services_update_button">अपडेट करें</string>
    <string name="common_google_play_services_update_text">%1$s तब तक नहीं चलेगा जब तक आप Google Play सेवाओं को अपडेट नहीं करते.</string>
    <string name="common_google_play_services_update_title">Google Play सेवाओं को अपडेट करें</string>
    <string name="common_google_play_services_updating_text">%1$s उन Google Play सेवाओं के बिना नहीं चलेगा जो अभी अपडेट हो रही हैं.</string>
    <string name="common_google_play_services_wear_update_text">Google Play सेवाओं के नए वर्शन की ज़रूरत है. यह जल्द ही अपने आप अपडेट हो जाएगा.</string>
    <string name="common_open_on_phone">फ़ोन पर खोलें</string>
    <string name="common_signin_button_text">साइन इन करें</string>
    <string name="common_signin_button_text_long">Google के ज़रिए साइन इन करें</string>
    <string name="error_icon_content_description">गड़बड़ी</string>
    <string name="exo_controls_fastforward_description">तेज़ी से आगे बढ़ाएं</string>
    <string name="exo_controls_hide">प्लेयर नियंत्रण छिपाएं</string>
    <string name="exo_controls_next_description">अगला</string>
    <string name="exo_controls_pause_description">रोकें</string>
    <string name="exo_controls_play_description">चलाएं</string>
    <string name="exo_controls_previous_description">पिछला</string>
    <string name="exo_controls_repeat_all_description">मौजूदा मोड: सभी को दोहराएं. रिपीट मोड टॉगल करें.</string>
    <string name="exo_controls_repeat_off_description">मौजूदा मोड: किसी को न दोहराएं. रिपीट मोड टॉगल करें.</string>
    <string name="exo_controls_repeat_one_description">मौजूदा मोड: एक को दोहराएं. रिपीट मोड टॉगल करें.</string>
    <string name="exo_controls_rewind_description">पीछे ले जाएं</string>
    <string name="exo_controls_show">प्लेयर नियंत्रण दिखाएं</string>
    <string name="exo_controls_shuffle_off_description">शफ़ल मोड चालू करें</string>
    <string name="exo_controls_shuffle_on_description">शफ़ल मोड बंद करें</string>
    <string name="exo_controls_vr_description">VR मोड</string>
    <string name="exo_item_list">%1$s, %2$s</string>
    <string name="exo_track_bitrate">%1$.2f एमबीपीएस</string>
    <string name="exo_track_mono">मोनो साउंड</string>
    <string name="exo_track_resolution">%1$d × %2$d</string>
    <string name="exo_track_role_alternate">विकल्प</string>
    <string name="exo_track_role_closed_captions">सबटाइटल</string>
    <string name="exo_track_role_commentary">कमेंट्री</string>
    <string name="exo_track_role_supplementary">सप्लिमेंट्री</string>
    <string name="exo_track_selection_auto">अपने आप</string>
    <string name="exo_track_selection_none">कोई नहीं</string>
    <string name="exo_track_selection_title_audio">ऑडियो</string>
    <string name="exo_track_selection_title_text">लेख</string>
    <string name="exo_track_selection_title_video">वीडियो</string>
    <string name="exo_track_stereo">स्टीरियो साउंड</string>
    <string name="exo_track_surround">सराउंड साउंड</string>
    <string name="exo_track_surround_5_point_1">5.1 सराउंड साउंड</string>
    <string name="exo_track_surround_7_point_1">7.1 सराउंड साउंड</string>
    <string name="exo_track_unknown">अज्ञात</string>
    <string name="exposed_dropdown_menu_content_description">ड्रॉपडाउन मेन्यू दिखाएं</string>
    <string name="fallback_menu_item_copy_link">लिंक कॉपी करें</string>
    <string name="fallback_menu_item_open_in_browser">ब्राउज़र में खोलें</string>
    <string name="fallback_menu_item_share_link">लिंक शेयर करें</string>
    <string name="icon_content_description">डायलॉग का आइकॉन</string>
    <string name="item_view_role_description">टैब</string>
    <string name="material_clock_toggle_content_description">AM या PM चुनें</string>
    <string name="material_hour_24h_suffix">%1$s घंटे</string>
    <string name="material_hour_selection">घंटा चुनें</string>
    <string name="material_hour_suffix">%1$s बजे</string>
    <string name="material_minute_selection">मिनट चुनें</string>
    <string name="material_minute_suffix">%1$s मिनट</string>
    <string name="material_timepicker_am">पूर्वाह्न</string>
    <string name="material_timepicker_clock_mode_description">समय इनपुट के लिए घड़ी मोड पर जाएं.</string>
    <string name="material_timepicker_hour">घंटा</string>
    <string name="material_timepicker_minute">मिनट</string>
    <string name="material_timepicker_pm">अपराह्न</string>
    <string name="material_timepicker_select_time">समय चुनें</string>
    <string name="material_timepicker_text_input_mode_description">समय इनपुट के लिए लेख इनपुट मोड पर जाएं.</string>
    <string name="mtrl_badge_numberless_content_description">नई सूचना</string>
    <string name="mtrl_chip_close_icon_content_description">%1$s हटाएं</string>
    <string name="mtrl_exceed_max_badge_number_content_description">%1$d से ज़्यादा नई सूचनाएं</string>
    <string name="mtrl_picker_a11y_next_month">अगले महीने पर जाएं</string>
    <string name="mtrl_picker_a11y_prev_month">पिछले महीने पर जाएं</string>
    <string name="mtrl_picker_cancel">रद्द करें</string>
    <string name="mtrl_picker_confirm">ठीक है</string>
    <string name="mtrl_picker_day_of_week_column_header">दिनों का कॉलम: %1$s</string>
    <string name="mtrl_picker_navigate_to_year_description">साल %1$s पर जाएं</string>
    <string name="mtrl_picker_save">सेव करें</string>
    <string name="mtrl_picker_toggle_to_calendar_input_mode">कैलेंडर के इनपुट मोड पर स्विच करें</string>
    <string name="mtrl_picker_toggle_to_day_selection">'दिन चुनना' पर स्विच करने के लिए टैप करें</string>
    <string name="mtrl_picker_toggle_to_text_input_mode">टेक्स्ट के इनपुट मोड पर स्विच करें</string>
    <string name="mtrl_picker_toggle_to_year_selection">'साल चुनना' पर स्विच करने के लिए टैप करें</string>
    <string name="mtrl_timepicker_cancel">रद्द करें</string>
    <string name="mtrl_timepicker_confirm">ठीक है</string>
    <string name="native_body">मुख्य हिस्सा</string>
    <string name="native_headline">हेडलाइन</string>
    <string name="native_media_view">मीडिया व्यू</string>
    <string name="notifications_permission_confirm">अनुमति दें</string>
    <string name="notifications_permission_decline">अनुमति न दें</string>
    <string name="notifications_permission_title">ऐप्लिकेशन को सूचनाएं भेजने की अनुमति देनी है?</string>
    <string name="offline_dialog_image_description">आइकॉन</string>
    <string name="offline_dialog_text">दिलचस्पी दिखाने के लिए धन्यवाद.
आपके फिर से ऑनलाइन आने पर, हम और जानकारी शेयर करेंगे.</string>
    <string name="offline_notification_title">आप फिर से ऑनलाइन हैं! चलिए, बातचीत वहीं से शुरू करते हैं जहां हमने पिछली बार छोड़ी थी</string>
    <string name="offline_notification_title_with_advertiser">आप फिर से ऑनलाइन हैं! %s के बारे में ज़्यादा जानें</string>
    <string name="offline_opt_in_confirm">ठीक है</string>
    <string name="offline_opt_in_decline">रहने दें</string>
    <string name="offline_opt_in_message">हम आपको एक सूचना भेजेंगे जिसमें विज्ञापन देने वाले की साइट का लिंक होगा.</string>
    <string name="offline_opt_in_title">वापस ऑनलाइन आने पर, विज्ञापन खोलें.</string>
    <string name="password_toggle_content_description">पासवर्ड दिखाएं</string>
    <string name="s1">इमेज सेव करें</string>
    <string name="s2">विज्ञापन को तस्वीर गैलरी में इमेज सेव करने का अनुमति देना चाहते हैं?</string>
    <string name="s3">मंज़ूरी दें</string>
    <string name="s4">खारिज करें</string>
    <string name="s5">कैलेंडर इवेंट बनाएं</string>
    <string name="s6">विज्ञापन को कैलेंडर इवेंट बनाने दें?</string>
    <string name="s7">जाँच विज्ञापन</string>
    <string name="search_menu_title">खोजें</string>
    <string name="status_bar_notification_info_overflow">999+</string>
    <string name="watermark_label_prefix">AdMob -</string>
</resources>