<?xml version='1.0' encoding='utf-8' ?>
<resources>
    <string name="abc_action_bar_up_description">Мурунку экранга өтүү</string>
    <string name="abc_action_mode_done">Бүттү</string>
    <string name="abc_capital_off">ӨЧҮК</string>
    <string name="abc_capital_on">КҮЙҮК</string>
    <string name="abc_menu_alt_shortcut_label">Alt+</string>
    <string name="abc_menu_ctrl_shortcut_label">Ctrl+</string>
    <string name="abc_menu_delete_shortcut_label">delete</string>
    <string name="abc_menu_enter_shortcut_label">enter</string>
    <string name="abc_menu_function_shortcut_label">Function+</string>
    <string name="abc_menu_meta_shortcut_label">Meta+</string>
    <string name="abc_menu_shift_shortcut_label">Shift+</string>
    <string name="abc_menu_space_shortcut_label">боштук</string>
    <string name="abc_menu_sym_shortcut_label">Sym+</string>
    <string name="abc_prepend_shortcut_label">Menu+</string>
    <string name="abc_search_hint">Издөө…</string>
    <string name="abc_searchview_description_clear">Сурамды өчүрүү</string>
    <string name="abc_searchview_description_search">Издөө</string>
    <string name="abc_searchview_description_submit">Сурам тапшыруу</string>
    <string name="abc_searchview_description_voice">Айтып издөө</string>
    <string name="abc_toolbar_collapse_description">Жыйыштыруу</string>
    <string name="bottomsheet_action_collapse">Ылдыйкы экранды жыйыштыруу</string>
    <string name="bottomsheet_action_expand">Ылдыйкы экранды жайып көрсөтүү</string>
    <string name="bottomsheet_action_expand_halfway">Жарымын жайып көрсөтүү</string>
    <string name="bottomsheet_drag_handle_clicked">Эки жолу таптап, тизменин керектүү жерине сүйрөп баруу</string>
    <string name="bottomsheet_drag_handle_content_description">Тизменин керектүү жерине сүйрөп баруу</string>
    <string name="call_notification_answer_action">Жооп берүү</string>
    <string name="call_notification_answer_video_action">Видео</string>
    <string name="call_notification_decline_action">Четке кагуу</string>
    <string name="call_notification_hang_up_action">Чалууну бүтүрүү</string>
    <string name="call_notification_incoming_text">Кирүүчү чалуу</string>
    <string name="call_notification_ongoing_text">Учурдагы чалуу</string>
    <string name="call_notification_screening_text">Кирүүчү чалууну иргөө</string>
    <string name="character_counter_content_description">%2$d ичинен %1$d символ киргизилди</string>
    <string name="character_counter_overflowed_content_description">Символдордун саны коюлган %2$d чегинен %1$d символго ашып кетти</string>
    <string name="clear_text_end_icon_content_description">Текстти тазалоо</string>
    <string name="common_google_play_services_enable_button">Иштетүү</string>
    <string name="common_google_play_services_enable_text">Google Play кызматтарын иштетмейиңизче %1$s иштебейт.</string>
    <string name="common_google_play_services_enable_title">Google Play кызматтарын иштетүү</string>
    <string name="common_google_play_services_install_button">Орнотуу</string>
    <string name="common_google_play_services_install_text">Google Play кызматтарысыз %1$s иштебейт. Алар түзмөгүңүздө жок болуп жатат.</string>
    <string name="common_google_play_services_install_title">Google Play кызматтарын алуу</string>
    <string name="common_google_play_services_notification_channel_name">Google Play кызматтарынын иштеши</string>
    <string name="common_google_play_services_notification_ticker">Google Play кызматтарынын катасы</string>
    <string name="common_google_play_services_unknown_issue">%1$s колдонмосунун Google Play кызматтары менен иштөөдө көйгөй чыкты. Кайталап көрүңүз.</string>
    <string name="common_google_play_services_unsupported_text">%1$s колдонмосу сиздин түзмөгүңүздө колдоого алынбаган Google Play кызматтары болбосо иштебейт.</string>
    <string name="common_google_play_services_update_button">Жаңыртуу</string>
    <string name="common_google_play_services_update_text">Google Play кызматтары жаңыртылмайынча %1$s иштебейт.</string>
    <string name="common_google_play_services_update_title">Google Play кызматтарын жаңыртуу</string>
    <string name="common_google_play_services_updating_text">Google Play кызматтарысыз %1$s иштебейт, алар учурда жаңыртылууда.</string>
    <string name="common_google_play_services_wear_update_text">Google Play кызматтарынын жаңы версиясы талап кылынат. Бир аздан кийин ал өзү эле жаңырат.</string>
    <string name="common_open_on_phone">Телефондо ачык</string>
    <string name="common_signin_button_text">Кирүү</string>
    <string name="common_signin_button_text_long">Google менен кирүү</string>
    <string name="error_icon_content_description">Ката</string>
    <string name="exo_controls_fastforward_description">Алдыга түрүү</string>
    <string name="exo_controls_hide">Ойноткучту башкаруу элементтерин жашыруу</string>
    <string name="exo_controls_next_description">Кийинки</string>
    <string name="exo_controls_pause_description">Тындыруу</string>
    <string name="exo_controls_play_description">Ойнотуу</string>
    <string name="exo_controls_previous_description">Мурунку</string>
    <string name="exo_controls_repeat_all_description">Учурдагы режим: Баарын кайталоо. Кайталоо режимин өчүрүү/күйгүзүү.</string>
    <string name="exo_controls_repeat_off_description">Учурдагы режим: Кайталанбасын. Кайталоо режимин өчүрүү/күйгүзүү.</string>
    <string name="exo_controls_repeat_one_description">Учурдагы режим: Бир медианы кайталоо. Кайталоо режимин өчүрүү/күйгүзүү.</string>
    <string name="exo_controls_rewind_description">Артка түрүү</string>
    <string name="exo_controls_show">Ойноткучту башкаруу элементтерин көрсөтүү</string>
    <string name="exo_controls_shuffle_off_description">Аралаштыруу режимин күйгүзүү</string>
    <string name="exo_controls_shuffle_on_description">Аралаштыруу режимин өчүрүү</string>
    <string name="exo_controls_vr_description">VR режими</string>
    <string name="exo_item_list">%1$s, %2$s</string>
    <string name="exo_track_bitrate">%1$.2f Мб/сек.</string>
    <string name="exo_track_mono">Моно</string>
    <string name="exo_track_resolution">%1$d × %2$d</string>
    <string name="exo_track_role_alternate">Альтернативдүү трек</string>
    <string name="exo_track_role_closed_captions">Коштомо жазуулар</string>
    <string name="exo_track_role_commentary">Пикир</string>
    <string name="exo_track_role_supplementary">Кошумча трек</string>
    <string name="exo_track_selection_auto">Авто</string>
    <string name="exo_track_selection_none">Жок</string>
    <string name="exo_track_selection_title_audio">Аудио</string>
    <string name="exo_track_selection_title_text">Текст</string>
    <string name="exo_track_selection_title_video">Видео</string>
    <string name="exo_track_stereo">Стерео</string>
    <string name="exo_track_surround">Көлөмдүү үн</string>
    <string name="exo_track_surround_5_point_1">5.1 көлөмдүү добуш</string>
    <string name="exo_track_surround_7_point_1">7.1 көлөмдүү добуш</string>
    <string name="exo_track_unknown">Белгисиз</string>
    <string name="exposed_dropdown_menu_content_description">Түрүлмө менюну көрсөтүү</string>
    <string name="fallback_menu_item_copy_link">Шилтемени көчүрүү</string>
    <string name="fallback_menu_item_open_in_browser">Серепчиден ачуу</string>
    <string name="fallback_menu_item_share_link">Шилтемени бөлүшүү</string>
    <string name="icon_content_description">Диалог сүрөтчөсү</string>
    <string name="item_view_role_description">Өтмөк</string>
    <string name="material_clock_toggle_content_description">Тандоо: AM же PM</string>
    <string name="material_hour_24h_suffix">%1$s саат</string>
    <string name="material_hour_selection">Саат тандоо</string>
    <string name="material_hour_suffix">Саат %1$s</string>
    <string name="material_minute_selection">Мүнөттөрдү тандаңыз</string>
    <string name="material_minute_suffix">%1$s мүнөт</string>
    <string name="material_timepicker_am">AM</string>
    <string name="material_timepicker_clock_mode_description">Убакытты дубал саатынын режиминде киргизиңиз.</string>
    <string name="material_timepicker_hour">Саат</string>
    <string name="material_timepicker_minute">Мүнөт</string>
    <string name="material_timepicker_pm">PM</string>
    <string name="material_timepicker_select_time">Убакыт тандоо</string>
    <string name="material_timepicker_text_input_mode_description">Убакытты текст киргизүү режиминде киргизиңиз.</string>
    <string name="mtrl_badge_numberless_content_description">Жаңы билдирме</string>
    <string name="mtrl_chip_close_icon_content_description">Мазмунду алып салуу (%1$s)</string>
    <string name="mtrl_exceed_max_badge_number_content_description">%1$d ашуун жаңы билдирме</string>
    <string name="mtrl_picker_a11y_next_month">Кийинки айга өзгөртүү</string>
    <string name="mtrl_picker_a11y_prev_month">Мурунку айга өзгөртүү</string>
    <string name="mtrl_picker_cancel">Жокко чыгаруу</string>
    <string name="mtrl_picker_confirm">Жарайт</string>
    <string name="mtrl_picker_day_of_week_column_header">Күндөр тилкеси: %1$s</string>
    <string name="mtrl_picker_navigate_to_year_description">%1$s-жылга өтүү</string>
    <string name="mtrl_picker_save">Сактоо</string>
    <string name="mtrl_picker_toggle_to_calendar_input_mode">Жылнаамага иш-чара киргизүү режимине которулуу</string>
    <string name="mtrl_picker_toggle_to_day_selection">Күн тандоо үчүн таптап коюңуз</string>
    <string name="mtrl_picker_toggle_to_text_input_mode">Текст киргизүү режимине которулуу</string>
    <string name="mtrl_picker_toggle_to_year_selection">Жыл тандоо үчүн таптап коюңуз</string>
    <string name="mtrl_timepicker_cancel">Жокко чыгаруу</string>
    <string name="mtrl_timepicker_confirm">Жарайт</string>
    <string name="native_body">Текст</string>
    <string name="native_headline">Башкы сап</string>
    <string name="native_media_view">Мультимедия борбору</string>
    <string name="notifications_permission_confirm">Уруксат берүү</string>
    <string name="notifications_permission_decline">Тыюу салуу</string>
    <string name="notifications_permission_title">Колдонмого билдирмелерди жөнөтүүгө уруксат бересизби?</string>
    <string name="offline_dialog_image_description">Сүрөтчө</string>
    <string name="offline_dialog_text">Кызыкканыңыз үчүн рахмат.
Интернетке кайра туташканыңыздан кийин дагы көп бөлүшөбүз.</string>
    <string name="offline_notification_title">Интернетке кайра туташтыңыз! Келгиле, токтогон жерден уланталы</string>
    <string name="offline_notification_title_with_advertiser">Интернетке кайра туташтыңыз! Жарнамачы %s жөнүндө маалымат алууну улантыңыз</string>
    <string name="offline_opt_in_confirm">ЖАРАЙТ</string>
    <string name="offline_opt_in_decline">Жок, рахмат</string>
    <string name="offline_opt_in_message">Сизге жарнамачынын сайтына шилтеме камтылган билдирме жөнөтөбүз.</string>
    <string name="offline_opt_in_title">Жарнама сиз онлайн режимине кайтып келгенде ачылат.</string>
    <string name="password_toggle_content_description">Сырсөздү көрсөтүү</string>
    <string name="s1">Сүрөттү сактоо</string>
    <string name="s2">Жарнамадан Сүрөт галереясына сүрөт сакталсынбы?</string>
    <string name="s3">Кабыл алуу</string>
    <string name="s4">Баш тартуу</string>
    <string name="s5">Жылнаама окуясын түзүү</string>
    <string name="s6">Жарнамада жылнаама окуясы түзүлсүнбү?</string>
    <string name="s7">Жарнаманы сынап көрүңүз</string>
    <string name="search_menu_title">Издөө</string>
    <string name="status_bar_notification_info_overflow">999+</string>
    <string name="watermark_label_prefix">AdMob -</string>
</resources>