<?xml version='1.0' encoding='utf-8' ?>
<resources>
    <string name="abc_action_bar_up_description">Torna indietro</string>
    <string name="abc_action_mode_done">Fine</string>
    <string name="abc_capital_off">OFF</string>
    <string name="abc_capital_on">ON</string>
    <string name="abc_menu_alt_shortcut_label">ALT +</string>
    <string name="abc_menu_ctrl_shortcut_label">CTRL +</string>
    <string name="abc_menu_delete_shortcut_label">CANC</string>
    <string name="abc_menu_enter_shortcut_label">INVIO</string>
    <string name="abc_menu_function_shortcut_label">FUNZIONE +</string>
    <string name="abc_menu_meta_shortcut_label">META +</string>
    <string name="abc_menu_shift_shortcut_label">MAIUSC +</string>
    <string name="abc_menu_space_shortcut_label">SPAZIO</string>
    <string name="abc_menu_sym_shortcut_label">SYM +</string>
    <string name="abc_prepend_shortcut_label">MENU +</string>
    <string name="abc_search_hint">Cerca…</string>
    <string name="abc_searchview_description_clear">Cancella query</string>
    <string name="abc_searchview_description_search">Cerca</string>
    <string name="abc_searchview_description_submit">Invia query</string>
    <string name="abc_searchview_description_voice">Ricerca vocale</string>
    <string name="abc_toolbar_collapse_description">Comprimi</string>
    <string name="bottomsheet_action_collapse">Comprimi riquadro inferiore</string>
    <string name="bottomsheet_action_expand">Espandi riquadro inferiore</string>
    <string name="bottomsheet_action_expand_halfway">Espandi a metà</string>
    <string name="bottomsheet_drag_handle_clicked">Doppio tocco su punto di trascinamento</string>
    <string name="bottomsheet_drag_handle_content_description">Punto di trascinamento</string>
    <string name="call_notification_answer_action">Rispondi</string>
    <string name="call_notification_answer_video_action">Video</string>
    <string name="call_notification_decline_action">Rifiuta</string>
    <string name="call_notification_hang_up_action">Riaggancia</string>
    <string name="call_notification_incoming_text">Chiamata in arrivo</string>
    <string name="call_notification_ongoing_text">Chiamata in corso</string>
    <string name="call_notification_screening_text">Applicazione filtro a chiamata in arrivo</string>
    <string name="character_counter_content_description">%1$d caratteri inserirti su %2$d</string>
    <string name="character_counter_overflowed_content_description">Sono presenti %2$d caratteri in più rispetto al limite di %1$d</string>
    <string name="clear_text_end_icon_content_description">Cancella testo</string>
    <string name="common_google_play_services_enable_button">Attiva</string>
    <string name="common_google_play_services_enable_text">%1$s non funzionerà se non attivi Google Play Services.</string>
    <string name="common_google_play_services_enable_title">Attiva Google Play Services</string>
    <string name="common_google_play_services_install_button">Installa</string>
    <string name="common_google_play_services_install_text">L'app %1$s non funzionerà senza Google Play Services, non presente sul tuo dispositivo.</string>
    <string name="common_google_play_services_install_title">Installa Google Play Services</string>
    <string name="common_google_play_services_notification_channel_name">Disponibilità di Google Play Services</string>
    <string name="common_google_play_services_notification_ticker">Errore Google Play Services</string>
    <string name="common_google_play_services_unknown_issue">%1$s sta riscontrando problemi con Google Play Services. Riprova.</string>
    <string name="common_google_play_services_unsupported_text">%1$s non funzionerà senza Google Play Services, non supportati dal tuo dispositivo.</string>
    <string name="common_google_play_services_update_button">Aggiorna</string>
    <string name="common_google_play_services_update_text">%1$s non funzionerà se non aggiorni Google Play Services.</string>
    <string name="common_google_play_services_update_title">Aggiorna Google Play Services</string>
    <string name="common_google_play_services_updating_text">%1$s non funzionerà senza Google Play Services, attualmente in fase di aggiornamento.</string>
    <string name="common_google_play_services_wear_update_text">È richiesta una nuova versione di Google Play Services. L'aggiornamento automatico verrà eseguito a breve.</string>
    <string name="common_open_on_phone">Apri sul telefono</string>
    <string name="common_signin_button_text">Accedi</string>
    <string name="common_signin_button_text_long">Accedi con Google</string>
    <string name="error_icon_content_description">Errore</string>
    <string name="exo_controls_fastforward_description">Avanti veloce</string>
    <string name="exo_controls_hide">Nascondi i controlli del player</string>
    <string name="exo_controls_next_description">Avanti</string>
    <string name="exo_controls_pause_description">Pausa</string>
    <string name="exo_controls_play_description">Riproduci</string>
    <string name="exo_controls_previous_description">Indietro</string>
    <string name="exo_controls_repeat_all_description">Modalità attuale: Ripeti tutto. Cambia modalità di ripetizione.</string>
    <string name="exo_controls_repeat_off_description">Modalità attuale: Non ripetere nulla. Cambia modalità di ripetizione.</string>
    <string name="exo_controls_repeat_one_description">Modalità attuale: Ripeti uno. Cambia modalità di ripetizione.</string>
    <string name="exo_controls_rewind_description">Riavvolgi</string>
    <string name="exo_controls_show">Mostra i controlli del player</string>
    <string name="exo_controls_shuffle_off_description">Attiva la riproduzione casuale</string>
    <string name="exo_controls_shuffle_on_description">Disattiva la riproduzione casuale</string>
    <string name="exo_controls_vr_description">Modalità VR</string>
    <string name="exo_item_list">%1$s, %2$s</string>
    <string name="exo_track_bitrate">%1$.2f Mbps</string>
    <string name="exo_track_mono">Mono</string>
    <string name="exo_track_resolution">%1$d × %2$d</string>
    <string name="exo_track_role_alternate">Versione alternativa</string>
    <string name="exo_track_role_closed_captions">Sottotitoli</string>
    <string name="exo_track_role_commentary">Commenti</string>
    <string name="exo_track_role_supplementary">Contenuti supplementari</string>
    <string name="exo_track_selection_auto">Auto</string>
    <string name="exo_track_selection_none">Nessuno</string>
    <string name="exo_track_selection_title_audio">Audio</string>
    <string name="exo_track_selection_title_text">Testo</string>
    <string name="exo_track_selection_title_video">Video</string>
    <string name="exo_track_stereo">Stereo</string>
    <string name="exo_track_surround">Audio surround</string>
    <string name="exo_track_surround_5_point_1">Audio surround 5.1</string>
    <string name="exo_track_surround_7_point_1">Audio surround 7.1</string>
    <string name="exo_track_unknown">Sconosciuta</string>
    <string name="exposed_dropdown_menu_content_description">Mostra il menu a discesa</string>
    <string name="fallback_menu_item_copy_link">Copia link</string>
    <string name="fallback_menu_item_open_in_browser">Apri nel browser</string>
    <string name="fallback_menu_item_share_link">Condividi link</string>
    <string name="icon_content_description">Icona della finestra di dialogo</string>
    <string name="item_view_role_description">Scheda</string>
    <string name="material_clock_toggle_content_description">Seleziona AM o PM</string>
    <string name="material_hour_24h_suffix">%1$s ore</string>
    <string name="material_hour_selection">Seleziona l'ora</string>
    <string name="material_hour_suffix">%1$s in punto</string>
    <string name="material_minute_selection">Seleziona i minuti</string>
    <string name="material_minute_suffix">%1$s minuti</string>
    <string name="material_timepicker_am">am</string>
    <string name="material_timepicker_clock_mode_description">Passa alla modalità orologio per inserire l'ora.</string>
    <string name="material_timepicker_hour">Ora</string>
    <string name="material_timepicker_minute">Minuto</string>
    <string name="material_timepicker_pm">pm</string>
    <string name="material_timepicker_select_time">Seleziona l'ora</string>
    <string name="material_timepicker_text_input_mode_description">Passa alla modalità di immissione testo per inserire l'ora.</string>
    <string name="mtrl_badge_numberless_content_description">Nuova notifica</string>
    <string name="mtrl_chip_close_icon_content_description">Rimuovi %1$s</string>
    <string name="mtrl_exceed_max_badge_number_content_description">Più di %1$d nuove notifiche</string>
    <string name="mtrl_picker_a11y_next_month">Passa al mese successivo</string>
    <string name="mtrl_picker_a11y_prev_month">Passa al mese precedente</string>
    <string name="mtrl_picker_cancel">Annulla</string>
    <string name="mtrl_picker_confirm">OK</string>
    <string name="mtrl_picker_day_of_week_column_header">Colonna dei giorni: %1$s</string>
    <string name="mtrl_picker_navigate_to_year_description">Vai all'anno %1$s</string>
    <string name="mtrl_picker_save">Salva</string>
    <string name="mtrl_picker_toggle_to_calendar_input_mode">Passa alla modalità di immissione Calendario</string>
    <string name="mtrl_picker_toggle_to_day_selection">Tocca per passare alla selezione di un giorno</string>
    <string name="mtrl_picker_toggle_to_text_input_mode">Passa alla modalità di immissione Testo</string>
    <string name="mtrl_picker_toggle_to_year_selection">Tocca per passare alla selezione di un anno</string>
    <string name="mtrl_timepicker_cancel">Annulla</string>
    <string name="mtrl_timepicker_confirm">OK</string>
    <string name="native_body">Corpo</string>
    <string name="native_headline">Titolo</string>
    <string name="native_media_view">Pannello multimediale</string>
    <string name="notifications_permission_confirm">Consenti</string>
    <string name="notifications_permission_decline">Non consentire</string>
    <string name="notifications_permission_title">Consentire all'app di inviarti notifiche?</string>
    <string name="offline_dialog_image_description">Icona</string>
    <string name="offline_dialog_text">Grazie per il tuo interesse.
Comunicheremo ulteriori dettagli quando tornerai online.</string>
    <string name="offline_notification_title">Sei di nuovo online Riprendiamo da dove abbiamo interrotto</string>
    <string name="offline_notification_title_with_advertiser">Sei di nuovo online Continua a scoprire informazioni su %s</string>
    <string name="offline_opt_in_confirm">OK</string>
    <string name="offline_opt_in_decline">No, grazie</string>
    <string name="offline_opt_in_message">Ti invieremo una notifica con un link che rimanda al sito dell'inserzionista.</string>
    <string name="offline_opt_in_title">Apri l'annuncio quando sarai di nuovo online.</string>
    <string name="password_toggle_content_description">Mostra password</string>
    <string name="s1">Salva immagine</string>
    <string name="s2">Consentire ad AdMob di memorizzare l'immagine nella galleria Immagini?</string>
    <string name="s3">Accetto</string>
    <string name="s4">Rifiuto</string>
    <string name="s5">Crea evento di calendario</string>
    <string name="s6">Consentire ad AdMob di creare un evento di calendario?</string>
    <string name="s7">Annuncio di testo</string>
    <string name="search_menu_title">Cerca</string>
    <string name="status_bar_notification_info_overflow">999+</string>
    <string name="watermark_label_prefix">AdMob -</string>
</resources>