<?xml version='1.0' encoding='utf-8' ?>
<resources>
    <string name="abc_action_bar_up_description">Navegar para cima</string>
    <string name="abc_action_mode_done">Concluído</string>
    <string name="abc_capital_off">DESATIVADO</string>
    <string name="abc_capital_on">ATIVADO</string>
    <string name="abc_menu_alt_shortcut_label">Alt +</string>
    <string name="abc_menu_ctrl_shortcut_label">Ctrl +</string>
    <string name="abc_menu_delete_shortcut_label">eliminar</string>
    <string name="abc_menu_enter_shortcut_label">enter</string>
    <string name="abc_menu_function_shortcut_label">Função +</string>
    <string name="abc_menu_meta_shortcut_label">Meta +</string>
    <string name="abc_menu_shift_shortcut_label">Shift +</string>
    <string name="abc_menu_space_shortcut_label">espaço</string>
    <string name="abc_menu_sym_shortcut_label">Sym +</string>
    <string name="abc_prepend_shortcut_label">Menu +</string>
    <string name="abc_search_hint">Pesquisar…</string>
    <string name="abc_searchview_description_clear">Limpar consulta</string>
    <string name="abc_searchview_description_search">Pesquisar</string>
    <string name="abc_searchview_description_submit">Enviar consulta</string>
    <string name="abc_searchview_description_voice">Pesquisa por voz</string>
    <string name="abc_toolbar_collapse_description">Reduzir</string>
    <string name="bottomsheet_action_collapse">Reduza a secção inferior</string>
    <string name="bottomsheet_action_expand">Expanda a secção inferior</string>
    <string name="bottomsheet_action_expand_halfway">Expandir até metade</string>
    <string name="bottomsheet_drag_handle_clicked">Dois toques no indicador para arrastar</string>
    <string name="bottomsheet_drag_handle_content_description">Indicador para arrastar</string>
    <string name="call_notification_answer_action">Atender</string>
    <string name="call_notification_answer_video_action">Vídeo</string>
    <string name="call_notification_decline_action">Recusar</string>
    <string name="call_notification_hang_up_action">Desligar</string>
    <string name="call_notification_incoming_text">Chamada recebida</string>
    <string name="call_notification_ongoing_text">Chamada em curso</string>
    <string name="call_notification_screening_text">A filtrar uma chamada recebida…</string>
    <string name="character_counter_content_description">Carateres introduzidos: %1$d de %2$d</string>
    <string name="character_counter_overflowed_content_description">Limite de carateres excedido: %1$d de %2$d</string>
    <string name="clear_text_end_icon_content_description">Limpar texto</string>
    <string name="common_google_play_services_enable_button">Ativar</string>
    <string name="common_google_play_services_enable_text">O %1$s não funciona enquanto não ativar os serviços do Google Play.</string>
    <string name="common_google_play_services_enable_title">Ativar serviços do Google Play</string>
    <string name="common_google_play_services_install_button">Instalar</string>
    <string name="common_google_play_services_install_text">O %1$s não é executado sem os Serviços do Google Play, os quais estão em falta no seu dispositivo.</string>
    <string name="common_google_play_services_install_title">Obter serviços do Google Play</string>
    <string name="common_google_play_services_notification_channel_name">Disponibilidade Serviços do Google Play</string>
    <string name="common_google_play_services_notification_ticker">Erro dos Serviços do Google Play</string>
    <string name="common_google_play_services_unknown_issue">%1$s está a ter problemas com os Serviços do Google Play. Tente novamente.</string>
    <string name="common_google_play_services_unsupported_text">Não é possível executar o %1$s sem os Serviços do Google Play, os quais não são compatíveis com o seu dispositivo.</string>
    <string name="common_google_play_services_update_button">Atualizar</string>
    <string name="common_google_play_services_update_text">O %1$s não é executado enquanto não atualizar os serviços do Google Play.</string>
    <string name="common_google_play_services_update_title">Atualizar serviços do Google Play</string>
    <string name="common_google_play_services_updating_text">O %1$s não é executado sem os serviços do Google Play, os quais estão a ser atualizados.</string>
    <string name="common_google_play_services_wear_update_text">É necessária uma nova versão dos serviços do Google Play. Esta será atualizada automaticamente em breve.</string>
    <string name="common_open_on_phone">Abrir no telemóvel</string>
    <string name="common_signin_button_text">Iniciar sessão</string>
    <string name="common_signin_button_text_long">Iniciar sessão com o Google</string>
    <string name="error_icon_content_description">Erro</string>
    <string name="exo_controls_fastforward_description">Avançar</string>
    <string name="exo_controls_hide">Ocultar controlos do leitor</string>
    <string name="exo_controls_next_description">Seguinte</string>
    <string name="exo_controls_pause_description">Pausar</string>
    <string name="exo_controls_play_description">Reproduzir</string>
    <string name="exo_controls_previous_description">Anterior</string>
    <string name="exo_controls_repeat_all_description">Modo atual: repet. tudo. Ative/des. repetição.</string>
    <string name="exo_controls_repeat_off_description">Modo atual: não repetir. Ative/des. repetição.</string>
    <string name="exo_controls_repeat_one_description">Modo atual: repetir um. Ative/des. repetição.</string>
    <string name="exo_controls_rewind_description">Recuar</string>
    <string name="exo_controls_show">Mostrar controlos do leitor</string>
    <string name="exo_controls_shuffle_off_description">Ativar modo aleatório</string>
    <string name="exo_controls_shuffle_on_description">Desativar modo aleatório</string>
    <string name="exo_controls_vr_description">Modo de RV</string>
    <string name="exo_item_list">%1$s, %2$s</string>
    <string name="exo_track_bitrate">%1$.2f Mbps</string>
    <string name="exo_track_mono">Mono</string>
    <string name="exo_track_resolution">%1$d × %2$d</string>
    <string name="exo_track_role_alternate">Alternativa</string>
    <string name="exo_track_role_closed_captions">Legendas</string>
    <string name="exo_track_role_commentary">Comentário</string>
    <string name="exo_track_role_supplementary">Suplementar</string>
    <string name="exo_track_selection_auto">Automático</string>
    <string name="exo_track_selection_none">Nenhuma</string>
    <string name="exo_track_selection_title_audio">Áudio</string>
    <string name="exo_track_selection_title_text">Texto</string>
    <string name="exo_track_selection_title_video">Vídeo</string>
    <string name="exo_track_stereo">Estéreo</string>
    <string name="exo_track_surround">Som surround</string>
    <string name="exo_track_surround_5_point_1">Som surround 5.1</string>
    <string name="exo_track_surround_7_point_1">Som surround 7.1</string>
    <string name="exo_track_unknown">Desconhecida</string>
    <string name="exposed_dropdown_menu_content_description">Mostrar menu pendente</string>
    <string name="fallback_menu_item_copy_link">Copiar link</string>
    <string name="fallback_menu_item_open_in_browser">Abrir no navegador</string>
    <string name="fallback_menu_item_share_link">Partilhar link</string>
    <string name="icon_content_description">Ícone de caixa de diálogo</string>
    <string name="item_view_role_description">Separador</string>
    <string name="material_clock_toggle_content_description">Selecionar AM ou PM</string>
    <string name="material_hour_24h_suffix">%1$s horas</string>
    <string name="material_hour_selection">Selecionar hora</string>
    <string name="material_hour_suffix">%1$s hora(s)</string>
    <string name="material_minute_selection">Selecionar minutos</string>
    <string name="material_minute_suffix">%1$s minutos</string>
    <string name="material_timepicker_am">AM</string>
    <string name="material_timepicker_clock_mode_description">Mude para o modo de relógio para a introdução da hora.</string>
    <string name="material_timepicker_hour">Hora</string>
    <string name="material_timepicker_minute">Minuto</string>
    <string name="material_timepicker_pm">PM</string>
    <string name="material_timepicker_select_time">Selecionar hora</string>
    <string name="material_timepicker_text_input_mode_description">Mude para o modo de introdução de texto para a introdução da hora.</string>
    <string name="mtrl_badge_numberless_content_description">Nova notificação</string>
    <string name="mtrl_chip_close_icon_content_description">Remover %1$s</string>
    <string name="mtrl_exceed_max_badge_number_content_description">Mais de %1$d notificações novas</string>
    <string name="mtrl_picker_a11y_next_month">Mudar para o mês seguinte</string>
    <string name="mtrl_picker_a11y_prev_month">Mudar para o mês anterior</string>
    <string name="mtrl_picker_cancel">Cancelar</string>
    <string name="mtrl_picker_confirm">OK</string>
    <string name="mtrl_picker_day_of_week_column_header">Coluna de dias: %1$s</string>
    <string name="mtrl_picker_navigate_to_year_description">Navegue para o ano %1$s</string>
    <string name="mtrl_picker_save">Guardar</string>
    <string name="mtrl_picker_toggle_to_calendar_input_mode">Mudar para o modo de introdução de calendário</string>
    <string name="mtrl_picker_toggle_to_day_selection">Toque para mudar para a seleção do dia</string>
    <string name="mtrl_picker_toggle_to_text_input_mode">Mudar para o modo de introdução de texto</string>
    <string name="mtrl_picker_toggle_to_year_selection">Toque para mudar para a seleção do ano</string>
    <string name="mtrl_timepicker_cancel">Cancelar</string>
    <string name="mtrl_timepicker_confirm">OK</string>
    <string name="native_body">Corpo</string>
    <string name="native_headline">Título</string>
    <string name="native_media_view">Visualização de multimédia</string>
    <string name="notifications_permission_confirm">Permitir</string>
    <string name="notifications_permission_decline">Não permitir</string>
    <string name="notifications_permission_title">Permitir que a app lhe envie notificações?</string>
    <string name="offline_dialog_image_description">Ícone</string>
    <string name="offline_dialog_text">Agradecemos o seu interesse.
Vamos partilhar mais informações quando estiver novamente online.</string>
    <string name="offline_notification_title">Está novamente online! Continuemos a partir do ponto em que ficámos</string>
    <string name="offline_notification_title_with_advertiser">Está novamente online! Continue a aprender sobre %s</string>
    <string name="offline_opt_in_confirm">OK</string>
    <string name="offline_opt_in_decline">Não</string>
    <string name="offline_opt_in_message">Receberá uma notificação com um link para o site do anunciante.</string>
    <string name="offline_opt_in_title">Abra o anúncio quando voltar a estar online</string>
    <string name="password_toggle_content_description">Mostrar palavra-passe</string>
    <string name="s1">Guardar imagem</string>
    <string name="s2">Permitir ao anúncio armazenar uma imagem na galeria de imagens?</string>
    <string name="s3">Aceitar</string>
    <string name="s4">Recusar</string>
    <string name="s5">Criar evento de calendário</string>
    <string name="s6">Permitir ao anúncio criar um evento de calendário?</string>
    <string name="s7">Anúncio de teste</string>
    <string name="search_menu_title">Pesquisar</string>
    <string name="status_bar_notification_info_overflow">999+</string>
    <string name="watermark_label_prefix">AdMob –</string>
</resources>