<?xml version='1.0' encoding='utf-8' ?>
<resources>
    <string name="abc_action_bar_up_description">ወደ ላይ ያስሱ</string>
    <string name="abc_action_mode_done">ተከናውኗል</string>
    <string name="abc_capital_off">አጥፋ</string>
    <string name="abc_capital_on">አብራ</string>
    <string name="abc_menu_alt_shortcut_label">Alt+</string>
    <string name="abc_menu_ctrl_shortcut_label">Ctrl+</string>
    <string name="abc_menu_delete_shortcut_label">ሰርዝ</string>
    <string name="abc_menu_enter_shortcut_label">enter</string>
    <string name="abc_menu_function_shortcut_label">Function+</string>
    <string name="abc_menu_meta_shortcut_label">Meta+</string>
    <string name="abc_menu_shift_shortcut_label">Shift+</string>
    <string name="abc_menu_space_shortcut_label">ክፍተት</string>
    <string name="abc_menu_sym_shortcut_label">Sym+</string>
    <string name="abc_prepend_shortcut_label">Menu+</string>
    <string name="abc_search_hint">ይፈልጉ…</string>
    <string name="abc_searchview_description_clear">መጠይቅ አጽዳ</string>
    <string name="abc_searchview_description_search">ፍለጋ</string>
    <string name="abc_searchview_description_submit">መጠይቅ አስገባ</string>
    <string name="abc_searchview_description_voice">የድምጽ ፍለጋ</string>
    <string name="abc_toolbar_collapse_description">ሰብስብ</string>
    <string name="bottomsheet_action_collapse">የግርጌ ሉሁን ይሰብስቡ</string>
    <string name="bottomsheet_action_expand">የግርጌ ሉሁን ይዘርጉ</string>
    <string name="bottomsheet_action_expand_halfway">ግማሽ መንገድ ዘርጋ</string>
    <string name="bottomsheet_drag_handle_clicked">መያዣ ይጎትቱ ሁለቴ መታ ተደርጓል</string>
    <string name="bottomsheet_drag_handle_content_description">መያዣ ይጎትቱ</string>
    <string name="call_notification_answer_action">መልስ</string>
    <string name="call_notification_answer_video_action">ቪዲዮ</string>
    <string name="call_notification_decline_action">አትቀበል</string>
    <string name="call_notification_hang_up_action">ስልኩን ዝጋ</string>
    <string name="call_notification_incoming_text">ገቢ ጥሪ</string>
    <string name="call_notification_ongoing_text">እየተካሄደ ያለ ጥሪ</string>
    <string name="call_notification_screening_text">ገቢ ጥሪ ማጣራት</string>
    <string name="character_counter_content_description">ቁምፊዎች %1$d ከ%2$d ገብተዋል</string>
    <string name="character_counter_overflowed_content_description">የቁምፊ ገደብ %1$d ከ%2$d አልፏል</string>
    <string name="clear_text_end_icon_content_description">ጽሑፍን አጽዳ</string>
    <string name="common_google_play_services_enable_button">አንቃ</string>
    <string name="common_google_play_services_enable_text">Google Play አገልግሎቶችን ካላነቁ በስተቀር %1$s አይሰራም።</string>
    <string name="common_google_play_services_enable_title">Google Play አገልግሎቶችን ያንቁ</string>
    <string name="common_google_play_services_install_button">ጫን</string>
    <string name="common_google_play_services_install_text">%1$s ያለ Google Play አገልግሎቶች አይሰራም፣ እነሱ ደግሞ በመሣሪያዎ ላይ የሉም።</string>
    <string name="common_google_play_services_install_title">Google Play አገልግሎቶችን ያግኙ</string>
    <string name="common_google_play_services_notification_channel_name">Google Play አገልግሎቶች ተገኝነት</string>
    <string name="common_google_play_services_notification_ticker">የGoogle Play አገልግሎቶች ስህተት</string>
    <string name="common_google_play_services_unknown_issue">%1$s በGoogle Play አገልግሎቶች ላይ ችግሮች እያጋጠሙት ነው። እባክዎ እንደገና ይሞክሩ።</string>
    <string name="common_google_play_services_unsupported_text">%1$s ያለGoogle Play አገልግሎቶች አይሄድም፣ እነዚህም በመሣሪያዎ አይደገፉም።</string>
    <string name="common_google_play_services_update_button">ያዘምኑ</string>
    <string name="common_google_play_services_update_text">Google Play አገልግሎቶችን ካላዘመኑ በስተቀር ድረስ %1$s አይሰራም።</string>
    <string name="common_google_play_services_update_title">Google Play አገልግሎቶችን ያዘምኑ</string>
    <string name="common_google_play_services_updating_text">%1$s ያለ Google Play አገልግሎቶች አይሰራም፣ እነሱ ደግሞ በአሁኑ ጊዜ በመዘመን ላይ ናቸው።</string>
    <string name="common_google_play_services_wear_update_text">አዲስ የGoogle Play አገልግሎቶች ስሪት ያስፈልጋል። በቅርቡ እራሱን ያዘምናል።</string>
    <string name="common_open_on_phone">ስልክ ላይ ክፈት</string>
    <string name="common_signin_button_text">ግባ</string>
    <string name="common_signin_button_text_long">በGoogle ይግቡ</string>
    <string name="error_icon_content_description">ስህተት</string>
    <string name="exo_controls_fastforward_description">በፍጥነት አሳልፍ</string>
    <string name="exo_controls_hide">የተጫዋች መቆጣጠሪያዎችን ደብቅ</string>
    <string name="exo_controls_next_description">ቀጣይ</string>
    <string name="exo_controls_pause_description">ላፍታ አቁም</string>
    <string name="exo_controls_play_description">አጫውት</string>
    <string name="exo_controls_previous_description">ቀዳሚ</string>
    <string name="exo_controls_repeat_all_description">የአሁን ሁነታ፦ ሁሉም ድገም። የመድገም ሁነታን ቀያይር።</string>
    <string name="exo_controls_repeat_off_description">የአሁኑ ሁነታ፦ ምንም አትድገም። የመድገም ሁነታን ቀያይር።</string>
    <string name="exo_controls_repeat_one_description">የአሁን ሁነታ፦ አንዱን ድገም። የመድገም ሁነታን ቀያይር።</string>
    <string name="exo_controls_rewind_description">ወደኋላ መልስ</string>
    <string name="exo_controls_show">የተጫዋች መቆጣጠሪያዎችን አሳይ</string>
    <string name="exo_controls_shuffle_off_description">የበውዝ ሁነታን አንቃ</string>
    <string name="exo_controls_shuffle_on_description">የበውዝ ሁነታን አሰናክል</string>
    <string name="exo_controls_vr_description">የቪአር ሁነታ</string>
    <string name="exo_item_list">%1$s፣ %2$s</string>
    <string name="exo_track_bitrate">%1$.2f ሜብስ</string>
    <string name="exo_track_mono">ሞኖ</string>
    <string name="exo_track_resolution">%1$d × %2$d</string>
    <string name="exo_track_role_alternate">ተለዋጭ</string>
    <string name="exo_track_role_closed_captions">የተዘጉ የመግለጫ ጽሑፎች</string>
    <string name="exo_track_role_commentary">ጥናታዊ</string>
    <string name="exo_track_role_supplementary">ተጨማሪ</string>
    <string name="exo_track_selection_auto">ራስ-ሰር</string>
    <string name="exo_track_selection_none">ምንም</string>
    <string name="exo_track_selection_title_audio">ኦዲዮ</string>
    <string name="exo_track_selection_title_text">ጽሑፍ</string>
    <string name="exo_track_selection_title_video">ቪዲዮ</string>
    <string name="exo_track_stereo">ስቲሪዮ</string>
    <string name="exo_track_surround">የዙሪያ ድምፅ</string>
    <string name="exo_track_surround_5_point_1">5.1 የዙሪያ ድምፅ</string>
    <string name="exo_track_surround_7_point_1">7.1 የዙሪያ ድምፅ</string>
    <string name="exo_track_unknown">ያልታወቀ</string>
    <string name="exposed_dropdown_menu_content_description">ተቆልቋይ ምናሌን አሳይ</string>
    <string name="fallback_menu_item_copy_link">አገናኝ ቅዳ</string>
    <string name="fallback_menu_item_open_in_browser">በአሳሽ ውስጥ ክፈት</string>
    <string name="fallback_menu_item_share_link">አገናኝ አጋራ</string>
    <string name="icon_content_description">የንግግር አዶ</string>
    <string name="item_view_role_description">ትር</string>
    <string name="material_clock_toggle_content_description">AM ወይም PM ይምረጡ</string>
    <string name="material_hour_24h_suffix">%1$s ሰዓታት</string>
    <string name="material_hour_selection">ሰዓትን ይምረጡ</string>
    <string name="material_hour_suffix">%1$s ሰዓት</string>
    <string name="material_minute_selection">ደቂቃዎችን ይምረጡ</string>
    <string name="material_minute_suffix">%1$s ደቂቃዎች</string>
    <string name="material_timepicker_am">ጥዋት</string>
    <string name="material_timepicker_clock_mode_description">ለጊዜ ግቤቱ ወደ የሰዓት ሁነታ ቀይር።</string>
    <string name="material_timepicker_hour">ሰዓት</string>
    <string name="material_timepicker_minute">ደቂቃ</string>
    <string name="material_timepicker_pm">ከሰዓት</string>
    <string name="material_timepicker_select_time">ጊዜ ምረጥ</string>
    <string name="material_timepicker_text_input_mode_description">ለጊዜ ግቤቱ ወደ የጽሑፍ ግቤት ሁነታ ቀይር።</string>
    <string name="mtrl_badge_numberless_content_description">አዲስ ማሳወቂያ</string>
    <string name="mtrl_chip_close_icon_content_description">%1$sን አስወግድ</string>
    <string name="mtrl_exceed_max_badge_number_content_description">ከ%1$d በላይ አዲስ ማሳወቂያዎች</string>
    <string name="mtrl_picker_a11y_next_month">ወደ የሚቀጥለው ወር ቀይር</string>
    <string name="mtrl_picker_a11y_prev_month">ወደ ቀዳሚው ወር ቀይር</string>
    <string name="mtrl_picker_cancel">ይቅር</string>
    <string name="mtrl_picker_confirm">እሺ</string>
    <string name="mtrl_picker_day_of_week_column_header">የቀኖች ዓምድ፦ %1$s</string>
    <string name="mtrl_picker_navigate_to_year_description">ወደ ዓመት %1$s አሰስ</string>
    <string name="mtrl_picker_save">አስቀምጥ</string>
    <string name="mtrl_picker_toggle_to_calendar_input_mode">ወደ የቀን መቁጠሪያ ግቤት ሁነታ ቀይር</string>
    <string name="mtrl_picker_toggle_to_day_selection">ወደ ቀን መምረጥ ለመቀየር መታ ያድርጉ</string>
    <string name="mtrl_picker_toggle_to_text_input_mode">ወደ ጽሁፍ ግቤት ሁነታ ቀይር</string>
    <string name="mtrl_picker_toggle_to_year_selection">ወደ ዓመት መምረጥ ለመቀየር መታ ያድርጉ</string>
    <string name="mtrl_timepicker_cancel">ይቅር</string>
    <string name="mtrl_timepicker_confirm">እሺ</string>
    <string name="native_body">አካል</string>
    <string name="native_headline">ዋና ርዕስ</string>
    <string name="native_media_view">የሚዲያ ዕይታ</string>
    <string name="notifications_permission_confirm">ፍቀድ</string>
    <string name="notifications_permission_decline">አትፍቀድ</string>
    <string name="notifications_permission_title">መተግበሪያ ማሳወቂያዎችን እንዲልክልዎ ይፈቀድ?</string>
    <string name="offline_dialog_image_description">አዶ</string>
    <string name="offline_dialog_text">ለፍላጎትዎ እናመሰግናለን።
ወደ መስመር ሲመለሱ ተጨማሪ እናጋራዎታለን።</string>
    <string name="offline_notification_title">መስመር ላይ ተመልሰዋል! ከቋምንበት እንቀጥል</string>
    <string name="offline_notification_title_with_advertiser">መስመር ላይ ተመልሰዋል! ስለ %s መማርዎን ይቀጥሉ</string>
    <string name="offline_opt_in_confirm">እሺ</string>
    <string name="offline_opt_in_decline">አይ አመሰግናለሁ</string>
    <string name="offline_opt_in_message">ወደ ማስታወቂያ አስነጋሪ ጣቢያው ከሚወስድ አገናኝ ጋር አንድ ማሳወቂያ እንልክልዎታለን።</string>
    <string name="offline_opt_in_title">መስመር ላይ ሲመለሱ ማስታወቂያ ይክፈቱ።</string>
    <string name="password_toggle_content_description">የይለፍ ቃል አሳይ</string>
    <string name="s1">ምስል አስቀምጥ</string>
    <string name="s2">ማስታወቂያ ምስሉን በስዕል ማእከለ-ሥዕላት ውስጥ እንዲያከማች ይፈቀድለት?</string>
    <string name="s3">ተቀበል</string>
    <string name="s4">ውድቅ አድርግ</string>
    <string name="s5">የቀን መቁጠሪያ ክስተት ፍጠር</string>
    <string name="s6">ማስታወቂያ የቀን መቁጠሪያ ክስተት እንዲፈጥር ይፈቀድለት?</string>
    <string name="s7">የሙከራ ማስታወቂያ</string>
    <string name="search_menu_title">ፍለጋ</string>
    <string name="status_bar_notification_info_overflow">999+</string>
    <string name="watermark_label_prefix">AdMob -</string>
</resources>