<?xml version='1.0' encoding='utf-8' ?>
<resources>
    <string name="abc_action_bar_up_description">向上瀏覽</string>
    <string name="abc_action_mode_done">完成</string>
    <string name="abc_capital_off">關閉</string>
    <string name="abc_capital_on">開啟</string>
    <string name="abc_menu_alt_shortcut_label">Alt +</string>
    <string name="abc_menu_ctrl_shortcut_label">Ctrl +</string>
    <string name="abc_menu_delete_shortcut_label">刪除</string>
    <string name="abc_menu_enter_shortcut_label">Enter 鍵</string>
    <string name="abc_menu_function_shortcut_label">Fn +</string>
    <string name="abc_menu_meta_shortcut_label">Meta +</string>
    <string name="abc_menu_shift_shortcut_label">Shift +</string>
    <string name="abc_menu_space_shortcut_label">空白鍵</string>
    <string name="abc_menu_sym_shortcut_label">Sym +</string>
    <string name="abc_prepend_shortcut_label">Menu +</string>
    <string name="abc_search_hint">搜尋…</string>
    <string name="abc_searchview_description_clear">清除查詢</string>
    <string name="abc_searchview_description_search">搜尋</string>
    <string name="abc_searchview_description_submit">提交查詢</string>
    <string name="abc_searchview_description_voice">語音搜尋</string>
    <string name="abc_toolbar_collapse_description">收合</string>
    <string name="applovin_agree_message">如果您選擇開始使用我們的應用，請點擊"繼續"</string>
    <string name="applovin_alt_privacy_policy_text"></string>
    <string name="applovin_continue_button_text">繼續</string>
    <string name="applovin_gdpr_advertising_partners_screen_message">如同我们在隐私政策中所表述的，在您同意的前提下，我们可能将此数据分享给以下的合作伙伴，以帮助他们提供个性化广告和内容：</string>
    <string name="applovin_gdpr_advertising_partners_screen_title">個性化廣告和內容</string>
    <string name="applovin_gdpr_analytics_partners_screen_message">如同我們在隱私政策中所表述的，在您同意的前提下，我們可能將此數據分享給以下的合作夥伴，用於產品表現監測以及改進我們的產品和服務。</string>
    <string name="applovin_gdpr_analytics_partners_screen_title">產品表現監測和產品優化</string>
    <string name="applovin_gdpr_are_you_sure_screen_message">請允許我們和我們的合作夥伴使用此數據，以為您提供個性化的廣告和內容，以及我們在隱私政策中列明的其他用途。

• 為您提供個性化的體驗，廣告和內容。

• 請支持我們的產品優化和開發

• 這將允許您參加我們的應用內促銷活動</string>
    <string name="applovin_gdpr_are_you_sure_screen_title">您是否確定？</string>
    <string name="applovin_gdpr_back_button_text">返回</string>
    <string name="applovin_gdpr_learn_more_screen_bullet_1">請支持我們的免費應用！</string>
    <string name="applovin_gdpr_learn_more_screen_bullet_2">這會為您提供更個性化的體驗，包括個性化廣告和內容</string>
    <string name="applovin_gdpr_learn_more_screen_bullet_3">請支持我們的產品優化和開發</string>
    <string name="applovin_gdpr_learn_more_screen_bullet_4">這將允許您參加我們的應用內促銷活動</string>
    <string name="applovin_gdpr_learn_more_screen_message_1">感謝您下載我們的應用！我們能為您提供更獨一無二的應用內體驗，如果您允許我們和我們的合作夥伴使用以下這些數據：</string>
    <string name="applovin_gdpr_learn_more_screen_message_2">您有權隨時變更您的選擇。如果您決定停止分享數據，您仍然可以使用應用，並且您仍然會看到廣告，但廣告內容會與您的興趣匹配度下降。</string>
    <string name="applovin_gdpr_main_screen_analytics_purposes_switch_text">產品表現監測和產品優化</string>
    <string name="applovin_gdpr_main_screen_learn_more_button_text">了解更多</string>
    <string name="applovin_gdpr_main_screen_message">如同我們在隱私政策中所表述的，在您同意的前提下，我們會收集您設備的相關信息，比如IP地址和廣告標識符。該數據將允許我們和我們的合作夥伴為您提供個性化的廣告和內容，以及持續改善您的體驗。

您可以選擇允許我們和我們的合作夥伴出於下列目的使用此數據</string>
    <string name="applovin_gdpr_main_screen_personalized_advertising_purposes_switch_text">個性化的廣告內容</string>
    <string name="applovin_gdpr_main_screen_pp_and_tos_switch_text">我年滿16周歲，接受使用條款並知悉隱私政策應用於此。</string>
    <string name="applovin_gdpr_main_screen_privacy_policy_switch_text">我確認本人已滿16周歲並已知悉和理解該隱私政策。</string>
    <string name="applovin_gdpr_main_screen_title">感謝您下載 
%s!</string>
    <string name="applovin_gdpr_understand_and_continue_button_text">我理解並同意</string>
    <string name="applovin_learn_more_screen_title">幫助我們繼續保持%s免費並為您帶來更多樂趣！</string>
    <string name="applovin_pp_and_tos_title">使用%s之前, 您必須同意我们的服務條款，並確認您已經閱讀並知悉我們的隱私政策。</string>
    <string name="applovin_pp_title">使用%s之前, 您必須確認您已經閱讀並知悉我們的隱私政策.</string>
    <string name="applovin_privacy_policy_text">隱私政策</string>
    <string name="applovin_terms_of_service_text">服務條款</string>
    <string name="applovin_terms_of_use_text">使用條款</string>
    <string name="bottomsheet_action_collapse">收合頁底面板</string>
    <string name="bottomsheet_action_expand">展開頁底面板</string>
    <string name="bottomsheet_action_expand_halfway">展開一半</string>
    <string name="bottomsheet_drag_handle_clicked">㩒咗兩下拖曳控點</string>
    <string name="bottomsheet_drag_handle_content_description">拖曳控點</string>
    <string name="call_notification_answer_action">接聽</string>
    <string name="call_notification_answer_video_action">視像</string>
    <string name="call_notification_decline_action">拒接</string>
    <string name="call_notification_hang_up_action">掛斷</string>
    <string name="call_notification_incoming_text">來電</string>
    <string name="call_notification_ongoing_text">通話中</string>
    <string name="call_notification_screening_text">正在過濾來電</string>
    <string name="character_counter_content_description">已輸入 %1$d 個字元 (共 %2$d 個)</string>
    <string name="character_counter_overflowed_content_description">超出字元限制 %1$d 個字元 (上限 %2$d 個字元)</string>
    <string name="clear_text_end_icon_content_description">清除文字</string>
    <string name="common_google_play_services_enable_button">啟用</string>
    <string name="common_google_play_services_enable_text">你必須啟用 Google Play 服務，方可執行「%1$s」。</string>
    <string name="common_google_play_services_enable_title">啟用 Google Play 服務</string>
    <string name="common_google_play_services_install_button">安裝</string>
    <string name="common_google_play_services_install_text">你的裝置尚未安裝 Google Play 服務，因此無法執行「%1$s」。</string>
    <string name="common_google_play_services_install_title">安裝 Google Play 服務</string>
    <string name="common_google_play_services_notification_channel_name">Google Play 服務的適用範圍</string>
    <string name="common_google_play_services_notification_ticker">Google Play 服務錯誤</string>
    <string name="common_google_play_services_unknown_issue">「%1$s」存取 Google Play 服務時發生問題。請稍後再試一次。</string>
    <string name="common_google_play_services_unsupported_text">你的裝置不支援 Google Play 服務，因此無法執行「%1$s」。</string>
    <string name="common_google_play_services_update_button">更新</string>
    <string name="common_google_play_services_update_text">你必須更新「Google Play 服務」，才能執行 %1$s。</string>
    <string name="common_google_play_services_update_title">更新 Google Play 服務</string>
    <string name="common_google_play_services_updating_text">正在更新 Google Play 服務，更新完成後方可執行「%1$s」。</string>
    <string name="common_google_play_services_wear_update_text">需要使用新版本的 Google Play 服務。更新會即將自動開始。</string>
    <string name="common_open_on_phone">在手機開啟</string>
    <string name="common_signin_button_text">登入</string>
    <string name="common_signin_button_text_long">透過 Google 登入</string>
    <string name="error_icon_content_description">錯誤</string>
    <string name="exo_controls_fastforward_description">向前快轉</string>
    <string name="exo_controls_hide">隱藏播放器控制項</string>
    <string name="exo_controls_next_description">繼續</string>
    <string name="exo_controls_pause_description">暫停</string>
    <string name="exo_controls_play_description">播放</string>
    <string name="exo_controls_previous_description">返回</string>
    <string name="exo_controls_repeat_all_description">宜家嘅模式：重複播放所有項目。轉做重複播放模式。</string>
    <string name="exo_controls_repeat_off_description">宜家嘅模式：唔重複播放。轉做重複播放模式。</string>
    <string name="exo_controls_repeat_one_description">宜家嘅模式：重複播放一個項目。轉做重複播放模式。</string>
    <string name="exo_controls_rewind_description">倒轉</string>
    <string name="exo_controls_show">顯示播放器控制項</string>
    <string name="exo_controls_shuffle_off_description">啟用隨機播放模式</string>
    <string name="exo_controls_shuffle_on_description">停用隨機播放模式</string>
    <string name="exo_controls_vr_description">虛擬現實模式</string>
    <string name="exo_item_list">%1$s、%2$s</string>
    <string name="exo_track_bitrate">%1$.2f Mbps</string>
    <string name="exo_track_mono">單聲道</string>
    <string name="exo_track_resolution">%1$d × %2$d</string>
    <string name="exo_track_role_alternate">其他</string>
    <string name="exo_track_role_closed_captions">字幕</string>
    <string name="exo_track_role_commentary">評論</string>
    <string name="exo_track_role_supplementary">附加</string>
    <string name="exo_track_selection_auto">自動</string>
    <string name="exo_track_selection_none">無</string>
    <string name="exo_track_selection_title_audio">音訊</string>
    <string name="exo_track_selection_title_text">文字</string>
    <string name="exo_track_selection_title_video">影片</string>
    <string name="exo_track_stereo">立體聲</string>
    <string name="exo_track_surround">環迴立體聲</string>
    <string name="exo_track_surround_5_point_1">5.1 環迴立體聲</string>
    <string name="exo_track_surround_7_point_1">7.1 環迴立體聲</string>
    <string name="exo_track_unknown">不明</string>
    <string name="exposed_dropdown_menu_content_description">顯示下拉式選單</string>
    <string name="fallback_menu_item_copy_link">複製連結</string>
    <string name="fallback_menu_item_open_in_browser">在瀏覽器中開啟</string>
    <string name="fallback_menu_item_share_link">分享連結</string>
    <string name="icon_content_description">對話框圖示</string>
    <string name="item_view_role_description">分頁</string>
    <string name="material_clock_toggle_content_description">選擇上午或下午</string>
    <string name="material_hour_24h_suffix">%1$s 個鐘</string>
    <string name="material_hour_selection">選取時段</string>
    <string name="material_hour_suffix">%1$s 點</string>
    <string name="material_minute_selection">選取分鐘</string>
    <string name="material_minute_suffix">%1$s 分</string>
    <string name="material_timepicker_am">AM</string>
    <string name="material_timepicker_clock_mode_description">切換至時鐘模式即可輸入時間。</string>
    <string name="material_timepicker_hour">小時</string>
    <string name="material_timepicker_minute">分鐘</string>
    <string name="material_timepicker_pm">PM</string>
    <string name="material_timepicker_select_time">選取時間</string>
    <string name="material_timepicker_text_input_mode_description">切換至文字輸入模式即可輸入時間。</string>
    <string name="mtrl_badge_numberless_content_description">新通知</string>
    <string name="mtrl_chip_close_icon_content_description">移除「%1$s」</string>
    <string name="mtrl_exceed_max_badge_number_content_description">超過 %1$d 則新通知</string>
    <string name="mtrl_picker_a11y_next_month">變更為下個月</string>
    <string name="mtrl_picker_a11y_prev_month">變更為上個月</string>
    <string name="mtrl_picker_cancel">取消</string>
    <string name="mtrl_picker_confirm">確定</string>
    <string name="mtrl_picker_day_of_week_column_header">日期欄：%1$s</string>
    <string name="mtrl_picker_navigate_to_year_description">瀏覽至 %1$s 年</string>
    <string name="mtrl_picker_save">儲存</string>
    <string name="mtrl_picker_toggle_to_calendar_input_mode">切換至日曆輸入模式</string>
    <string name="mtrl_picker_toggle_to_day_selection">輕按以切換至選擇日期</string>
    <string name="mtrl_picker_toggle_to_text_input_mode">切換至文字輸入模式</string>
    <string name="mtrl_picker_toggle_to_year_selection">輕按以切換至選擇年份</string>
    <string name="mtrl_timepicker_cancel">取消</string>
    <string name="mtrl_timepicker_confirm">確定</string>
    <string name="native_body">內文</string>
    <string name="native_headline">標題</string>
    <string name="native_media_view">影音媒體檢視</string>
    <string name="notifications_permission_confirm">允許</string>
    <string name="notifications_permission_decline">不允許</string>
    <string name="notifications_permission_title">允許應用程式傳送通知給你嗎？</string>
    <string name="offline_dialog_image_description">圖示</string>
    <string name="offline_dialog_text">感謝你的支持。
我們會在你重新上網後提供更多資訊。</string>
    <string name="offline_notification_title">你已重新上網！在上次暫停的位置繼續</string>
    <string name="offline_notification_title_with_advertiser">你已重新上網！請繼續瞭解「%s」的相關資訊</string>
    <string name="offline_opt_in_confirm">確定</string>
    <string name="offline_opt_in_decline">不用了，謝謝</string>
    <string name="offline_opt_in_message">我們會向你傳送通知，當中包含廣告客戶網站的連結。</string>
    <string name="offline_opt_in_title">恢復連線後開啟廣告。</string>
    <string name="password_toggle_content_description">顯示密碼</string>
    <string name="s1">儲存圖片</string>
    <string name="s2">允許廣告將圖片儲存至相片集嗎？</string>
    <string name="s3">接受</string>
    <string name="s4">拒絕</string>
    <string name="s5">建立日曆活動</string>
    <string name="s6">允許廣告建立日曆活動嗎？</string>
    <string name="s7">測試廣告</string>
    <string name="search_menu_title">搜尋</string>
    <string name="status_bar_notification_info_overflow">999+</string>
    <string name="watermark_label_prefix">AdMob -</string>
</resources>