<?xml version='1.0' encoding='utf-8' ?>
<resources>
    <string name="abc_action_bar_up_description">Gaan op</string>
    <string name="abc_action_mode_done">Klaar</string>
    <string name="abc_capital_off">AF</string>
    <string name="abc_capital_on">AAN</string>
    <string name="abc_menu_alt_shortcut_label">Alt+</string>
    <string name="abc_menu_ctrl_shortcut_label">Ctrl+</string>
    <string name="abc_menu_delete_shortcut_label">delete</string>
    <string name="abc_menu_enter_shortcut_label">enter</string>
    <string name="abc_menu_function_shortcut_label">Funksie+</string>
    <string name="abc_menu_meta_shortcut_label">Meta+</string>
    <string name="abc_menu_shift_shortcut_label">Shift+</string>
    <string name="abc_menu_space_shortcut_label">spasiebalk</string>
    <string name="abc_menu_sym_shortcut_label">Simbool+</string>
    <string name="abc_prepend_shortcut_label">Kieslys+</string>
    <string name="abc_search_hint">Soek …</string>
    <string name="abc_searchview_description_clear">Vee navraag uit</string>
    <string name="abc_searchview_description_search">Soek</string>
    <string name="abc_searchview_description_submit">Dien navraag in</string>
    <string name="abc_searchview_description_voice">Stemsoektog</string>
    <string name="abc_toolbar_collapse_description">Vou in</string>
    <string name="bottomsheet_action_collapse">Vou die onderste blad in</string>
    <string name="bottomsheet_action_expand">Vou die onderste blad uit</string>
    <string name="bottomsheet_action_expand_halfway">Vou halfpad uit</string>
    <string name="bottomsheet_drag_handle_clicked">Het op sleephandvatsel gedubbeltik</string>
    <string name="bottomsheet_drag_handle_content_description">Sleephandvatsel</string>
    <string name="call_notification_answer_action">Antwoord</string>
    <string name="call_notification_answer_video_action">Video</string>
    <string name="call_notification_decline_action">Wys af</string>
    <string name="call_notification_hang_up_action">Lui af</string>
    <string name="call_notification_incoming_text">Inkomende oproep</string>
    <string name="call_notification_ongoing_text">Oproep aan die gang</string>
    <string name="call_notification_screening_text">Keur tans 'n inkomende oproep</string>
    <string name="character_counter_content_description">Karakters ingevoer: %1$d van %2$d</string>
    <string name="character_counter_overflowed_content_description">Karakterlimiet oorskry %1$d van %2$d</string>
    <string name="clear_text_end_icon_content_description">Vee teks uit</string>
    <string name="common_google_play_services_enable_button">Aktiveer</string>
    <string name="common_google_play_services_enable_text">%1$s sal nie werk nie tensy jy Google Play Dienste aktiveer.</string>
    <string name="common_google_play_services_enable_title">Aktiveer Google Play Dienste</string>
    <string name="common_google_play_services_install_button">Installeer</string>
    <string name="common_google_play_services_install_text">%1$s sal nie sonder Google Play Dienste werk nie, wat nie op jou toestel is nie.</string>
    <string name="common_google_play_services_install_title">Kry Google Play Dienste</string>
    <string name="common_google_play_services_notification_channel_name">Beskikbaarheid van Google Play Dienste</string>
    <string name="common_google_play_services_notification_ticker">Google Play Services-fout</string>
    <string name="common_google_play_services_unknown_issue">%1$s ondervind probleme met Google Play Dienste. Probeer asseblief weer.</string>
    <string name="common_google_play_services_unsupported_text">%1$s sal nie werk sonder Google Play Dienste nie, wat nie deur jou toestel gesteun word nie.</string>
    <string name="common_google_play_services_update_button">Dateer op</string>
    <string name="common_google_play_services_update_text">%1$s sal nie werk nie tensy jy Google Play Dienste opdateer.</string>
    <string name="common_google_play_services_update_title">Dateer Google Play Dienste op</string>
    <string name="common_google_play_services_updating_text">%1$s sal nie sonder Google Play Dienste werk nie, wat tans opdateer.</string>
    <string name="common_google_play_services_wear_update_text">Nuwe weergawe van Google Play Dienste is nodig. Dit sal binnekort self opdateer.</string>
    <string name="common_open_on_phone">Maak oop op foon</string>
    <string name="common_signin_button_text">Meld aan</string>
    <string name="common_signin_button_text_long">Meld aan met Google</string>
    <string name="error_icon_content_description">Fout</string>
    <string name="exo_controls_fastforward_description">Spoel vorentoe</string>
    <string name="exo_controls_hide">Versteek spelerkontroles</string>
    <string name="exo_controls_next_description">Volgende</string>
    <string name="exo_controls_pause_description">Onderbreek</string>
    <string name="exo_controls_play_description">Speel</string>
    <string name="exo_controls_previous_description">Vorige</string>
    <string name="exo_controls_repeat_all_description">Huidige modus: herhaal alles. Wissel herhaalmodus.</string>
    <string name="exo_controls_repeat_off_description">Huidige modus: herhaal niks. Wissel herhaalmodus.</string>
    <string name="exo_controls_repeat_one_description">Huidige modus: herhaal een. Wissel herhaalmodus.</string>
    <string name="exo_controls_rewind_description">Spoel terug</string>
    <string name="exo_controls_show">Wys spelerkontroles</string>
    <string name="exo_controls_shuffle_off_description">Aktiveer skommelmodus</string>
    <string name="exo_controls_shuffle_on_description">Deaktiveer skommelmodus</string>
    <string name="exo_controls_vr_description">VR-modus</string>
    <string name="exo_item_list">%1$s, %2$s</string>
    <string name="exo_track_bitrate">%1$.2f Mbps</string>
    <string name="exo_track_mono">Mono</string>
    <string name="exo_track_resolution">%1$d × %2$d</string>
    <string name="exo_track_role_alternate">Afwisselend</string>
    <string name="exo_track_role_closed_captions">Onderskrifte</string>
    <string name="exo_track_role_commentary">Kommentaar</string>
    <string name="exo_track_role_supplementary">Aanvullend</string>
    <string name="exo_track_selection_auto">Outo</string>
    <string name="exo_track_selection_none">Geen</string>
    <string name="exo_track_selection_title_audio">Oudio</string>
    <string name="exo_track_selection_title_text">Teks</string>
    <string name="exo_track_selection_title_video">Video</string>
    <string name="exo_track_stereo">Stereo</string>
    <string name="exo_track_surround">Omringklank</string>
    <string name="exo_track_surround_5_point_1">5.1-omringklank</string>
    <string name="exo_track_surround_7_point_1">7.1-omringklank</string>
    <string name="exo_track_unknown">Onbekend</string>
    <string name="exposed_dropdown_menu_content_description">Wys aftrekkieslys</string>
    <string name="fallback_menu_item_copy_link">Kopieer skakel</string>
    <string name="fallback_menu_item_open_in_browser">Maak in blaaier oop</string>
    <string name="fallback_menu_item_share_link">Deel skakel</string>
    <string name="icon_content_description">Dialoogikoon</string>
    <string name="item_view_role_description">Oortjie</string>
    <string name="material_clock_toggle_content_description">Kies vm. of nm.</string>
    <string name="material_hour_24h_suffix">%1$s uur</string>
    <string name="material_hour_selection">Kies uur</string>
    <string name="material_hour_suffix">%1$s-uur</string>
    <string name="material_minute_selection">Kies minute</string>
    <string name="material_minute_suffix">%1$s minute</string>
    <string name="material_timepicker_am">VM.</string>
    <string name="material_timepicker_clock_mode_description">Skakel oor na horlosiemodus vir die tydinvoer.</string>
    <string name="material_timepicker_hour">Uur</string>
    <string name="material_timepicker_minute">Minuut</string>
    <string name="material_timepicker_pm">NM.</string>
    <string name="material_timepicker_select_time">Kies tyd</string>
    <string name="material_timepicker_text_input_mode_description">Skakel oor na teksmodus vir die tydinvoer.</string>
    <string name="mtrl_badge_numberless_content_description">Nuwe kennisgewing</string>
    <string name="mtrl_chip_close_icon_content_description">Verwyder %1$s</string>
    <string name="mtrl_exceed_max_badge_number_content_description">Meer as %1$d nuwe kennisgewings</string>
    <string name="mtrl_picker_a11y_next_month">Verander na volgende maand</string>
    <string name="mtrl_picker_a11y_prev_month">Verander na vorige maand</string>
    <string name="mtrl_picker_cancel">Kanselleer</string>
    <string name="mtrl_picker_confirm">OK</string>
    <string name="mtrl_picker_day_of_week_column_header">Kolom van dae: %1$s</string>
    <string name="mtrl_picker_navigate_to_year_description">Gaan na jaar %1$s</string>
    <string name="mtrl_picker_save">Stoor</string>
    <string name="mtrl_picker_toggle_to_calendar_input_mode">Skakel oor na kalenderinvoermodus</string>
    <string name="mtrl_picker_toggle_to_day_selection">Tik om oor te skakel na die kies van 'n dag</string>
    <string name="mtrl_picker_toggle_to_text_input_mode">Skakel oor na teksinvoermodus</string>
    <string name="mtrl_picker_toggle_to_year_selection">Tik om oor te skakel na die kies van 'n jaar</string>
    <string name="mtrl_timepicker_cancel">Kanselleer</string>
    <string name="mtrl_timepicker_confirm">OK</string>
    <string name="native_body">Teksinhoud</string>
    <string name="native_headline">Opskrif</string>
    <string name="native_media_view">Media-aansig</string>
    <string name="notifications_permission_confirm">Laat toe</string>
    <string name="notifications_permission_decline">Moenie toelaat nie</string>
    <string name="notifications_permission_title">Laat app toe om vir jou kennisgewings te stuur?</string>
    <string name="offline_dialog_image_description">Ikoon</string>
    <string name="offline_dialog_text">Dankie vir jou belangstelling.
Ons sal meer deel sodra jy weer aanlyn is.</string>
    <string name="offline_notification_title">Jy is weer aanlyn! Kom ons gaan aan waar ons opgehou het</string>
    <string name="offline_notification_title_with_advertiser">Jy is weer aanlyn! Hou aan om te leer oor %s</string>
    <string name="offline_opt_in_confirm">OK</string>
    <string name="offline_opt_in_decline">Nee, dankie</string>
    <string name="offline_opt_in_message">Ons sal vir jou 'n kennisgewing stuur met 'n skakel na die adverteerder se werf toe.</string>
    <string name="offline_opt_in_title">Maak advertensie oop wanneer jy weer aanlyn is.</string>
    <string name="password_toggle_content_description">Wys wagwoord</string>
    <string name="s1">Stoor prent</string>
    <string name="s2">Laat advertensie toe om prent in Prentgalery te stoor?</string>
    <string name="s3">Aanvaar</string>
    <string name="s4">Wys af</string>
    <string name="s5">Skep kalendergeleentheid</string>
    <string name="s6">Laat advertensie toe om 'n kalendergeleentheid te skep?</string>
    <string name="s7">Toetsadvertensie</string>
    <string name="search_menu_title">Soek</string>
    <string name="status_bar_notification_info_overflow">999+</string>
    <string name="watermark_label_prefix">AdMob -</string>
</resources>