<?xml version='1.0' encoding='utf-8' ?>
<resources>
    <string name="abc_action_bar_up_description">กลับ</string>
    <string name="abc_action_mode_done">เสร็จ</string>
    <string name="abc_capital_off">ปิด</string>
    <string name="abc_capital_on">เปิด</string>
    <string name="abc_menu_alt_shortcut_label">Alt+</string>
    <string name="abc_menu_ctrl_shortcut_label">Ctrl+</string>
    <string name="abc_menu_delete_shortcut_label">ลบ</string>
    <string name="abc_menu_enter_shortcut_label">Enter</string>
    <string name="abc_menu_function_shortcut_label">Function+</string>
    <string name="abc_menu_meta_shortcut_label">Meta+</string>
    <string name="abc_menu_shift_shortcut_label">Shift+</string>
    <string name="abc_menu_space_shortcut_label">Space</string>
    <string name="abc_menu_sym_shortcut_label">Sym+</string>
    <string name="abc_prepend_shortcut_label">เมนู+</string>
    <string name="abc_search_hint">ค้นหา…</string>
    <string name="abc_searchview_description_clear">ล้างคำค้นหา</string>
    <string name="abc_searchview_description_search">ค้นหา</string>
    <string name="abc_searchview_description_submit">ส่งคำค้นหา</string>
    <string name="abc_searchview_description_voice">ค้นหาด้วยเสียง</string>
    <string name="abc_toolbar_collapse_description">ยุบ</string>
    <string name="bottomsheet_action_collapse">ยุบ Bottom Sheet</string>
    <string name="bottomsheet_action_expand">ขยาย Bottom Sheet</string>
    <string name="bottomsheet_action_expand_halfway">ขยายรายการครึ่งหนึ่ง</string>
    <string name="bottomsheet_drag_handle_clicked">แตะแฮนเดิลการลากสองครั้ง</string>
    <string name="bottomsheet_drag_handle_content_description">แฮนเดิลการลาก</string>
    <string name="call_notification_answer_action">รับสาย</string>
    <string name="call_notification_answer_video_action">วิดีโอ</string>
    <string name="call_notification_decline_action">ปฏิเสธ</string>
    <string name="call_notification_hang_up_action">วางสาย</string>
    <string name="call_notification_incoming_text">สายเรียกเข้า</string>
    <string name="call_notification_ongoing_text">สายที่สนทนาอยู่</string>
    <string name="call_notification_screening_text">กำลังสกรีนสายเรียกเข้า</string>
    <string name="character_counter_content_description">ป้อนอักขระแล้ว %1$d จาก %2$d ตัว</string>
    <string name="character_counter_overflowed_content_description">เกินจำนวนอักขระสูงสุด %1$d จาก %2$d</string>
    <string name="clear_text_end_icon_content_description">ล้างข้อความ</string>
    <string name="common_google_play_services_enable_button">เปิดใช้</string>
    <string name="common_google_play_services_enable_text">%1$s จะไม่ทำงานจนกว่าคุณจะเปิดใช้บริการ Google Play</string>
    <string name="common_google_play_services_enable_title">เปิดใช้บริการ Google Play</string>
    <string name="common_google_play_services_install_button">ติดตั้ง</string>
    <string name="common_google_play_services_install_text">%1$s จะไม่ทำงานหากไม่มีบริการ Google Play ซี่งไม่มีในอุปกรณ์ของคุณ</string>
    <string name="common_google_play_services_install_title">ติดตั้งบริการ Google Play</string>
    <string name="common_google_play_services_notification_channel_name">ความพร้อมใช้งานของบริการ Google Play</string>
    <string name="common_google_play_services_notification_ticker">ข้อผิดพลาดของบริการ Google Play</string>
    <string name="common_google_play_services_unknown_issue">%1$s มีปัญหาเกี่ยวกับบริการของ Google Play โปรดลองอีกครั้ง</string>
    <string name="common_google_play_services_unsupported_text">%1$s จะไม่ทำงานหากไม่มีบริการ Google Play ซึ่งอุปกรณ์ของคุณไม่สนับสนุน</string>
    <string name="common_google_play_services_update_button">อัปเดต</string>
    <string name="common_google_play_services_update_text">%1$s จะไม่ทำงานจนกว่าคุณจะอัปเดตบริการ Google Play</string>
    <string name="common_google_play_services_update_title">อัปเดตบริการ Google Play</string>
    <string name="common_google_play_services_updating_text">%1$s จะไม่ทำงานหากไม่มีบริการ Google Play ซึ่งกำลังอัปเดตอยู่ในขณะนี้</string>
    <string name="common_google_play_services_wear_update_text">จำเป็นต้องใช้บริการ Google Play เวอร์ชันใหม่ ซึ่งจะอัปเดตอัตโนมัติในอีกไม่ช้า</string>
    <string name="common_open_on_phone">เปิดบนโทรศัพท์</string>
    <string name="common_signin_button_text">ลงชื่อเข้าใช้</string>
    <string name="common_signin_button_text_long">ลงชื่อเข้าใช้ด้วย Google</string>
    <string name="error_icon_content_description">ข้อผิดพลาด</string>
    <string name="exo_controls_fastforward_description">กรอไปข้างหน้า</string>
    <string name="exo_controls_hide">ซ่อนตัวควบคุมโปรแกรมเล่น</string>
    <string name="exo_controls_next_description">ถัดไป</string>
    <string name="exo_controls_pause_description">หยุด</string>
    <string name="exo_controls_play_description">เล่น</string>
    <string name="exo_controls_previous_description">ก่อนหน้า</string>
    <string name="exo_controls_repeat_all_description">โหมดปัจจุบัน: เล่นซ้ำทั้งหมด สลับโหมดเล่นซ้ำ</string>
    <string name="exo_controls_repeat_off_description">โหมดปัจจุบัน: ไม่เล่นซ้ำ สลับโหมดเล่นซ้ำ</string>
    <string name="exo_controls_repeat_one_description">โหมดปัจจุบัน: เล่นซ้ำรายการเดียว สลับโหมดเล่นซ้ำ</string>
    <string name="exo_controls_rewind_description">กรอกลับ</string>
    <string name="exo_controls_show">แสดงแผงควบคุมโปรแกรมเล่น</string>
    <string name="exo_controls_shuffle_off_description">เปิดใช้โหมดสุ่มเพลง</string>
    <string name="exo_controls_shuffle_on_description">ปิดใช้โหมดสุ่มเพลง</string>
    <string name="exo_controls_vr_description">โหมด VR</string>
    <string name="exo_item_list">%1$s, %2$s</string>
    <string name="exo_track_bitrate">%1$.2f Mbps</string>
    <string name="exo_track_mono">โมโน</string>
    <string name="exo_track_resolution">%1$d × %2$d</string>
    <string name="exo_track_role_alternate">อื่นๆ</string>
    <string name="exo_track_role_closed_captions">คำบรรยาย</string>
    <string name="exo_track_role_commentary">ความคิดเห็น</string>
    <string name="exo_track_role_supplementary">แทร็กเสริม</string>
    <string name="exo_track_selection_auto">ยานยนต์</string>
    <string name="exo_track_selection_none">ไม่มี</string>
    <string name="exo_track_selection_title_audio">เสียง</string>
    <string name="exo_track_selection_title_text">ข้อความ</string>
    <string name="exo_track_selection_title_video">วิดีโอ</string>
    <string name="exo_track_stereo">สเตอริโอ</string>
    <string name="exo_track_surround">เสียงเซอร์ราวด์</string>
    <string name="exo_track_surround_5_point_1">ระบบเสียง 5.1 เซอร์ราวด์</string>
    <string name="exo_track_surround_7_point_1">7.1 เสียงเซอร์ราวด์</string>
    <string name="exo_track_unknown">ไม่ทราบ</string>
    <string name="exposed_dropdown_menu_content_description">แสดงเมนูแบบเลื่อนลง</string>
    <string name="fallback_menu_item_copy_link">คัดลอกลิงก์</string>
    <string name="fallback_menu_item_open_in_browser">เปิดในเบราว์เซอร์</string>
    <string name="fallback_menu_item_share_link">แชร์ลิงก์</string>
    <string name="icon_content_description">ไอคอนกล่องโต้ตอบ</string>
    <string name="item_view_role_description">แท็บ</string>
    <string name="material_clock_toggle_content_description">เลือก AM หรือ PM</string>
    <string name="material_hour_24h_suffix">%1$s ชั่วโมง</string>
    <string name="material_hour_selection">เลือกชั่วโมง</string>
    <string name="material_hour_suffix">%1$s นาฬิกา</string>
    <string name="material_minute_selection">เลือกนาที</string>
    <string name="material_minute_suffix">%1$s นาที</string>
    <string name="material_timepicker_am">AM</string>
    <string name="material_timepicker_clock_mode_description">สลับไปโหมดนาฬิกาเพื่อป้อนเวลา</string>
    <string name="material_timepicker_hour">ชั่วโมง</string>
    <string name="material_timepicker_minute">นาที</string>
    <string name="material_timepicker_pm">PM</string>
    <string name="material_timepicker_select_time">เลือกเวลา</string>
    <string name="material_timepicker_text_input_mode_description">สลับไปโหมดป้อนข้อความเพื่อป้อนเวลา</string>
    <string name="mtrl_badge_numberless_content_description">การแจ้งเตือนใหม่</string>
    <string name="mtrl_chip_close_icon_content_description">นำ %1$s ออก</string>
    <string name="mtrl_exceed_max_badge_number_content_description">การแจ้งเตือนใหม่มากกว่า %1$d รายการ</string>
    <string name="mtrl_picker_a11y_next_month">เปลี่ยนไปที่เดือนถัดไป</string>
    <string name="mtrl_picker_a11y_prev_month">เปลี่ยนไปที่เดือนก่อนหน้า</string>
    <string name="mtrl_picker_cancel">ยกเลิก</string>
    <string name="mtrl_picker_confirm">ตกลง</string>
    <string name="mtrl_picker_day_of_week_column_header">คอลัมน์ของวัน: %1$s</string>
    <string name="mtrl_picker_navigate_to_year_description">ไปที่ปี %1$s</string>
    <string name="mtrl_picker_save">บันทึก</string>
    <string name="mtrl_picker_toggle_to_calendar_input_mode">สลับไปใช้โหมดป้อนข้อมูลปฏิทิน</string>
    <string name="mtrl_picker_toggle_to_day_selection">แตะเพื่อสลับไปใช้การเลือกวัน</string>
    <string name="mtrl_picker_toggle_to_text_input_mode">สลับไปใช้โหมดป้อนข้อมูลข้อความ</string>
    <string name="mtrl_picker_toggle_to_year_selection">แตะเพื่อสลับไปใช้การเลือกปี</string>
    <string name="mtrl_timepicker_cancel">ยกเลิก</string>
    <string name="mtrl_timepicker_confirm">ตกลง</string>
    <string name="native_body">เนื้อความ</string>
    <string name="native_headline">บรรทัดแรก</string>
    <string name="native_media_view">มุมมองสื่อ</string>
    <string name="notifications_permission_confirm">อนุญาต</string>
    <string name="notifications_permission_decline">ไม่อนุญาต</string>
    <string name="notifications_permission_title">อนุญาตให้แอปส่งการแจ้งเตือนถึงคุณไหม</string>
    <string name="offline_dialog_image_description">ไอคอน</string>
    <string name="offline_dialog_text">ขอขอบคุณที่ให้ความสนใจ
เราจะแชร์ข้อมูลเพิ่มเติมเมื่อคุณกลับมาออนไลน์อีกครั้ง</string>
    <string name="offline_notification_title">คุณกลับมาออนไลน์แล้ว มาดำเนินการต่อจากที่ค้างไว้กันเลย</string>
    <string name="offline_notification_title_with_advertiser">คุณกลับมาออนไลน์แล้ว เรียนรู้ข้อมูลเกี่ยวกับ %s ต่อ</string>
    <string name="offline_opt_in_confirm">ตกลง</string>
    <string name="offline_opt_in_decline">ไม่เป็นไร</string>
    <string name="offline_opt_in_message">เราจะส่งการแจ้งเตือนให้คุณพร้อมลิงก์ไปยังเว็บไซต์ของผู้ลงโฆษณา</string>
    <string name="offline_opt_in_title">เปิดโฆษณาเมื่อคุณกลับมาออนไลน์</string>
    <string name="password_toggle_content_description">แสดงรหัสผ่าน</string>
    <string name="s1">บันทึกรูปภาพ</string>
    <string name="s2">อนุญาตให้โฆษณาจัดเก็บรูปภาพในแกลเลอรีภาพไหม</string>
    <string name="s3">ยอมรับ</string>
    <string name="s4">ปฏิเสธ</string>
    <string name="s5">สร้างกิจกรรมในปฏิทิน</string>
    <string name="s6">อนุญาตให้โฆษณาสร้างกิจกรรมในปฏิทินไหม</string>
    <string name="s7">โฆษณาทดสอบ</string>
    <string name="search_menu_title">ค้นหา</string>
    <string name="status_bar_notification_info_overflow">999+</string>
    <string name="watermark_label_prefix">AdMob -</string>
</resources>