<?xml version='1.0' encoding='utf-8' ?>
<resources>
    <string name="abc_action_bar_up_description">മുകളിലേക്ക് പോവുക</string>
    <string name="abc_action_mode_done">പൂർത്തിയായി</string>
    <string name="abc_capital_off">ഓഫ്</string>
    <string name="abc_capital_on">ഓൺ</string>
    <string name="abc_menu_alt_shortcut_label">Alt+</string>
    <string name="abc_menu_ctrl_shortcut_label">Ctrl+</string>
    <string name="abc_menu_delete_shortcut_label">ഇല്ലാതാക്കുക</string>
    <string name="abc_menu_enter_shortcut_label">enter</string>
    <string name="abc_menu_function_shortcut_label">ഫംഗ്ഷന്‍+</string>
    <string name="abc_menu_meta_shortcut_label">മെറ്റ+</string>
    <string name="abc_menu_shift_shortcut_label">Shift+</string>
    <string name="abc_menu_space_shortcut_label">സ്‌പെയ്‌സ്</string>
    <string name="abc_menu_sym_shortcut_label">Sym+</string>
    <string name="abc_prepend_shortcut_label">മെനു+</string>
    <string name="abc_search_hint">തിരയുക…</string>
    <string name="abc_searchview_description_clear">ചോദ്യം മായ്‌ക്കുക</string>
    <string name="abc_searchview_description_search">തിരയുക</string>
    <string name="abc_searchview_description_submit">ചോദ്യം സമർപ്പിക്കുക</string>
    <string name="abc_searchview_description_voice">സംസാരത്തിലൂടെ തിരയുക</string>
    <string name="abc_toolbar_collapse_description">ചുരുക്കുക</string>
    <string name="bottomsheet_action_collapse">ബോട്ടം ഷീറ്റ് ചുരുക്കുക</string>
    <string name="bottomsheet_action_expand">ബോട്ടം ഷീറ്റ് വികസിപ്പിക്കുക</string>
    <string name="bottomsheet_action_expand_halfway">മുഴുവനായി വികസിപ്പിക്കുക</string>
    <string name="bottomsheet_drag_handle_clicked">വലിച്ചിടുന്നതിനുള്ള ഹാൻഡിൽ ഡബിൾ ടാപ്പ് ചെയ്തു</string>
    <string name="bottomsheet_drag_handle_content_description">വലിച്ചിടുന്നതിനുള്ള ഹാൻഡിൽ</string>
    <string name="call_notification_answer_action">മറുപടി നൽകുക</string>
    <string name="call_notification_answer_video_action">വീഡിയോ</string>
    <string name="call_notification_decline_action">നിരസിക്കുക</string>
    <string name="call_notification_hang_up_action">കോൾ നിർത്തുക</string>
    <string name="call_notification_incoming_text">ഇൻകമിംഗ് കോൾ</string>
    <string name="call_notification_ongoing_text">സജീവമായ കോൾ</string>
    <string name="call_notification_screening_text">ഇൻകമിംഗ് കോൾ സ്‌ക്രീൻ ചെയ്യുന്നു</string>
    <string name="character_counter_content_description">%2$d-ൽ %1$d പ്രതീകങ്ങൾ നൽകി</string>
    <string name="character_counter_overflowed_content_description">അക്ഷര പരിധി, %2$d-ൽ %1$d കവിഞ്ഞു</string>
    <string name="clear_text_end_icon_content_description">ടെക്‌സ്‌റ്റ് മായ്‌ക്കുക</string>
    <string name="common_google_play_services_enable_button">പ്രവർത്തനക്ഷമമാക്കുക</string>
    <string name="common_google_play_services_enable_text">നിങ്ങൾ Google Play സേവനങ്ങൾ പ്രവർത്തനക്ഷമമാക്കുന്നില്ലെങ്കിൽ %1$s പ്രവർത്തിക്കില്ല.</string>
    <string name="common_google_play_services_enable_title">Google Play സേവനങ്ങൾ പ്രവർത്തനക്ഷമമാക്കുക</string>
    <string name="common_google_play_services_install_button">ഇന്‍സ്റ്റാള്‍ ചെയ്യുക</string>
    <string name="common_google_play_services_install_text">Google Play സേവനങ്ങളില്ലാതെ %1$s പ്രവർത്തിക്കില്ല, ഈ സേവനങ്ങളാകട്ടെ നിങ്ങളുടെ ഉപകരണത്തിൽ ഇല്ല.</string>
    <string name="common_google_play_services_install_title">Google Play സേവനങ്ങൾ നേടുക</string>
    <string name="common_google_play_services_notification_channel_name">Google Play സേവന ലഭ്യത</string>
    <string name="common_google_play_services_notification_ticker">Google Play സേവനങ്ങളിലെ പിശക്</string>
    <string name="common_google_play_services_unknown_issue">Google Play സേവനങ്ങളുമായി ബന്ധപ്പെട്ട് %1$s ആപ്പിനെന്തോ പ്രശ്നമുണ്ട്. വീണ്ടും ശ്രമിക്കുക.</string>
    <string name="common_google_play_services_unsupported_text">Google Play സേവനങ്ങളില്ലാതെ %1$s പ്രവർത്തിക്കില്ല, സേവനങ്ങളെയാകട്ടെ നിങ്ങളുടെ ഉപകരണം പിന്തുണയ്ക്കുന്നുമില്ല.</string>
    <string name="common_google_play_services_update_button">അപ്‌ഡേറ്റുചെയ്യുക</string>
    <string name="common_google_play_services_update_text">നിങ്ങൾ Google Play സേവനങ്ങൾ അപ്‌ഡേറ്റുചെയ്‌തില്ലെങ്കിൽ %1$s പ്രവർത്തിക്കില്ല.</string>
    <string name="common_google_play_services_update_title">Google Play സേവനങ്ങൾ അപ്‌ഡേറ്റുചെയ്യുക</string>
    <string name="common_google_play_services_updating_text">നിലവിൽ അപ്‌ഡേറ്റുചെയ്യുന്ന Google Play സേവനങ്ങൾ ഇല്ലാതെ %1$s പ്രവർത്തിക്കില്ല.</string>
    <string name="common_google_play_services_wear_update_text">Google Play സേവനങ്ങളുടെ പുതിയ പതിപ്പ് ആവശ്യമാണ്. താമസിയാതെ ഇത് സ്വയം അപ്‌ഡേറ്റുചെയ്യും.</string>
    <string name="common_open_on_phone">ഫോണിൽ തുറക്കുക</string>
    <string name="common_signin_button_text">സൈൻ ഇൻ ചെയ്യുക</string>
    <string name="common_signin_button_text_long">Google ഉപയോഗിച്ച് സൈൻ ഇൻ ചെയ്യുക</string>
    <string name="error_icon_content_description">പിശക്</string>
    <string name="exo_controls_fastforward_description">വേഗത്തിൽ മുന്നോട്ട് പോവുക</string>
    <string name="exo_controls_hide">പ്ലേയർ നിയന്ത്രണങ്ങൾ മറയ്ക്കുക</string>
    <string name="exo_controls_next_description">അടുത്തത്</string>
    <string name="exo_controls_pause_description">തൽക്കാലം നിർത്തുക</string>
    <string name="exo_controls_play_description">പ്ലേ ചെയ്യുക</string>
    <string name="exo_controls_previous_description">മുമ്പത്തേത്</string>
    <string name="exo_controls_repeat_all_description">നിലവിലെ മോഡ്: എല്ലാം ആവർത്തിക്കുക. ആവർത്തന മോഡ് മാറ്റൂ.</string>
    <string name="exo_controls_repeat_off_description">നിലവിലെ മോഡ്: ഒന്നും ആവർത്തിക്കരുത്. ആവർത്തന മോഡ് മാറ്റൂ.</string>
    <string name="exo_controls_repeat_one_description">നിലവിലെ മോഡ്: ഒന്ന് ആവർത്തിക്കുക. ആവർത്തന മോഡ് മാറ്റൂ.</string>
    <string name="exo_controls_rewind_description">പിന്നിലേക്ക് പോവുക</string>
    <string name="exo_controls_show">പ്ലേയർ നിയന്ത്രണങ്ങൾ കാണിക്കുക</string>
    <string name="exo_controls_shuffle_off_description">ഷഫിൾ മോഡ് പ്രവർത്തനക്ഷമമാക്കുക</string>
    <string name="exo_controls_shuffle_on_description">ഷഫിൾ മോഡ് പ്രവർത്തനരഹിതമാക്കുക</string>
    <string name="exo_controls_vr_description">VR മോഡ്</string>
    <string name="exo_item_list">%1$s, %2$s</string>
    <string name="exo_track_bitrate">%1$.2f Mbps</string>
    <string name="exo_track_mono">മോണോ</string>
    <string name="exo_track_resolution">%1$d × %2$d</string>
    <string name="exo_track_role_alternate">ഇതര ട്രാക്ക്</string>
    <string name="exo_track_role_closed_captions">CC</string>
    <string name="exo_track_role_commentary">വിവരണം</string>
    <string name="exo_track_role_supplementary">സപ്ലിമെന്ററി</string>
    <string name="exo_track_selection_auto">സ്വമേധയാ</string>
    <string name="exo_track_selection_none">ഒന്നുമില്ല</string>
    <string name="exo_track_selection_title_audio">ഓഡിയോ</string>
    <string name="exo_track_selection_title_text">ടെക്‌സ്റ്റ്</string>
    <string name="exo_track_selection_title_video">വീഡിയോ</string>
    <string name="exo_track_stereo">സ്റ്റീരിയോ</string>
    <string name="exo_track_surround">സറൗണ്ട് സൗണ്ട്</string>
    <string name="exo_track_surround_5_point_1">5.1 സറൗണ്ട് സൗണ്ട്</string>
    <string name="exo_track_surround_7_point_1">7.1 സറൗണ്ട് സൗണ്ട്</string>
    <string name="exo_track_unknown">അജ്ഞാതം</string>
    <string name="exposed_dropdown_menu_content_description">ഡ്രോപ്പ്‌ ഡൗൺ മെനു കാണിക്കുക</string>
    <string name="fallback_menu_item_copy_link">ലിങ്ക് പകർത്തുക</string>
    <string name="fallback_menu_item_open_in_browser">ബ്രൗസറിൽ തുറക്കുക</string>
    <string name="fallback_menu_item_share_link">ലിങ്ക് പങ്കിടുക</string>
    <string name="icon_content_description">ഡയലോഗ് ഐക്കൺ</string>
    <string name="item_view_role_description">ടാബ്</string>
    <string name="material_clock_toggle_content_description">AM അല്ലെങ്കിൽ PM തിരഞ്ഞെടുക്കുക</string>
    <string name="material_hour_24h_suffix">%1$s മണി</string>
    <string name="material_hour_selection">മണിക്കൂർ തിരഞ്ഞെടുക്കുക</string>
    <string name="material_hour_suffix">%1$s മണി</string>
    <string name="material_minute_selection">മിനിറ്റ് തിരഞ്ഞെടുക്കുക</string>
    <string name="material_minute_suffix">%1$s മിനിറ്റ്</string>
    <string name="material_timepicker_am">AM</string>
    <string name="material_timepicker_clock_mode_description">‌സമയം നൽകുന്നതിന് ക്ലോക്ക് മോഡിലേക്ക് ‌മാറുക.</string>
    <string name="material_timepicker_hour">മണിക്കൂര്‍</string>
    <string name="material_timepicker_minute">മിനിറ്റ്</string>
    <string name="material_timepicker_pm">PM</string>
    <string name="material_timepicker_select_time">സമയം തിരഞ്ഞെടുക്കുക</string>
    <string name="material_timepicker_text_input_mode_description">സമയം നൽകുന്നതിന് ടെക്സ്റ്റ് ഇൻപുട്ട് ‌മോ‌ഡിലേക്ക് ‌മാറുക.</string>
    <string name="mtrl_badge_numberless_content_description">പുതിയ അറിയിപ്പ്</string>
    <string name="mtrl_chip_close_icon_content_description">%1$s നീക്കം ചെയ്യുക</string>
    <string name="mtrl_exceed_max_badge_number_content_description">%1$d-ലധികം പുതിയ അറിയിപ്പുകൾ</string>
    <string name="mtrl_picker_a11y_next_month">അടുത്ത മാസത്തിലേക്ക് മാറ്റുക</string>
    <string name="mtrl_picker_a11y_prev_month">മുമ്പത്തെ മാസത്തിലേക്ക് മാറ്റുക</string>
    <string name="mtrl_picker_cancel">റദ്ദാക്കുക</string>
    <string name="mtrl_picker_confirm">ശരി</string>
    <string name="mtrl_picker_day_of_week_column_header">ദിവസത്തിന്റെ കോളം: %1$s</string>
    <string name="mtrl_picker_navigate_to_year_description">%1$s വർഷത്തിലേക്ക് നാവിഗേറ്റ് ചെയ്യുക</string>
    <string name="mtrl_picker_save">സംരക്ഷിക്കുക</string>
    <string name="mtrl_picker_toggle_to_calendar_input_mode">കലണ്ടർ ഇൻപുട്ട് മോഡിലേക്ക് മാറുക</string>
    <string name="mtrl_picker_toggle_to_day_selection">ദിവസം തിരഞ്ഞെടുക്കുന്നതിലേക്ക് മാറാൻ ടാപ്പ് ചെയ്യുക</string>
    <string name="mtrl_picker_toggle_to_text_input_mode">ടെക്‌സ്‌റ്റ് ഇൻപുട്ട് മോഡിലേക്ക് മാറുക</string>
    <string name="mtrl_picker_toggle_to_year_selection">വർഷം തിരഞ്ഞെടുക്കുന്നതിലേക്ക് മാറാൻ ടാപ്പ് ചെയ്യുക</string>
    <string name="mtrl_timepicker_cancel">റദ്ദാക്കുക</string>
    <string name="mtrl_timepicker_confirm">ശരി</string>
    <string name="native_body">ബോഡി</string>
    <string name="native_headline">തലക്കെട്ട്</string>
    <string name="native_media_view">മീഡിയ വ്യൂ</string>
    <string name="notifications_permission_confirm">അനുവദിക്കുക</string>
    <string name="notifications_permission_decline">അനുവദിക്കരുത്</string>
    <string name="notifications_permission_title">നിങ്ങൾക്ക് അറിയിപ്പുകൾ അയയ്‌ക്കാൻ ആപ്പിനെ അനുവദിക്കണോ?</string>
    <string name="offline_dialog_image_description">ഐക്കൺ</string>
    <string name="offline_dialog_text">താൽപ്പര്യം കാണിച്ചതിന് നന്ദി.
നിങ്ങൾ ഓൺലൈനിൽ തിരികെയെത്തി കഴിഞ്ഞ് ഞങ്ങൾ കൂടുതൽ വിവരങ്ങൾ പങ്കിടും.</string>
    <string name="offline_notification_title">നിങ്ങൾ വീണ്ടും ഓൺലൈനായി! നമ്മൾ നിർത്തിയ സ്ഥലത്തുനിന്നും തുടരാം</string>
    <string name="offline_notification_title_with_advertiser">നിങ്ങൾ വീണ്ടും ഓൺലൈനായി! %s എന്നതിനെ കുറിച്ച് മനസ്സിലാക്കുന്നത് തുടരൂ</string>
    <string name="offline_opt_in_confirm">ശരി</string>
    <string name="offline_opt_in_decline">വേണ്ട</string>
    <string name="offline_opt_in_message">പരസ്യദാതാവിന്റെ സൈറ്റിലേക്കുള്ള ലിങ്ക് അടങ്ങിയ അറിയിപ്പ് ഞങ്ങൾ നിങ്ങൾക്ക് അയയ്‌ക്കും</string>
    <string name="offline_opt_in_title">നിങ്ങൾ ഓൺലൈനിൽ തിരിച്ചെത്തുമ്പോൾ പരസ്യം തുറക്കുക.</string>
    <string name="password_toggle_content_description">പാസ്‌വേഡ് കാണിക്കുക</string>
    <string name="s1">ചിത്രം സംരക്ഷിക്കുക</string>
    <string name="s2">'ചിത്ര ഗാലറി'യിൽ ചിത്രം സംഭരിക്കാൻ പരസ്യത്തെ അനുവദിക്കണോ?</string>
    <string name="s3">അംഗീകരിക്കുക</string>
    <string name="s4">നിരസിക്കുക</string>
    <string name="s5">കലണ്ടർ ഇവന്റ് സൃഷ്ടിക്കുക</string>
    <string name="s6">കലണ്ടർ ഇവന്റ് സൃഷ്ടിക്കാൻ പരസ്യത്തെ അനുവദിക്കണോ?</string>
    <string name="s7">പരസ്യം പരീക്ഷിക്കുക</string>
    <string name="search_menu_title">തിരയുക</string>
    <string name="status_bar_notification_info_overflow">999+</string>
    <string name="watermark_label_prefix">AdMob -</string>
</resources>