<?xml version='1.0' encoding='utf-8' ?>
<resources>
    <string name="abc_action_bar_up_description">Yopish</string>
    <string name="abc_action_mode_done">OK</string>
    <string name="abc_capital_off">YOQILMAGAN</string>
    <string name="abc_capital_on">YONIQ</string>
    <string name="abc_menu_alt_shortcut_label">Alt+</string>
    <string name="abc_menu_ctrl_shortcut_label">Ctrl+</string>
    <string name="abc_menu_delete_shortcut_label">Delete</string>
    <string name="abc_menu_enter_shortcut_label">Enter</string>
    <string name="abc_menu_function_shortcut_label">Fn+</string>
    <string name="abc_menu_meta_shortcut_label">Meta+</string>
    <string name="abc_menu_shift_shortcut_label">Shift+</string>
    <string name="abc_menu_space_shortcut_label">Probel</string>
    <string name="abc_menu_sym_shortcut_label">Sym+</string>
    <string name="abc_prepend_shortcut_label">Menyu+</string>
    <string name="abc_search_hint">Qidirish…</string>
    <string name="abc_searchview_description_clear">So‘rovni o‘chirish</string>
    <string name="abc_searchview_description_search">Qidiruv</string>
    <string name="abc_searchview_description_submit">So‘rov yaratish</string>
    <string name="abc_searchview_description_voice">Ovozli qidiruv</string>
    <string name="abc_toolbar_collapse_description">Yig‘ish</string>
    <string name="bottomsheet_action_collapse">Quyi ekranni yigʻish</string>
    <string name="bottomsheet_action_expand">Quyi ekranni kengaytirish</string>
    <string name="bottomsheet_action_expand_halfway">Yarmiga kengaytirish</string>
    <string name="bottomsheet_drag_handle_clicked">Surish dastagi ikki marta bosildi</string>
    <string name="bottomsheet_drag_handle_content_description">Surish dastagi</string>
    <string name="call_notification_answer_action">Javob berish</string>
    <string name="call_notification_answer_video_action">Video</string>
    <string name="call_notification_decline_action">Rad etish</string>
    <string name="call_notification_hang_up_action">Tugatish</string>
    <string name="call_notification_incoming_text">Kiruvchi chaqiruv</string>
    <string name="call_notification_ongoing_text">Joriy chaqiruv</string>
    <string name="call_notification_screening_text">Kiruvchi chaqiruvni filtrlash</string>
    <string name="character_counter_content_description">%1$d/%2$d ta belgi kiritildi</string>
    <string name="character_counter_overflowed_content_description">Harflar soni (%1$d) cheklovdan (%2$d) oshib ketdi</string>
    <string name="clear_text_end_icon_content_description">Matnni tozalash</string>
    <string name="common_google_play_services_enable_button">Yoqish</string>
    <string name="common_google_play_services_enable_text">Google Play xizmatlari yoqilmaguncha, %1$s ishlamaydi.</string>
    <string name="common_google_play_services_enable_title">Google Play xizmatlarini yoqish</string>
    <string name="common_google_play_services_install_button">O‘rnatish</string>
    <string name="common_google_play_services_install_text">%1$s ishlashi uchun qurilmangizda Google Play xizmatlarini o‘rnatish lozim.</string>
    <string name="common_google_play_services_install_title">Google Play xizmatlarini o‘rnatish</string>
    <string name="common_google_play_services_notification_channel_name">Google Play xizmatlarining mavjudligi</string>
    <string name="common_google_play_services_notification_ticker">Google Play xizmatlari xatosi</string>
    <string name="common_google_play_services_unknown_issue">%1$s ilovasini Google Play xizmatlariga ulab bo‘lmadi. Qaytadan urinib ko‘ring.</string>
    <string name="common_google_play_services_unsupported_text">%1$s ilovasi Google Play xizmatlarisiz ishlamaydi, biroq qurilmangiz ularni qo‘llab-quvvatlamaydi.</string>
    <string name="common_google_play_services_update_button">Yangilash</string>
    <string name="common_google_play_services_update_text">Google Play xizmatlari yangilanmaguncha, %1$s ishga tushmaydi.</string>
    <string name="common_google_play_services_update_title">Google Play xizmatlarini yangilash</string>
    <string name="common_google_play_services_updating_text">%1$s ilovasining ishlashi uchun zarur Google Play xizmatlari hozirda yangilanmoqda.</string>
    <string name="common_google_play_services_wear_update_text">Google Play xizmatlarining yangi versiyasi zarur. U o‘zini qisqa vaqt ichida yangilaydi.</string>
    <string name="common_open_on_phone">Telefonda ochish</string>
    <string name="common_signin_button_text">Kirish</string>
    <string name="common_signin_button_text_long">Google orqali kirish</string>
    <string name="error_icon_content_description">Xato</string>
    <string name="exo_controls_fastforward_description">Oldinga o‘tkazish</string>
    <string name="exo_controls_hide">Pleyer tugmalarini berkitish</string>
    <string name="exo_controls_next_description">Keyingisi</string>
    <string name="exo_controls_pause_description">Pauza</string>
    <string name="exo_controls_play_description">Ijro</string>
    <string name="exo_controls_previous_description">Avvalgisi</string>
    <string name="exo_controls_repeat_all_description">Joriy rejim: Barchasi takrorlanadi. Takrorlash rejimiga oʻting.</string>
    <string name="exo_controls_repeat_off_description">Joriy rejim: Hech qaysi takrorlanmaydi. Takrorlash rejimiga oʻting.</string>
    <string name="exo_controls_repeat_one_description">Joriy rejim: Bittasi takrorlanadi. Takrorlash rejimiga oʻting.</string>
    <string name="exo_controls_rewind_description">Orqaga qaytarish</string>
    <string name="exo_controls_show">Pleyer tugmalarini chiqarish</string>
    <string name="exo_controls_shuffle_off_description">Tasodifiy rejimni yoqing</string>
    <string name="exo_controls_shuffle_on_description">Tasodifiy rejimni faolsizlantiring</string>
    <string name="exo_controls_vr_description">VR rejimi</string>
    <string name="exo_item_list">%1$s, %2$s</string>
    <string name="exo_track_bitrate">%1$.2f Mbit/s</string>
    <string name="exo_track_mono">Mono</string>
    <string name="exo_track_resolution">%1$d × %2$d</string>
    <string name="exo_track_role_alternate">Muqobil</string>
    <string name="exo_track_role_closed_captions">Taglavhalar</string>
    <string name="exo_track_role_commentary">Sharh</string>
    <string name="exo_track_role_supplementary">Qoʻshimcha</string>
    <string name="exo_track_selection_auto">Avtomatik</string>
    <string name="exo_track_selection_none">Hech qanday</string>
    <string name="exo_track_selection_title_audio">Audio</string>
    <string name="exo_track_selection_title_text">Matn</string>
    <string name="exo_track_selection_title_video">Video</string>
    <string name="exo_track_stereo">Stereo</string>
    <string name="exo_track_surround">Qamrovli ovoz</string>
    <string name="exo_track_surround_5_point_1">5.1 qamrovli ovoz</string>
    <string name="exo_track_surround_7_point_1">7.1 qamrovli ovoz</string>
    <string name="exo_track_unknown">Noaniq</string>
    <string name="exposed_dropdown_menu_content_description">Pastga ochiluvchi menyuni ochish</string>
    <string name="fallback_menu_item_copy_link">Havoladan nusxa olish</string>
    <string name="fallback_menu_item_open_in_browser">Brauzerda ochish</string>
    <string name="fallback_menu_item_share_link">Havolani ulashish</string>
    <string name="icon_content_description">Muloqot ikonkasi</string>
    <string name="item_view_role_description">Tab : Varaq</string>
    <string name="material_clock_toggle_content_description">Tushdan oldin yoki keyinligini tanlang</string>
    <string name="material_hour_24h_suffix">%1$s soat</string>
    <string name="material_hour_selection">Soatni tanlang</string>
    <string name="material_hour_suffix">%1$s soat</string>
    <string name="material_minute_selection">Daqiqalarni tanlash</string>
    <string name="material_minute_suffix">%1$s daqiqa</string>
    <string name="material_timepicker_am">AM</string>
    <string name="material_timepicker_clock_mode_description">Vaqtni kiritish uchun soat rejimiga o‘ting.</string>
    <string name="material_timepicker_hour">Soat</string>
    <string name="material_timepicker_minute">Daqiqa</string>
    <string name="material_timepicker_pm">PM</string>
    <string name="material_timepicker_select_time">Vaqtni tanlang</string>
    <string name="material_timepicker_text_input_mode_description">Vaqtni kiritish uchun matn kiritish rejimiga o‘ting.</string>
    <string name="mtrl_badge_numberless_content_description">Yangi bildirishnoma</string>
    <string name="mtrl_chip_close_icon_content_description">Olib tashlash: %1$s</string>
    <string name="mtrl_exceed_max_badge_number_content_description">Yana %1$d dan ortiq bildirishnoma</string>
    <string name="mtrl_picker_a11y_next_month">Keyingi oyga oʻzgartirish</string>
    <string name="mtrl_picker_a11y_prev_month">Avvalgi oyga oʻzgartirish</string>
    <string name="mtrl_picker_cancel">Bekor qilish</string>
    <string name="mtrl_picker_confirm">OK</string>
    <string name="mtrl_picker_day_of_week_column_header">Kunlar ustuni: %1$s</string>
    <string name="mtrl_picker_navigate_to_year_description">Yilga nazar solish: %1$s</string>
    <string name="mtrl_picker_save">Saqlash</string>
    <string name="mtrl_picker_toggle_to_calendar_input_mode">Taqvim kiritish rejimiga oʻtish</string>
    <string name="mtrl_picker_toggle_to_day_selection">Kunni tanlash uchun bosing</string>
    <string name="mtrl_picker_toggle_to_text_input_mode">Matn kiritish rejimiga oʻtish</string>
    <string name="mtrl_picker_toggle_to_year_selection">Yilni tanlash uchun bosing</string>
    <string name="mtrl_timepicker_cancel">Bekor qilish</string>
    <string name="mtrl_timepicker_confirm">OK</string>
    <string name="native_body">Matni</string>
    <string name="native_headline">Sarlavha</string>
    <string name="native_media_view">Mediani koʻrish</string>
    <string name="notifications_permission_confirm">Ruxsat</string>
    <string name="notifications_permission_decline">Ruxsat berilmasin</string>
    <string name="notifications_permission_title">Ilovaga bildirishnomalar yuborish uchun ruxsat berilsinmi?</string>
    <string name="offline_dialog_image_description">Belgi</string>
    <string name="offline_dialog_text">Qiziqqaningiz uchun rahmat.
Onlaynga qaytganingizda yana ulashamiz.</string>
    <string name="offline_notification_title">Internet tiklandi! Kelgan joyidan davom ettiramiz</string>
    <string name="offline_notification_title_with_advertiser">Internet tiklandi! %s haqida oʻrganishni davom ettiring</string>
    <string name="offline_opt_in_confirm">OK</string>
    <string name="offline_opt_in_decline">Kerak emas</string>
    <string name="offline_opt_in_message">Sizga reklama beruvchi sayti havolasi bilan bildirishnoma yuboriladi.</string>
    <string name="offline_opt_in_title">Onlayn boʻlgach, reklamani oching.</string>
    <string name="password_toggle_content_description">Parol ochiq tursin</string>
    <string name="s1">Rasmni saqlash</string>
    <string name="s2">Reklamaga rasmni gallereyaga saqlashga ruxsat berilsinmi?</string>
    <string name="s3">Qabul qilish</string>
    <string name="s4">Rad etish</string>
    <string name="s5">Taqvimda tadbir yaratish</string>
    <string name="s6">Reklamaga taqvimda tadbir yaratishga ruxsat berilsinmi?</string>
    <string name="s7">Test reklama</string>
    <string name="search_menu_title">Qidiruv</string>
    <string name="status_bar_notification_info_overflow">999+</string>
    <string name="watermark_label_prefix">AdMob -</string>
</resources>