<?xml version='1.0' encoding='utf-8' ?>
<resources>
    <string name="abc_action_bar_up_description">ಮೇಲಕ್ಕೆ ನ್ಯಾವಿಗೇಟ್ ಮಾಡಿ</string>
    <string name="abc_action_mode_done">ಆಯಿತು</string>
    <string name="abc_capital_off">ಆಫ್</string>
    <string name="abc_capital_on">ಆನ್</string>
    <string name="abc_menu_alt_shortcut_label">Alt+</string>
    <string name="abc_menu_ctrl_shortcut_label">Ctrl+</string>
    <string name="abc_menu_delete_shortcut_label">delete</string>
    <string name="abc_menu_enter_shortcut_label">enter</string>
    <string name="abc_menu_function_shortcut_label">Function+</string>
    <string name="abc_menu_meta_shortcut_label">Meta+</string>
    <string name="abc_menu_shift_shortcut_label">Shift+</string>
    <string name="abc_menu_space_shortcut_label">space</string>
    <string name="abc_menu_sym_shortcut_label">Sym+</string>
    <string name="abc_prepend_shortcut_label">Menu+</string>
    <string name="abc_search_hint">ಹುಡುಕಿ…</string>
    <string name="abc_searchview_description_clear">ಪ್ರಶ್ನೆಯನ್ನು ತೆರವುಗೊಳಿಸಿ</string>
    <string name="abc_searchview_description_search">ಹುಡುಕಿ</string>
    <string name="abc_searchview_description_submit">ಪ್ರಶ್ನೆಯನ್ನು ಸಲ್ಲಿಸಿ</string>
    <string name="abc_searchview_description_voice">ಧ್ವನಿ ಹುಡುಕಾಟ</string>
    <string name="abc_toolbar_collapse_description">ಕುಗ್ಗಿಸಿ</string>
    <string name="bottomsheet_action_collapse">ಕೆಳಭಾಗದ ಶೀಟ್ ಅನ್ನು ಕುಗ್ಗಿಸಿ</string>
    <string name="bottomsheet_action_expand">ಕೆಳಭಾಗದ ಶೀಟ್ ಅನ್ನು ವಿಸ್ತರಿಸಿ</string>
    <string name="bottomsheet_action_expand_halfway">ಅರ್ಧದಷ್ಟು ವಿಸ್ತರಿಸಿ</string>
    <string name="bottomsheet_drag_handle_clicked">ಹ್ಯಾಂಡಲ್ ಡ್ರ್ಯಾಗ್ ಮಾಡಿ ಎಂಬುದನ್ನು ಡಬಲ್-ಟ್ಯಾಪ್ ಮಾಡಲಾಗಿದೆ</string>
    <string name="bottomsheet_drag_handle_content_description">ಹ್ಯಾಂಡಲ್ ಡ್ರ್ಯಾಗ್ ಮಾಡಿ</string>
    <string name="call_notification_answer_action">ಉತ್ತರಿಸಿ</string>
    <string name="call_notification_answer_video_action">ವೀಡಿಯೊ</string>
    <string name="call_notification_decline_action">ನಿರಾಕರಿಸಿ</string>
    <string name="call_notification_hang_up_action">ಕರೆ ಕೊನೆಗೊಳಿಸಿ</string>
    <string name="call_notification_incoming_text">ಒಳಬರುವ ಕರೆ</string>
    <string name="call_notification_ongoing_text">ಚಾಲ್ತಿಯಲ್ಲಿರುವ ಕರೆ</string>
    <string name="call_notification_screening_text">ಒಳಬರುವ ಕರೆಯನ್ನು ಸ್ಕ್ರೀನ್ ಮಾಡಲಾಗುತ್ತಿದೆ</string>
    <string name="character_counter_content_description">%2$d ರಲ್ಲಿ %1$d ಅಕ್ಷರಗಳನ್ನು ನಮೂದಿಸಲಾಗಿದೆ</string>
    <string name="character_counter_overflowed_content_description">ಅಕ್ಷರ ಮಿತಿಯು %2$d ರಲ್ಲಿ %1$d ಮೀರಿದೆ</string>
    <string name="clear_text_end_icon_content_description">ಪಠ್ಯ ತೆರವುಗೊಳಿಸಿ</string>
    <string name="common_google_play_services_enable_button">ಸಕ್ರಿಯಗೊಳಿಸು</string>
    <string name="common_google_play_services_enable_text">Google Play ಸೇವೆಗಳನ್ನು ನೀವು ಸಕ್ರಿಯಗೊಳಿಸದ ಹೊರತು %1$s ಕಾರ್ಯನಿರ್ವಹಿಸುವುದಿಲ್ಲ.</string>
    <string name="common_google_play_services_enable_title">Google Play ಸೇವೆಗಳನ್ನು ಸಕ್ರಿಯಗೊಳಿಸಿ</string>
    <string name="common_google_play_services_install_button">ಇನ್‌ಸ್ಟಾಲ್ ಮಾಡಿ</string>
    <string name="common_google_play_services_install_text">ನಿಮ್ಮ ಸಾಧನದಿಂದ ಕಾಣೆಯಾಗಿರುವ %1$s, Google Play ಸೇವೆಗಳಿಲ್ಲದೆ ರನ್ ಆಗುವುದಿಲ್ಲ.</string>
    <string name="common_google_play_services_install_title">Google Play ಸೇವೆಗಳನ್ನು ಪಡೆಯಿರಿ</string>
    <string name="common_google_play_services_notification_channel_name">Google Play ಸೇವೆಗಳ ಲಭ್ಯತೆ</string>
    <string name="common_google_play_services_notification_ticker">Google Play ಸೇವೆಗಳ ದೋಷ</string>
    <string name="common_google_play_services_unknown_issue">Google Play ಸೇವೆಗಳಲ್ಲಿ %1$s ಸಮಸ್ಯೆಯನ್ನು ಹೊಂದಿದೆ. ದಯವಿಟ್ಟು ಮತ್ತೆ ಪ್ರಯತ್ನಿಸಿ.</string>
    <string name="common_google_play_services_unsupported_text">ನಿಮ್ಮ ಸಾಧನದ ಮೂಲಕ ಬೆಂಬಲಿಸದಿರುವ Google Play ಸೇವೆಗಳಿಲ್ಲದೆ %1$s ರನ್‌ ಆಗುವುದಿಲ್ಲ.</string>
    <string name="common_google_play_services_update_button">ಅಪ್‌ಡೇಟ್‌ ಮಾಡಿ</string>
    <string name="common_google_play_services_update_text">ನೀವು Google Play ಸೇವೆಗಳನ್ನು ಅಪ್‍ಡೇಟ್ ಮಾಡದ ಹೊರತು %1$s ರನ್ ಆಗುವುದಿಲ್ಲ.</string>
    <string name="common_google_play_services_update_title">Google ಪ್ಲೇ ಸೇವೆಗಳನ್ನು ಅಪ್‌ಡೇಟ್‌ ಮಾಡಿ</string>
    <string name="common_google_play_services_updating_text">Google Play ಸೇವೆಗಳಿಲ್ಲದೆ ಪ್ರಸ್ತುತ ಅಪ್‌ಡೇಟ್ ಆಗುತ್ತಿರುವ %1$s ರನ್ ಆಗುವುದಿಲ್ಲ.</string>
    <string name="common_google_play_services_wear_update_text">Google Play ಸೇವೆಗಳ ಹೊಸ ಆವೃತ್ತಿ ಅಗತ್ಯವಿದೆ. ಸದ್ಯದಲ್ಲೇ ಅದು ತಾನಾಗಿಯೇ ಅಪ್‌ಡೇಟ್ ಆಗುತ್ತದೆ.</string>
    <string name="common_open_on_phone">ಫೋನ್‌ನಲ್ಲಿ ತೆರೆಯಿರಿ</string>
    <string name="common_signin_button_text">ಸೈನ್ ಇನ್</string>
    <string name="common_signin_button_text_long">Google ಮೂಲಕ ಸೈನ್ ಇನ್ ಮಾಡಿ</string>
    <string name="error_icon_content_description">ದೋಷ</string>
    <string name="exo_controls_fastforward_description">ಫಾಸ್ಟ್ ಫಾರ್ವರ್ಡ್</string>
    <string name="exo_controls_hide">ಪ್ಲೇಯರ್ ನಿಯಂತ್ರಣಗಳನ್ನು ಮರೆಮಾಡಿ</string>
    <string name="exo_controls_next_description">ಮುಂದೆ</string>
    <string name="exo_controls_pause_description">ವಿರಾಮ</string>
    <string name="exo_controls_play_description">ಪ್ಲೇ</string>
    <string name="exo_controls_previous_description">ಹಿಂದಿನದು</string>
    <string name="exo_controls_repeat_all_description">ಈಗಿನ ಮೋಡ್: ಎಲ್ಲವನ್ನು ರಿಪೀಟ್ ಮಾಡಿ. ರಿಪೀಟ್ ಮೋಡ್ ಟಾಗಲ್ ಮಾಡಿ.</string>
    <string name="exo_controls_repeat_off_description">ಈಗಿನ ಮೋಡ್: ಯಾವುದನ್ನು ರಿಪೀಟ್ ಮಾಡಬೇಡಿ. ರಿಪೀಟ್ ಮೋಡ್ ಟಾಗಲ್ ಮಾಡಿ.</string>
    <string name="exo_controls_repeat_one_description">ಈಗಿನ ಮೋಡ್: ಒಂದನ್ನು ರಿಪೀಟ್ ಮಾಡಿ. ರಿಪೀಟ್ ಮೋಡ್ ಟಾಗಲ್ ಮಾಡಿ.</string>
    <string name="exo_controls_rewind_description">ರಿವೈಂಡ್</string>
    <string name="exo_controls_show">ಪ್ಲೇಯರ್ ನಿಯಂತ್ರಣಗಳನ್ನು ತೋರಿಸಿ</string>
    <string name="exo_controls_shuffle_off_description">ಶಫಲ್ ಮೋಡ್ ಅನ್ನುಸಕ್ರಿಯಗೊಳಿಸಿ</string>
    <string name="exo_controls_shuffle_on_description">ಶಫಲ್ ಮೋಡ್ ಅನ್ನು ನಿಷ್ಕ್ರಿಯಗೊಳಿಸಿ</string>
    <string name="exo_controls_vr_description">VR ಮೋಡ್</string>
    <string name="exo_item_list">%1$s, %2$s</string>
    <string name="exo_track_bitrate">%1$.2f Mbps</string>
    <string name="exo_track_mono">ಮೊನೊ</string>
    <string name="exo_track_resolution">%1$d × %2$d</string>
    <string name="exo_track_role_alternate">ಪರ್ಯಾಯ</string>
    <string name="exo_track_role_closed_captions">CC</string>
    <string name="exo_track_role_commentary">ವ್ಯಾಖ್ಯಾನ</string>
    <string name="exo_track_role_supplementary">ಪೂರಕ</string>
    <string name="exo_track_selection_auto">ಸ್ವಯಂ</string>
    <string name="exo_track_selection_none">ಯಾವುದೂ ಅಲ್ಲ</string>
    <string name="exo_track_selection_title_audio">ಆಡಿಯೋ</string>
    <string name="exo_track_selection_title_text">ಪಠ್ಯ</string>
    <string name="exo_track_selection_title_video">ವೀಡಿಯೊ</string>
    <string name="exo_track_stereo">ಸ್ಟೀರಿಯೊ</string>
    <string name="exo_track_surround">ಸರೌಂಡ್ ಶಬ್ದ</string>
    <string name="exo_track_surround_5_point_1">5.1 ಸರೌಂಡ್ ಶಬ್ದ</string>
    <string name="exo_track_surround_7_point_1">7.1 ಸರೌಂಡ್ ಶಬ್ದ</string>
    <string name="exo_track_unknown">ಅಪರಿಚಿತ</string>
    <string name="exposed_dropdown_menu_content_description">ಡ್ರಾಪ್‌ಡೌನ್ ಮೆನು ತೋರಿಸಿ</string>
    <string name="fallback_menu_item_copy_link">ಲಿಂಕ್ ನಕಲಿಸಿ</string>
    <string name="fallback_menu_item_open_in_browser">ಬ್ರೌಸರ್‌ನಲ್ಲಿ ತೆರೆಯಿರಿ</string>
    <string name="fallback_menu_item_share_link">ಲಿಂಕ್ ಹಂಚಿರಿ</string>
    <string name="icon_content_description">ಡೈಲಾಗ್ ಐಕಾನ್</string>
    <string name="item_view_role_description">ಟ್ಯಾಬ್</string>
    <string name="material_clock_toggle_content_description">ಬೆಳಿಗ್ಗೆ ಅಥವಾ ಮಧ್ಯಾಹ್ನ ಆಯ್ಕೆಮಾಡಿ</string>
    <string name="material_hour_24h_suffix">%1$s ಗಂಟೆಗಳು</string>
    <string name="material_hour_selection">ಸಮಯವನ್ನು ಆಯ್ಕೆಮಾಡಿ</string>
    <string name="material_hour_suffix">%1$s ಗಂಟೆ</string>
    <string name="material_minute_selection">ನಿಮಿಷಗಳನ್ನು ಆಯ್ಕೆಮಾಡಿ</string>
    <string name="material_minute_suffix">%1$s ನಿಮಿಷಗಳು</string>
    <string name="material_timepicker_am">AM</string>
    <string name="material_timepicker_clock_mode_description">ಸಮಯವನ್ನು ನಮೂದಿಸಲು ಗಡಿಯಾರದ ನಮೂನೆಗೆ ಬದಲಿಸಿ.</string>
    <string name="material_timepicker_hour">ಗಂಟೆ</string>
    <string name="material_timepicker_minute">ನಿಮಿಷ</string>
    <string name="material_timepicker_pm">PM</string>
    <string name="material_timepicker_select_time">ಸಮಯವನ್ನು ಆಯ್ಕೆಮಾಡಿ</string>
    <string name="material_timepicker_text_input_mode_description">ಸಮಯವನ್ನು ನಮೂದಿಸಲು ಪಠ್ಯದ ನಮೂನೆಗೆ ಬದಲಿಸಿ.</string>
    <string name="mtrl_badge_numberless_content_description">ಹೊಸ ಅಧಿಸೂಚನೆ</string>
    <string name="mtrl_chip_close_icon_content_description">%1$s ಅನ್ನು ತೆಗೆದುಹಾಕಿ</string>
    <string name="mtrl_exceed_max_badge_number_content_description">%1$d ಕ್ಕಿಂತ ಹೆಚ್ಚು ಹೊಸ ಅಧಿಸೂಚನೆಗಳು</string>
    <string name="mtrl_picker_a11y_next_month">ಮುಂದಿನ ತಿಂಗಳಿಗೆ ಬದಲಿಸಿ</string>
    <string name="mtrl_picker_a11y_prev_month">ಹಿಂದಿನ ತಿಂಗಳಿಗೆ ಬದಲಿಸಿ</string>
    <string name="mtrl_picker_cancel">ರದ್ದುಮಾಡಿ</string>
    <string name="mtrl_picker_confirm">ಸರಿ</string>
    <string name="mtrl_picker_day_of_week_column_header">ದಿನಗಳ ಕಾಲಮ್: %1$s</string>
    <string name="mtrl_picker_navigate_to_year_description">%1$s ವರ್ಷಕ್ಕೆ ನ್ಯಾವಿಗೇಟ್ ಮಾಡಿ</string>
    <string name="mtrl_picker_save">ಉಳಿಸಿ</string>
    <string name="mtrl_picker_toggle_to_calendar_input_mode">ಕ್ಯಾಲೆಂಡರ್ ಇನ್‌ಪುಟ್ ಮೋಡ್‌ಗೆ ಬದಲಿಸಿ</string>
    <string name="mtrl_picker_toggle_to_day_selection">ದಿನವನ್ನು ಆಯ್ಕೆಗಾಗಿ ಬದಲಿಸಲು ಟ್ಯಾಪ್ ಮಾಡಿ</string>
    <string name="mtrl_picker_toggle_to_text_input_mode">ಪಠ್ಯ ಇನ್‌ಪುಟ್ ಮೋಡ್‌ಗೆ ಬದಲಿಸಿ</string>
    <string name="mtrl_picker_toggle_to_year_selection">ವರ್ಷವನ್ನು ಆಯ್ಕೆಗಾಗಿ ಬದಲಿಸಲು ಟ್ಯಾಪ್ ಮಾಡಿ</string>
    <string name="mtrl_timepicker_cancel">ರದ್ದುಮಾಡಿ</string>
    <string name="mtrl_timepicker_confirm">ಸರಿ</string>
    <string name="native_body">ಮುಖ್ಯ ಭಾಗ</string>
    <string name="native_headline">ಶೀರ್ಷಿಕೆ</string>
    <string name="native_media_view">ಮಾಧ್ಯಮ ವೀಕ್ಷಣೆ</string>
    <string name="notifications_permission_confirm">ಅನುಮತಿಸಿ</string>
    <string name="notifications_permission_decline">ಅನುಮತಿಸಬೇಡಿ</string>
    <string name="notifications_permission_title">ನಿಮಗೆ ಅಧಿಸೂಚನೆಗಳನ್ನು ಕಳುಹಿಸಲು ಆ್ಯಪ್‌ಗೆ ಅನುಮತಿಸುವುದೇ?</string>
    <string name="offline_dialog_image_description">ಐಕಾನ್‌</string>
    <string name="offline_dialog_text">ನಿಮ್ಮ ಆಸಕ್ತಿಗೆ ಧನ್ಯವಾದಗಳು.
ನೀವು ಆನ್‌ಲೈನ್‌ಗೆ ಮರಳಿದ ನಂತರ ನಾವು ಇನ್ನಷ್ಟು ಹಂಚಿಕೊಳ್ಳುತ್ತೇವೆ.</string>
    <string name="offline_notification_title">ನೀವು ಆನ್‌ಲೈನ್‌ಗೆ ಮರಳಿದ್ದೀರಿ! ನಾವು ಎಲ್ಲಿ ನಿಲ್ಲಿಸಿದ್ದೇವೋ ಅಲ್ಲಿಂದ ಆರಂಭಿಸೋಣ</string>
    <string name="offline_notification_title_with_advertiser">ನೀವು ಆನ್‌ಲೈನ್‌ಗೆ ಮರಳಿದ್ದೀರಿ! %s ಕುರಿತು ತಿಳಿದುಕೊಳ್ಳುವುದನ್ನು ಮುಂದುವರಿಸಿ</string>
    <string name="offline_opt_in_confirm">ಸರಿ</string>
    <string name="offline_opt_in_decline">ಬೇಡ</string>
    <string name="offline_opt_in_message">ಜಾಹೀರಾತುದಾರರ ಸೈಟ್‌ಗೆ ಲಿಂಕ್‌ನೊಂದಿಗೆ ನಾವು ನಿಮಗೆ ಅಧಿಸೂಚನೆಯನ್ನು ಕಳುಹಿಸುತ್ತೇವೆ.</string>
    <string name="offline_opt_in_title">ನೀವು ಆನ್‌ಲೈನ್‌ಗೆ ಹಿಂತಿರುಗಿದಾಗ ಜಾಹೀರಾತನ್ನು ತೆರೆಯಿರಿ.</string>
    <string name="password_toggle_content_description">ಪಾಸ್‌ವರ್ಡ್ ತೋರಿಸಿ</string>
    <string name="s1">ಚಿತ್ರ ಉಳಿಸಿ</string>
    <string name="s2">ಚಿತ್ರದ ಗ್ಯಾಲರಿಯಲ್ಲಿ ಚಿತ್ರ ಸಂಗ್ರಹಿಸಿಡಲು ಜಾಹೀರಾತಿಗೆ ಅನುಮತಿಸುವುದೇ?</string>
    <string name="s3">ಸಮ್ಮತಿಸಿ</string>
    <string name="s4">ನಿರಾಕರಿಸಿ</string>
    <string name="s5">ಕ್ಯಾಲೆಂಡರ್ ಈವೆಂಟ್ ರಚಿಸಿ</string>
    <string name="s6">ಕ್ಯಾಲೆಂಡರ್ ಈವೆಂಟ್ ರಚಿಸಲು ಜಾಹೀರಾತಿಗೆ ಅನುಮತಿಸುವುದೇ?</string>
    <string name="s7">ಪರೀಕ್ಷಾ ಜಾಹೀರಾತು</string>
    <string name="search_menu_title">ಹುಡುಕಿ</string>
    <string name="status_bar_notification_info_overflow">999+</string>
    <string name="watermark_label_prefix">AdMob -</string>
</resources>