<?xml version='1.0' encoding='utf-8' ?>
<resources>
    <string name="abc_action_bar_up_description">Siirry ylös</string>
    <string name="abc_action_mode_done">Valmis</string>
    <string name="abc_capital_off">POIS PÄÄLTÄ</string>
    <string name="abc_capital_on">PÄÄLLÄ</string>
    <string name="abc_menu_alt_shortcut_label">Alt+</string>
    <string name="abc_menu_ctrl_shortcut_label">Ctrl+</string>
    <string name="abc_menu_delete_shortcut_label">delete</string>
    <string name="abc_menu_enter_shortcut_label">enter</string>
    <string name="abc_menu_function_shortcut_label">Fn+</string>
    <string name="abc_menu_meta_shortcut_label">Meta+</string>
    <string name="abc_menu_shift_shortcut_label">Vaihto+</string>
    <string name="abc_menu_space_shortcut_label">välilyönti</string>
    <string name="abc_menu_sym_shortcut_label">Sym+</string>
    <string name="abc_prepend_shortcut_label">Valikko+</string>
    <string name="abc_search_hint">Haku…</string>
    <string name="abc_searchview_description_clear">Tyhjennä kysely</string>
    <string name="abc_searchview_description_search">Haku</string>
    <string name="abc_searchview_description_submit">Lähetä kysely</string>
    <string name="abc_searchview_description_voice">Puhehaku</string>
    <string name="abc_toolbar_collapse_description">Tiivistä</string>
    <string name="bottomsheet_action_collapse">Tiivistä alapaneeli</string>
    <string name="bottomsheet_action_expand">Laajenna alapaneeli</string>
    <string name="bottomsheet_action_expand_halfway">Laajenna puoliväliin</string>
    <string name="bottomsheet_drag_handle_clicked">Vetokahvaa kaksoisnapautettu</string>
    <string name="bottomsheet_drag_handle_content_description">Vetokahva</string>
    <string name="call_notification_answer_action">Vastaa</string>
    <string name="call_notification_answer_video_action">Video</string>
    <string name="call_notification_decline_action">Hylkää</string>
    <string name="call_notification_hang_up_action">Lopeta puhelu</string>
    <string name="call_notification_incoming_text">Saapuva puhelu</string>
    <string name="call_notification_ongoing_text">Käynnissä oleva puhelu</string>
    <string name="call_notification_screening_text">Seulotaan saapuvaa puhelua</string>
    <string name="character_counter_content_description">%1$d/%2$d merkkiä kirjoitettu</string>
    <string name="character_counter_overflowed_content_description">Merkkiraja ylitetty: %1$d/%2$d</string>
    <string name="clear_text_end_icon_content_description">Tyhjennä teksti</string>
    <string name="common_google_play_services_enable_button">Ota käyttöön</string>
    <string name="common_google_play_services_enable_text">%1$s ei toimi, ellet ota Google Play Palveluita käyttöön.</string>
    <string name="common_google_play_services_enable_title">Ota Google Play Palvelut käyttöön</string>
    <string name="common_google_play_services_install_button">Asenna</string>
    <string name="common_google_play_services_install_text">%1$s ei toimi ilman Google Play Palveluita, jotka puuttuvat laitteeltasi.</string>
    <string name="common_google_play_services_install_title">Asenna Google Play Palvelut</string>
    <string name="common_google_play_services_notification_channel_name">Google Play Palveluiden saatavuus</string>
    <string name="common_google_play_services_notification_ticker">Virhe Google Play -palveluissa</string>
    <string name="common_google_play_services_unknown_issue">Sovelluksella %1$s on ongelmia Google Play Palveluiden kanssa. Yritä uudelleen.</string>
    <string name="common_google_play_services_unsupported_text">%1$s ei toimi ilman Google Play Palveluita, joita laitteesi ei tue.</string>
    <string name="common_google_play_services_update_button">Päivitä</string>
    <string name="common_google_play_services_update_text">%1$s ei toimi, ellet päivitä Google Play Palveluita.</string>
    <string name="common_google_play_services_update_title">Päivitä Google Play Palvelut</string>
    <string name="common_google_play_services_updating_text">%1$s ei toimi ilman Google Play Palveluita, joita päivitetään tällä hetkellä.</string>
    <string name="common_google_play_services_wear_update_text">Uusi Google Play Palveluiden versio tarvitaan. Se päivittyy pian.</string>
    <string name="common_open_on_phone">Avaa puhelimessa</string>
    <string name="common_signin_button_text">Kirjaudu sisään</string>
    <string name="common_signin_button_text_long">Kirjaudu Google-tilille</string>
    <string name="error_icon_content_description">Virhe</string>
    <string name="exo_controls_fastforward_description">Kelaa eteenpäin</string>
    <string name="exo_controls_hide">Näytä soittimen säätimet</string>
    <string name="exo_controls_next_description">Seuraava</string>
    <string name="exo_controls_pause_description">Keskeytä</string>
    <string name="exo_controls_play_description">Toista</string>
    <string name="exo_controls_previous_description">Edellinen</string>
    <string name="exo_controls_repeat_all_description">Tila: Toista kaikki. Vaihda.</string>
    <string name="exo_controls_repeat_off_description">Tila: Älä toista. Vaihda.</string>
    <string name="exo_controls_repeat_one_description">Tila: Toista yksi. Vaihda.</string>
    <string name="exo_controls_rewind_description">Kelaa taaksepäin</string>
    <string name="exo_controls_show">Näytä soittimen säätimet</string>
    <string name="exo_controls_shuffle_off_description">Ota satunnaistoisto käyttöön</string>
    <string name="exo_controls_shuffle_on_description">Poista satunnaistoisto käytöstä</string>
    <string name="exo_controls_vr_description">VR-tila</string>
    <string name="exo_item_list">%1$s, %2$s</string>
    <string name="exo_track_bitrate">%1$.2f Mb/s</string>
    <string name="exo_track_mono">Mono</string>
    <string name="exo_track_resolution">%1$d × %2$d</string>
    <string name="exo_track_role_alternate">Vaihtoehtoinen</string>
    <string name="exo_track_role_closed_captions">Tekstitykset</string>
    <string name="exo_track_role_commentary">Kommenttiraita</string>
    <string name="exo_track_role_supplementary">Lisämateriaali</string>
    <string name="exo_track_selection_auto">Automaattinen</string>
    <string name="exo_track_selection_none">–</string>
    <string name="exo_track_selection_title_audio">Ääni</string>
    <string name="exo_track_selection_title_text">Teksti</string>
    <string name="exo_track_selection_title_video">Video</string>
    <string name="exo_track_stereo">Stereo</string>
    <string name="exo_track_surround">Surround-ääni</string>
    <string name="exo_track_surround_5_point_1">5.1-surround-ääni</string>
    <string name="exo_track_surround_7_point_1">7.1-surround-ääni</string>
    <string name="exo_track_unknown">Tuntematon</string>
    <string name="exposed_dropdown_menu_content_description">Näytä avattava valikko</string>
    <string name="fallback_menu_item_copy_link">Kopioi linkki</string>
    <string name="fallback_menu_item_open_in_browser">Avaa selaimessa</string>
    <string name="fallback_menu_item_share_link">Jaa linkki</string>
    <string name="icon_content_description">Valintaikkunan kuvake</string>
    <string name="item_view_role_description">Välilehti</string>
    <string name="material_clock_toggle_content_description">Valitse AP tai IP</string>
    <string name="material_hour_24h_suffix">%1$s tuntia</string>
    <string name="material_hour_selection">Valitse tunti</string>
    <string name="material_hour_suffix">klo %1$s</string>
    <string name="material_minute_selection">Valitse minuutit</string>
    <string name="material_minute_suffix">%1$s minuuttia</string>
    <string name="material_timepicker_am">ap</string>
    <string name="material_timepicker_clock_mode_description">Vaihda ajan syöttämiseen kellotilassa.</string>
    <string name="material_timepicker_hour">Tunnit</string>
    <string name="material_timepicker_minute">Minuutti</string>
    <string name="material_timepicker_pm">ip</string>
    <string name="material_timepicker_select_time">Valitse aika</string>
    <string name="material_timepicker_text_input_mode_description">Vaihda ajan syöttämiseen tekstitilassa.</string>
    <string name="mtrl_badge_numberless_content_description">Uusi ilmoitus</string>
    <string name="mtrl_chip_close_icon_content_description">Poista %1$s</string>
    <string name="mtrl_exceed_max_badge_number_content_description">Yli %1$d uutta ilmoitusta</string>
    <string name="mtrl_picker_a11y_next_month">Vaihda seuraavaan kuukauteen</string>
    <string name="mtrl_picker_a11y_prev_month">Vaihda edelliseen kuukauteen</string>
    <string name="mtrl_picker_cancel">Peru</string>
    <string name="mtrl_picker_confirm">OK</string>
    <string name="mtrl_picker_day_of_week_column_header">Päiväsarake: %1$s</string>
    <string name="mtrl_picker_navigate_to_year_description">Siirry vuoteen %1$s</string>
    <string name="mtrl_picker_save">Tallenna</string>
    <string name="mtrl_picker_toggle_to_calendar_input_mode">Vaihda syöttötavaksi kalenteri</string>
    <string name="mtrl_picker_toggle_to_day_selection">Siirry päivän valintaan napauttamalla</string>
    <string name="mtrl_picker_toggle_to_text_input_mode">Valitse syöttötavaksi teksti</string>
    <string name="mtrl_picker_toggle_to_year_selection">Siirry vuoden valintaan napauttamalla</string>
    <string name="mtrl_timepicker_cancel">Peru</string>
    <string name="mtrl_timepicker_confirm">OK</string>
    <string name="native_body">Tekstiosa</string>
    <string name="native_headline">Otsikko</string>
    <string name="native_media_view">Medianäkymä</string>
    <string name="notifications_permission_confirm">Salli</string>
    <string name="notifications_permission_decline">Älä salli</string>
    <string name="notifications_permission_title">Haluatko sallia sovellusilmoitukset?</string>
    <string name="offline_dialog_image_description">Kuvake</string>
    <string name="offline_dialog_text">Kiitos kiinnostuksestasi.
Saat lisätietoa, kun olet taas yhteydessä verkkoon.</string>
    <string name="offline_notification_title">Olet taas yhteydessä verkkoon. Jatka siitä mihin jäit.</string>
    <string name="offline_notification_title_with_advertiser">Olet taas yhteydessä verkkoon. Lue lisää: %s</string>
    <string name="offline_opt_in_confirm">OK</string>
    <string name="offline_opt_in_decline">Ei kiitos</string>
    <string name="offline_opt_in_message">Lähetämme sinulle ilmoituksen, jossa on linkki mainostajan sivustolle.</string>
    <string name="offline_opt_in_title">Avaa mainos, kun olet taas yhteydessä verkkoon.</string>
    <string name="password_toggle_content_description">Näytä salasana</string>
    <string name="s1">Tallenna kuva</string>
    <string name="s2">Myönnetäänkö mainokselle oikeus tallentaa kuva galleriaan?</string>
    <string name="s3">Hyväksy</string>
    <string name="s4">Hylkää</string>
    <string name="s5">Luo kalenteritapahtuma</string>
    <string name="s6">Myönnetäänkö mainokselle oikeus luoda kalenteritapahtuma?</string>
    <string name="s7">Testimainos</string>
    <string name="search_menu_title">Haku</string>
    <string name="status_bar_notification_info_overflow">999+</string>
    <string name="watermark_label_prefix">AdMob -</string>
</resources>