<?xml version='1.0' encoding='utf-8' ?>
<resources>
    <string name="abc_action_bar_up_description">Навигиране нагоре</string>
    <string name="abc_action_mode_done">Готово</string>
    <string name="abc_capital_off">ИЗКЛ.</string>
    <string name="abc_capital_on">ВКЛ.</string>
    <string name="abc_menu_alt_shortcut_label">Alt+</string>
    <string name="abc_menu_ctrl_shortcut_label">Ctrl+</string>
    <string name="abc_menu_delete_shortcut_label">delete</string>
    <string name="abc_menu_enter_shortcut_label">enter</string>
    <string name="abc_menu_function_shortcut_label">Function+</string>
    <string name="abc_menu_meta_shortcut_label">Meta+</string>
    <string name="abc_menu_shift_shortcut_label">Shift+</string>
    <string name="abc_menu_space_shortcut_label">клавиша за интервал</string>
    <string name="abc_menu_sym_shortcut_label">Sym+</string>
    <string name="abc_prepend_shortcut_label">Menu+</string>
    <string name="abc_search_hint">Търсете…</string>
    <string name="abc_searchview_description_clear">Изчистване на заявката</string>
    <string name="abc_searchview_description_search">Търсене</string>
    <string name="abc_searchview_description_submit">Изпращане на заявката</string>
    <string name="abc_searchview_description_voice">Гласово търсене</string>
    <string name="abc_toolbar_collapse_description">Свиване</string>
    <string name="bottomsheet_action_collapse">Свиване на долния лист</string>
    <string name="bottomsheet_action_expand">Разгъване на долния лист</string>
    <string name="bottomsheet_action_expand_halfway">Разгъване наполовина</string>
    <string name="bottomsheet_drag_handle_clicked">Двукратно докосване на манипулатора за преместване с плъзгане</string>
    <string name="bottomsheet_drag_handle_content_description">Манипулатор за преместване с плъзгане</string>
    <string name="call_notification_answer_action">Отговор</string>
    <string name="call_notification_answer_video_action">Видеообаждане</string>
    <string name="call_notification_decline_action">Отхвърляне</string>
    <string name="call_notification_hang_up_action">Затваряне</string>
    <string name="call_notification_incoming_text">Входящо обаждане</string>
    <string name="call_notification_ongoing_text">Текущо обаждане</string>
    <string name="call_notification_screening_text">Преглежда се входящо обаждане</string>
    <string name="character_counter_content_description">Въведени знаци: %1$d от %2$d</string>
    <string name="character_counter_overflowed_content_description">Максималният брой знаци е надхвърлен с(ъс) %1$d от %2$d</string>
    <string name="clear_text_end_icon_content_description">Изчистване на текста</string>
    <string name="common_google_play_services_enable_button">Активиране</string>
    <string name="common_google_play_services_enable_text">%1$s няма да работи, освен ако не активирате услугите за Google Play.</string>
    <string name="common_google_play_services_enable_title">Активиране на услугите за Google Play</string>
    <string name="common_google_play_services_install_button">Инсталиране</string>
    <string name="common_google_play_services_install_text">%1$s няма да се изпълнява, тъй като услугите за Google Play не са инсталирани на устройството ви.</string>
    <string name="common_google_play_services_install_title">Изтегляне на услугите за Google Play</string>
    <string name="common_google_play_services_notification_channel_name">Наличност на услугите за Google Play</string>
    <string name="common_google_play_services_notification_ticker">Грешка в услугите за Google Play</string>
    <string name="common_google_play_services_unknown_issue">%1$s има проблеми с услугите за Google Play. Моля, опитайте отново.</string>
    <string name="common_google_play_services_unsupported_text">%1$s няма да се изпълнява, тъй като услугите за Google Play не се поддържат от устройството ви.</string>
    <string name="common_google_play_services_update_button">Актуализиране</string>
    <string name="common_google_play_services_update_text">%1$s няма да се изпълнява, освен ако не актуализирате услугите за Google Play.</string>
    <string name="common_google_play_services_update_title">Актуализиране на услугите за Google Play</string>
    <string name="common_google_play_services_updating_text">%1$s няма да се изпълнява без услугите за Google Play. Понастоящем те се актуализират.</string>
    <string name="common_google_play_services_wear_update_text">Необходима е нова версия на услугите за Google Play. Скоро тя ще се актуализира автоматично.</string>
    <string name="common_open_on_phone">Отваряне на телефона</string>
    <string name="common_signin_button_text">Вход</string>
    <string name="common_signin_button_text_long">Вход с Google</string>
    <string name="error_icon_content_description">Грешка</string>
    <string name="exo_controls_fastforward_description">Превъртане напред</string>
    <string name="exo_controls_hide">Скриване на контролите на плейъра</string>
    <string name="exo_controls_next_description">Напред</string>
    <string name="exo_controls_pause_description">Поставяне на пауза</string>
    <string name="exo_controls_play_description">Възпроизвеждане</string>
    <string name="exo_controls_previous_description">Назад</string>
    <string name="exo_controls_repeat_all_description">Текущ режим: Повтар. на всички. Превкл. режима за повтаряне.</string>
    <string name="exo_controls_repeat_off_description">Текущ режим: Без повтаряне. Превкл. режима за повтаряне.</string>
    <string name="exo_controls_repeat_one_description">Текущ режим: Повтар. на 1 елемент. Превкл. режима за повтаряне.</string>
    <string name="exo_controls_rewind_description">Превъртане назад</string>
    <string name="exo_controls_show">Показване на контролите на плейъра</string>
    <string name="exo_controls_shuffle_off_description">Активиране на режима за разбъркване</string>
    <string name="exo_controls_shuffle_on_description">Деактивиране на режима за разбъркване</string>
    <string name="exo_controls_vr_description">режим за VR</string>
    <string name="exo_item_list">%1$s – %2$s</string>
    <string name="exo_track_bitrate">%1$.2f Мб/сек</string>
    <string name="exo_track_mono">Моно</string>
    <string name="exo_track_resolution">%1$d × %2$d</string>
    <string name="exo_track_role_alternate">Алтернативен запис</string>
    <string name="exo_track_role_closed_captions">Субтитри</string>
    <string name="exo_track_role_commentary">Коментар</string>
    <string name="exo_track_role_supplementary">Допълнителен запис</string>
    <string name="exo_track_selection_auto">Автоматично</string>
    <string name="exo_track_selection_none">Нищо</string>
    <string name="exo_track_selection_title_audio">Аудиозапис</string>
    <string name="exo_track_selection_title_text">Текст</string>
    <string name="exo_track_selection_title_video">Видеозапис</string>
    <string name="exo_track_stereo">Стерео</string>
    <string name="exo_track_surround">Обемен звук</string>
    <string name="exo_track_surround_5_point_1">5,1-канален обемен звук</string>
    <string name="exo_track_surround_7_point_1">7,1-канален обемен звук</string>
    <string name="exo_track_unknown">Неизвестно</string>
    <string name="exposed_dropdown_menu_content_description">Показване на падащото меню</string>
    <string name="fallback_menu_item_copy_link">Копиране на връзката</string>
    <string name="fallback_menu_item_open_in_browser">Отваряне в браузър</string>
    <string name="fallback_menu_item_share_link">Споделяне на връзката</string>
    <string name="icon_content_description">Икона за диалогов прозорец</string>
    <string name="item_view_role_description">Раздел</string>
    <string name="material_clock_toggle_content_description">Изберете AM или PM</string>
    <string name="material_hour_24h_suffix">%1$s часа</string>
    <string name="material_hour_selection">Изберете час</string>
    <string name="material_hour_suffix">%1$s часа</string>
    <string name="material_minute_selection">Избиране на минути</string>
    <string name="material_minute_suffix">%1$s минути</string>
    <string name="material_timepicker_am">AM</string>
    <string name="material_timepicker_clock_mode_description">Превключете към режима за часовник, за да въведете часа.</string>
    <string name="material_timepicker_hour">Час</string>
    <string name="material_timepicker_minute">Минута</string>
    <string name="material_timepicker_pm">PM</string>
    <string name="material_timepicker_select_time">Избор на час</string>
    <string name="material_timepicker_text_input_mode_description">Превключете към режима за въвеждане на текст, за да въведете часа.</string>
    <string name="mtrl_badge_numberless_content_description">Ново известие</string>
    <string name="mtrl_chip_close_icon_content_description">Премахване на %1$s</string>
    <string name="mtrl_exceed_max_badge_number_content_description">Повече от %1$d нови известия</string>
    <string name="mtrl_picker_a11y_next_month">Преминаване към следващия месец</string>
    <string name="mtrl_picker_a11y_prev_month">Преминаване към предишния месец</string>
    <string name="mtrl_picker_cancel">Отказ</string>
    <string name="mtrl_picker_confirm">OK</string>
    <string name="mtrl_picker_day_of_week_column_header">Колона за дни: %1$s</string>
    <string name="mtrl_picker_navigate_to_year_description">Навигиране до %1$s г.</string>
    <string name="mtrl_picker_save">Запазване</string>
    <string name="mtrl_picker_toggle_to_calendar_input_mode">Превключване към режим на въвеждане в календар</string>
    <string name="mtrl_picker_toggle_to_day_selection">Докоснете, за да превключите към избиране на ден</string>
    <string name="mtrl_picker_toggle_to_text_input_mode">Превключване към режим за въвеждане на текст</string>
    <string name="mtrl_picker_toggle_to_year_selection">Докоснете, за да превключите към избиране на година</string>
    <string name="mtrl_timepicker_cancel">Отказ</string>
    <string name="mtrl_timepicker_confirm">OK</string>
    <string name="native_body">Основен текст</string>
    <string name="native_headline">Заглавие</string>
    <string name="native_media_view">Преглед на мултимедийния файл</string>
    <string name="notifications_permission_confirm">Разрешаване</string>
    <string name="notifications_permission_decline">Забраняване</string>
    <string name="notifications_permission_title">Разрешавате ли на приложението да ви изпраща известия?</string>
    <string name="offline_dialog_image_description">Икона</string>
    <string name="offline_dialog_text">Благодарим за проявения интерес.
Ще споделим още информация, когато отново сте онлайн.</string>
    <string name="offline_notification_title">Отново сте онлайн! Да продължим оттам, откъдето прекъснахме</string>
    <string name="offline_notification_title_with_advertiser">Отново сте онлайн! Продължете обучението за %s</string>
    <string name="offline_opt_in_confirm">ОК</string>
    <string name="offline_opt_in_decline">Не</string>
    <string name="offline_opt_in_message">Ще ви изпратим известие с връзка към сайта на рекламодателя.</string>
    <string name="offline_opt_in_title">Отворете рекламата, когато отново сте онлайн.</string>
    <string name="password_toggle_content_description">Показване на паролата</string>
    <string name="s1">Запазване на изображението</string>
    <string name="s2">Да се разреши ли на рекламата да съхрани изображение в галерията със снимки?</string>
    <string name="s3">Приемам</string>
    <string name="s4">Отхвърлям</string>
    <string name="s5">Създаване на събитие в календара</string>
    <string name="s6">Да се разреши ли на рекламата да създаде събитие в календара?</string>
    <string name="s7">Тестова реклама</string>
    <string name="search_menu_title">Търсене</string>
    <string name="status_bar_notification_info_overflow">999+</string>
    <string name="watermark_label_prefix">AdMob –</string>
</resources>