<?xml version='1.0' encoding='utf-8' ?>
<resources>
    <string name="abc_action_bar_up_description">Omhoog navigeren</string>
    <string name="abc_action_mode_done">Klaar</string>
    <string name="abc_capital_off">UIT</string>
    <string name="abc_capital_on">AAN</string>
    <string name="abc_menu_alt_shortcut_label">Alt +</string>
    <string name="abc_menu_ctrl_shortcut_label">Ctrl +</string>
    <string name="abc_menu_delete_shortcut_label">Delete</string>
    <string name="abc_menu_enter_shortcut_label">Enter</string>
    <string name="abc_menu_function_shortcut_label">Functie +</string>
    <string name="abc_menu_meta_shortcut_label">Meta +</string>
    <string name="abc_menu_shift_shortcut_label">Shift +</string>
    <string name="abc_menu_space_shortcut_label">spatie</string>
    <string name="abc_menu_sym_shortcut_label">Sym +</string>
    <string name="abc_prepend_shortcut_label">Menu +</string>
    <string name="abc_search_hint">Zoeken…</string>
    <string name="abc_searchview_description_clear">Zoekopdracht wissen</string>
    <string name="abc_searchview_description_search">Zoeken</string>
    <string name="abc_searchview_description_submit">Zoekopdracht verzenden</string>
    <string name="abc_searchview_description_voice">Gesproken zoekopdracht</string>
    <string name="abc_toolbar_collapse_description">Samenvouwen</string>
    <string name="bottomsheet_action_collapse">Het blad onderaan samenvouwen</string>
    <string name="bottomsheet_action_expand">Het blad onderaan uitvouwen</string>
    <string name="bottomsheet_action_expand_halfway">Half uitvouwen</string>
    <string name="bottomsheet_drag_handle_clicked">Dubbelgetikt op handgreep voor slepen</string>
    <string name="bottomsheet_drag_handle_content_description">Handgreep voor slepen</string>
    <string name="call_notification_answer_action">Beantwoorden</string>
    <string name="call_notification_answer_video_action">Video</string>
    <string name="call_notification_decline_action">Weigeren</string>
    <string name="call_notification_hang_up_action">Ophangen</string>
    <string name="call_notification_incoming_text">Inkomend gesprek</string>
    <string name="call_notification_ongoing_text">Actief gesprek</string>
    <string name="call_notification_screening_text">Een inkomend gesprek screenen</string>
    <string name="character_counter_content_description">%1$d van %2$d tekens opgegeven</string>
    <string name="character_counter_overflowed_content_description">Tekenlimiet heeft %1$d van %2$d overschreden</string>
    <string name="clear_text_end_icon_content_description">Tekst wissen</string>
    <string name="common_google_play_services_enable_button">Aanzetten</string>
    <string name="common_google_play_services_enable_text">%1$s werkt niet, tenzij je Google Play-services aanzet.</string>
    <string name="common_google_play_services_enable_title">Google Play-services aanzetten</string>
    <string name="common_google_play_services_install_button">Installeren</string>
    <string name="common_google_play_services_install_text">%1$s kan niet worden uitgevoerd zonder Google Play-services, die je nog niet op je apparaat hebt.</string>
    <string name="common_google_play_services_install_title">Google Play-services ophalen</string>
    <string name="common_google_play_services_notification_channel_name">Beschikbaarheid van Google Play-services</string>
    <string name="common_google_play_services_notification_ticker">Fout met Google Play-services</string>
    <string name="common_google_play_services_unknown_issue">%1$s ondervindt problemen met Google Play-services. Probeer het opnieuw.</string>
    <string name="common_google_play_services_unsupported_text">%1$s kan niet worden uitgevoerd zonder Google Play-services, die niet worden ondersteund op je apparaat.</string>
    <string name="common_google_play_services_update_button">Updaten</string>
    <string name="common_google_play_services_update_text">%1$s kan niet worden uitgevoerd, tenzij je Google Play-services updatet.</string>
    <string name="common_google_play_services_update_title">Google Play-services updaten</string>
    <string name="common_google_play_services_updating_text">%1$s kan niet worden uitgevoerd zonder Google Play-services, die momenteel worden geüpdatet.</string>
    <string name="common_google_play_services_wear_update_text">Er is een nieuwe versie van Google Play-services vereist. De update wordt binnenkort automatisch uitgevoerd.</string>
    <string name="common_open_on_phone">Openen op telefoon</string>
    <string name="common_signin_button_text">Inloggen</string>
    <string name="common_signin_button_text_long">Inloggen met Google</string>
    <string name="error_icon_content_description">Fout</string>
    <string name="exo_controls_fastforward_description">Vooruitspoelen</string>
    <string name="exo_controls_hide">Afspeelbediening verbergen</string>
    <string name="exo_controls_next_description">Volgende</string>
    <string name="exo_controls_pause_description">Pauzeren</string>
    <string name="exo_controls_play_description">Afspelen</string>
    <string name="exo_controls_previous_description">Vorige</string>
    <string name="exo_controls_repeat_all_description">Huidige modus: Alles herhalen. Herhaalmodus schakelen.</string>
    <string name="exo_controls_repeat_off_description">Huidige modus: Niets herhalen. Herhaalmodus schakelen.</string>
    <string name="exo_controls_repeat_one_description">Huidige modus: 1 herhalen. Herhaalmodus schakelen.</string>
    <string name="exo_controls_rewind_description">Terugspoelen</string>
    <string name="exo_controls_show">Afspeelbediening tonen</string>
    <string name="exo_controls_shuffle_off_description">Shuffle aanzetten</string>
    <string name="exo_controls_shuffle_on_description">Shuffle uitzetten</string>
    <string name="exo_controls_vr_description">VR-modus</string>
    <string name="exo_item_list">%1$s, %2$s</string>
    <string name="exo_track_bitrate">%1$.2f Mbps</string>
    <string name="exo_track_mono">Mono</string>
    <string name="exo_track_resolution">%1$d × %2$d</string>
    <string name="exo_track_role_alternate">Alternatief</string>
    <string name="exo_track_role_closed_captions">CC</string>
    <string name="exo_track_role_commentary">Commentaar</string>
    <string name="exo_track_role_supplementary">Aanvullend</string>
    <string name="exo_track_selection_auto">Auto</string>
    <string name="exo_track_selection_none">Geen</string>
    <string name="exo_track_selection_title_audio">Audio</string>
    <string name="exo_track_selection_title_text">Tekst</string>
    <string name="exo_track_selection_title_video">Video</string>
    <string name="exo_track_stereo">Stereo</string>
    <string name="exo_track_surround">Surround sound</string>
    <string name="exo_track_surround_5_point_1">5.1 surroundgeluid</string>
    <string name="exo_track_surround_7_point_1">7.1 surroundgeluid</string>
    <string name="exo_track_unknown">Onbekend</string>
    <string name="exposed_dropdown_menu_content_description">Dropdownmenu tonen</string>
    <string name="fallback_menu_item_copy_link">Link kopiëren</string>
    <string name="fallback_menu_item_open_in_browser">Openen in browser</string>
    <string name="fallback_menu_item_share_link">Link delen</string>
    <string name="icon_content_description">Icoon voor dialoogvenster</string>
    <string name="item_view_role_description">Tabblad</string>
    <string name="material_clock_toggle_content_description">Selecteer a.m. of p.m.</string>
    <string name="material_hour_24h_suffix">%1$s uur</string>
    <string name="material_hour_selection">Selecteer uur</string>
    <string name="material_hour_suffix">%1$s uur</string>
    <string name="material_minute_selection">Minuten selecteren</string>
    <string name="material_minute_suffix">%1$s minuten</string>
    <string name="material_timepicker_am">a.m.</string>
    <string name="material_timepicker_clock_mode_description">Schakel naar de klokmodus om de tijd in te voeren.</string>
    <string name="material_timepicker_hour">Uur</string>
    <string name="material_timepicker_minute">Minuut</string>
    <string name="material_timepicker_pm">p.m.</string>
    <string name="material_timepicker_select_time">Tijd selecteren</string>
    <string name="material_timepicker_text_input_mode_description">Schakel naar de tekstinvoermodus om de tijd in te voeren.</string>
    <string name="mtrl_badge_numberless_content_description">Nieuwe melding</string>
    <string name="mtrl_chip_close_icon_content_description">%1$s verwijderen</string>
    <string name="mtrl_exceed_max_badge_number_content_description">Meer dan %1$d nieuwe meldingen</string>
    <string name="mtrl_picker_a11y_next_month">Naar volgende maand gaan</string>
    <string name="mtrl_picker_a11y_prev_month">Naar vorige maand gaan</string>
    <string name="mtrl_picker_cancel">Annuleren</string>
    <string name="mtrl_picker_confirm">OK</string>
    <string name="mtrl_picker_day_of_week_column_header">Kolom met dagen: %1$s</string>
    <string name="mtrl_picker_navigate_to_year_description">Naar jaar %1$s navigeren</string>
    <string name="mtrl_picker_save">Opslaan</string>
    <string name="mtrl_picker_toggle_to_calendar_input_mode">Overschakelen naar agenda-invoermodus</string>
    <string name="mtrl_picker_toggle_to_day_selection">Tik om naar dagselectie te schakelen</string>
    <string name="mtrl_picker_toggle_to_text_input_mode">Overschakelen naar tekstinvoermodus</string>
    <string name="mtrl_picker_toggle_to_year_selection">Tik om naar jaarselectie te schakelen</string>
    <string name="mtrl_timepicker_cancel">Annuleren</string>
    <string name="mtrl_timepicker_confirm">OK</string>
    <string name="native_body">Tekstgedeelte</string>
    <string name="native_headline">Kop</string>
    <string name="native_media_view">Mediacontent</string>
    <string name="notifications_permission_confirm">Toestaan</string>
    <string name="notifications_permission_decline">Niet toestaan</string>
    <string name="notifications_permission_title">App toestaan om je meldingen te sturen?</string>
    <string name="offline_dialog_image_description">Icoon</string>
    <string name="offline_dialog_text">Bedankt voor je interesse.
We delen meer zodra je weer online bent.</string>
    <string name="offline_notification_title">Je bent weer online. Laten we verder gaan waar we waren gebleven.</string>
    <string name="offline_notification_title_with_advertiser">Je bent weer online. Ga verder met leren over %s.</string>
    <string name="offline_opt_in_confirm">OK</string>
    <string name="offline_opt_in_decline">Nee, bedankt</string>
    <string name="offline_opt_in_message">We sturen je een melding met een link naar de site van de adverteerder.</string>
    <string name="offline_opt_in_title">Advertentie openen als je weer online bent</string>
    <string name="password_toggle_content_description">Wachtwoord tonen</string>
    <string name="s1">Afbeelding opslaan</string>
    <string name="s2">Advertentie toestaan om afbeelding op te slaan in fotogalerij?</string>
    <string name="s3">Accepteren</string>
    <string name="s4">Weigeren</string>
    <string name="s5">Agenda-afspraak maken</string>
    <string name="s6">Advertentie toestaan om een agenda-afspraak te maken?</string>
    <string name="s7">Testadvertentie</string>
    <string name="search_menu_title">Zoeken</string>
    <string name="status_bar_notification_info_overflow">999+</string>
    <string name="watermark_label_prefix">AdMob -</string>
</resources>