<?xml version='1.0' encoding='utf-8' ?>
<resources>
    <string name="abc_action_bar_up_description">转到上一层级</string>
    <string name="abc_action_mode_done">完成</string>
    <string name="abc_capital_off">关闭</string>
    <string name="abc_capital_on">开启</string>
    <string name="abc_menu_alt_shortcut_label">Alt+</string>
    <string name="abc_menu_ctrl_shortcut_label">Ctrl+</string>
    <string name="abc_menu_delete_shortcut_label">Delete 键</string>
    <string name="abc_menu_enter_shortcut_label">Enter 键</string>
    <string name="abc_menu_function_shortcut_label">Fn+</string>
    <string name="abc_menu_meta_shortcut_label">Meta+</string>
    <string name="abc_menu_shift_shortcut_label">Shift+</string>
    <string name="abc_menu_space_shortcut_label">空格键</string>
    <string name="abc_menu_sym_shortcut_label">Sym+</string>
    <string name="abc_prepend_shortcut_label">Menu+</string>
    <string name="abc_search_hint">搜索…</string>
    <string name="abc_searchview_description_clear">清除查询</string>
    <string name="abc_searchview_description_search">搜索</string>
    <string name="abc_searchview_description_submit">提交查询</string>
    <string name="abc_searchview_description_voice">语音搜索</string>
    <string name="abc_toolbar_collapse_description">收起</string>
    <string name="bottomsheet_action_collapse">收起底部动作条</string>
    <string name="bottomsheet_action_expand">展开底部动作条</string>
    <string name="bottomsheet_action_expand_halfway">展开到一半高度</string>
    <string name="bottomsheet_drag_handle_clicked">拖动手柄被点按两次</string>
    <string name="bottomsheet_drag_handle_content_description">拖动手柄</string>
    <string name="call_notification_answer_action">接听</string>
    <string name="call_notification_answer_video_action">视频通话</string>
    <string name="call_notification_decline_action">拒接</string>
    <string name="call_notification_hang_up_action">挂断</string>
    <string name="call_notification_incoming_text">来电</string>
    <string name="call_notification_ongoing_text">正在通话</string>
    <string name="call_notification_screening_text">正在过滤来电</string>
    <string name="character_counter_content_description">输入了 %1$d 个字符（上限为 %2$d 个）</string>
    <string name="character_counter_overflowed_content_description">超出字符数限制（共 %1$d 个，上限为 %2$d 个）</string>
    <string name="clear_text_end_icon_content_description">清除文字</string>
    <string name="common_google_play_services_enable_button">启用</string>
    <string name="common_google_play_services_enable_text">您必须先启用 Google Play 服务，然后才能运行%1$s。</string>
    <string name="common_google_play_services_enable_title">启用 Google Play 服务</string>
    <string name="common_google_play_services_install_button">安装</string>
    <string name="common_google_play_services_install_text">您的设备没有安装 Google Play 服务，因此无法运行%1$s。</string>
    <string name="common_google_play_services_install_title">获取 Google Play 服务</string>
    <string name="common_google_play_services_notification_channel_name">Google Play 服务的适用范围</string>
    <string name="common_google_play_services_notification_ticker">Google Play服务出错</string>
    <string name="common_google_play_services_unknown_issue">%1$s无法访问 Google Play 服务，请重试。</string>
    <string name="common_google_play_services_unsupported_text">您的设备不支持 Google Play 服务，因此无法运行%1$s。</string>
    <string name="common_google_play_services_update_button">更新</string>
    <string name="common_google_play_services_update_text">您必须先更新 Google Play 服务，然后才能运行%1$s。</string>
    <string name="common_google_play_services_update_title">更新 Google Play 服务</string>
    <string name="common_google_play_services_updating_text">Google Play 服务当前正在更新，因此您无法运行%1$s。</string>
    <string name="common_google_play_services_wear_update_text">必须使用新版 Google Play 服务。该服务很快就会自行更新。</string>
    <string name="common_open_on_phone">在手机上打开</string>
    <string name="common_signin_button_text">登录</string>
    <string name="common_signin_button_text_long">使用 Google 账号登录</string>
    <string name="error_icon_content_description">错误</string>
    <string name="exo_controls_fastforward_description">快进</string>
    <string name="exo_controls_hide">隐藏播放器控件</string>
    <string name="exo_controls_next_description">下一首</string>
    <string name="exo_controls_pause_description">暂停</string>
    <string name="exo_controls_play_description">播放</string>
    <string name="exo_controls_previous_description">上一首</string>
    <string name="exo_controls_repeat_all_description">当前模式：重复播放所有项目。切换重复播放模式。</string>
    <string name="exo_controls_repeat_off_description">当前模式：不重复。切换重复播放模式。</string>
    <string name="exo_controls_repeat_one_description">当前模式：重复播放当前项目。切换重复播放模式。</string>
    <string name="exo_controls_rewind_description">快退</string>
    <string name="exo_controls_show">显示播放器控件</string>
    <string name="exo_controls_shuffle_off_description">启用随机播放模式</string>
    <string name="exo_controls_shuffle_on_description">停用随机播放模式</string>
    <string name="exo_controls_vr_description">VR 模式</string>
    <string name="exo_item_list">%1$s，%2$s</string>
    <string name="exo_track_bitrate">%1$.2f Mbps</string>
    <string name="exo_track_mono">单声道</string>
    <string name="exo_track_resolution">%1$d × %2$d</string>
    <string name="exo_track_role_alternate">替用轨</string>
    <string name="exo_track_role_closed_captions">字幕</string>
    <string name="exo_track_role_commentary">旁白</string>
    <string name="exo_track_role_supplementary">补充轨</string>
    <string name="exo_track_selection_auto">自动</string>
    <string name="exo_track_selection_none">无</string>
    <string name="exo_track_selection_title_audio">音频</string>
    <string name="exo_track_selection_title_text">文字</string>
    <string name="exo_track_selection_title_video">视频</string>
    <string name="exo_track_stereo">立体声</string>
    <string name="exo_track_surround">环绕声</string>
    <string name="exo_track_surround_5_point_1">5.1 环绕声</string>
    <string name="exo_track_surround_7_point_1">7.1 环绕声</string>
    <string name="exo_track_unknown">未知</string>
    <string name="exposed_dropdown_menu_content_description">显示下拉菜单</string>
    <string name="fallback_menu_item_copy_link">复制链接</string>
    <string name="fallback_menu_item_open_in_browser">在浏览器中打开</string>
    <string name="fallback_menu_item_share_link">分享链接</string>
    <string name="icon_content_description">对话框图标</string>
    <string name="item_view_role_description">标签页</string>
    <string name="material_clock_toggle_content_description">选择上午或下午</string>
    <string name="material_hour_24h_suffix">%1$s 小时</string>
    <string name="material_hour_selection">选择小时</string>
    <string name="material_hour_suffix">%1$s 点</string>
    <string name="material_minute_selection">选择分钟</string>
    <string name="material_minute_suffix">%1$s 分</string>
    <string name="material_timepicker_am">上午</string>
    <string name="material_timepicker_clock_mode_description">切换到时钟模式来输入时间。</string>
    <string name="material_timepicker_hour">小时</string>
    <string name="material_timepicker_minute">分钟</string>
    <string name="material_timepicker_pm">下午</string>
    <string name="material_timepicker_select_time">选择时间</string>
    <string name="material_timepicker_text_input_mode_description">切换到文字输入模式来输入时间。</string>
    <string name="mtrl_badge_numberless_content_description">新通知</string>
    <string name="mtrl_chip_close_icon_content_description">移除%1$s</string>
    <string name="mtrl_exceed_max_badge_number_content_description">有 %1$d 条以上的新通知</string>
    <string name="mtrl_picker_a11y_next_month">转到下个月</string>
    <string name="mtrl_picker_a11y_prev_month">转到上个月</string>
    <string name="mtrl_picker_cancel">取消</string>
    <string name="mtrl_picker_confirm">确定</string>
    <string name="mtrl_picker_day_of_week_column_header">表示周几的列：%1$s</string>
    <string name="mtrl_picker_navigate_to_year_description">转到 %1$s 年</string>
    <string name="mtrl_picker_save">保存</string>
    <string name="mtrl_picker_toggle_to_calendar_input_mode">切换到日历输入模式</string>
    <string name="mtrl_picker_toggle_to_day_selection">点按即可切换到选择某天</string>
    <string name="mtrl_picker_toggle_to_text_input_mode">切换到文本字段输入模式</string>
    <string name="mtrl_picker_toggle_to_year_selection">点按即可切换到选择某年</string>
    <string name="mtrl_timepicker_cancel">取消</string>
    <string name="mtrl_timepicker_confirm">确定</string>
    <string name="native_body">主体</string>
    <string name="native_headline">标题</string>
    <string name="native_media_view">媒体视图</string>
    <string name="notifications_permission_confirm">允许</string>
    <string name="notifications_permission_decline">不允许</string>
    <string name="notifications_permission_title">允许应用向您发送通知吗？</string>
    <string name="offline_dialog_image_description">图标</string>
    <string name="offline_dialog_text">感谢您的关注。
我们会在您重新联网时分享更多资讯。</string>
    <string name="offline_notification_title">您已重新联网！让我们接着上次的进度继续吧</string>
    <string name="offline_notification_title_with_advertiser">您已重新联网！不妨继续了解一下%s吧</string>
    <string name="offline_opt_in_confirm">确定</string>
    <string name="offline_opt_in_decline">不用了</string>
    <string name="offline_opt_in_message">我们会向您发送包含广告客户网站链接的通知。</string>
    <string name="offline_opt_in_title">在您重新联网后打开广告。</string>
    <string name="password_toggle_content_description">显示密码</string>
    <string name="s1">保存图片</string>
    <string name="s2">允许广告将图片存储在图库中吗？</string>
    <string name="s3">接受</string>
    <string name="s4">拒绝</string>
    <string name="s5">创建日历活动</string>
    <string name="s6">允许广告创建日历活动吗？</string>
    <string name="s7">测试广告</string>
    <string name="search_menu_title">搜索</string>
    <string name="status_bar_notification_info_overflow">999+</string>
    <string name="watermark_label_prefix">AdMob -</string>
</resources>