<?xml version='1.0' encoding='utf-8' ?>
<resources>
    <string name="abc_action_bar_up_description">वर नेव्‍हिगेट करा</string>
    <string name="abc_action_mode_done">पूर्ण झाले</string>
    <string name="abc_capital_off">बंद</string>
    <string name="abc_capital_on">सुरू</string>
    <string name="abc_menu_alt_shortcut_label">Alt+</string>
    <string name="abc_menu_ctrl_shortcut_label">Ctrl+</string>
    <string name="abc_menu_delete_shortcut_label">हटवा</string>
    <string name="abc_menu_enter_shortcut_label">एंटर करा</string>
    <string name="abc_menu_function_shortcut_label">Function+</string>
    <string name="abc_menu_meta_shortcut_label">Meta+</string>
    <string name="abc_menu_shift_shortcut_label">Shift+</string>
    <string name="abc_menu_space_shortcut_label">space</string>
    <string name="abc_menu_sym_shortcut_label">Sym+</string>
    <string name="abc_prepend_shortcut_label">मेनू+</string>
    <string name="abc_search_hint">शोधा…</string>
    <string name="abc_searchview_description_clear">क्‍वेरी साफ करा</string>
    <string name="abc_searchview_description_search">शोधा</string>
    <string name="abc_searchview_description_submit">क्वेरी सबमिट करा</string>
    <string name="abc_searchview_description_voice">व्हॉइस शोध</string>
    <string name="abc_toolbar_collapse_description">कोलॅप्स करा</string>
    <string name="bottomsheet_action_collapse">तळाशी असलेली शीट कोलॅप्स करा</string>
    <string name="bottomsheet_action_expand">तळाशी असलेल्या शीटचा विस्तार करा</string>
    <string name="bottomsheet_action_expand_halfway">पूर्णपणे विस्तृत करा</string>
    <string name="bottomsheet_drag_handle_clicked">ड्रॅग हॅंडलवर दोनदा टॅप केले आहे</string>
    <string name="bottomsheet_drag_handle_content_description">ड्रॅग हॅंडल</string>
    <string name="call_notification_answer_action">उत्तर द्या</string>
    <string name="call_notification_answer_video_action">व्हिडिओ</string>
    <string name="call_notification_decline_action">नकार द्या</string>
    <string name="call_notification_hang_up_action">कॉल बंद करा</string>
    <string name="call_notification_incoming_text">इनकमिंग कॉल</string>
    <string name="call_notification_ongoing_text">सुरू असलेला कॉल</string>
    <string name="call_notification_screening_text">इनकमिंग कॉल स्क्रीन करत आहे</string>
    <string name="character_counter_content_description">%2$d पैकी %1$d वर्ण एंटर केले आहे</string>
    <string name="character_counter_overflowed_content_description">%2$d पैकी %1$d वर्णमर्यादा ओलांडली आहे</string>
    <string name="clear_text_end_icon_content_description">मजकूर साफ करा</string>
    <string name="common_google_play_services_enable_button">सुरू करा</string>
    <string name="common_google_play_services_enable_text">तुम्ही Google Play सेवा सक्षम केल्याशिवाय %1$s हा अ‍ॅप कार्य करणार नाही.</string>
    <string name="common_google_play_services_enable_title">Google Play सेवा सुरू करा</string>
    <string name="common_google_play_services_install_button">स्‍थापित करा</string>
    <string name="common_google_play_services_install_text">Google Play सेवा आपल्या डिव्हाइसवर उपलब्ध नाही, त्याशिवाय %1$s चालणार नाही.</string>
    <string name="common_google_play_services_install_title">Google Play सेवा मिळवा</string>
    <string name="common_google_play_services_notification_channel_name">Google Play सेवा उपलब्धता</string>
    <string name="common_google_play_services_notification_ticker">Google Play सेवा एरर</string>
    <string name="common_google_play_services_unknown_issue">%1$s ला Google Play सेवांमध्ये समस्या येत आहे. कृपया पुन्हा प्रयत्न करा.</string>
    <string name="common_google_play_services_unsupported_text">तुमचे डिव्हाइस सपोर्ट करत नसलेल्या, Google Play सेवांशिवाय %1$s चालणार नाही.</string>
    <string name="common_google_play_services_update_button">अपडेट करा</string>
    <string name="common_google_play_services_update_text">तुम्ही Google Play सेवा अपडेट करेपर्यंत %1$s चालणार नाही.</string>
    <string name="common_google_play_services_update_title">Google Play सेवा अपडेट करा</string>
    <string name="common_google_play_services_updating_text">सध्‍या अपडेट होत असलेल्‍या, Google Play सेवांशिवाय %1$s चालणार नाही.</string>
    <string name="common_google_play_services_wear_update_text">Google Play सेवांच्या नवीन आवृत्तीची आवश्यकता आहे. हे स्वत:ला लवकरच अपडेट करेल.</string>
    <string name="common_open_on_phone">फोनवर उघडा</string>
    <string name="common_signin_button_text">साइन इन करा</string>
    <string name="common_signin_button_text_long">Google सह साइन इन करा</string>
    <string name="error_icon_content_description">एरर</string>
    <string name="exo_controls_fastforward_description">फास्ट फॉरवर्ड करा</string>
    <string name="exo_controls_hide">प्लेअर नियंत्रणे लपवा</string>
    <string name="exo_controls_next_description">पुढील</string>
    <string name="exo_controls_pause_description">विराम</string>
    <string name="exo_controls_play_description">प्‍ले करा</string>
    <string name="exo_controls_previous_description">मागील</string>
    <string name="exo_controls_repeat_all_description">सध्याचा मोड: सर्व रिपीट करा. रिपीट मोड टॉगल करा.</string>
    <string name="exo_controls_repeat_off_description">सध्याचा मोड: काहीही रिपीट करू नका. रिपीट मोड टॉगल करा.</string>
    <string name="exo_controls_repeat_one_description">सध्याचा मोड: एक रिपीट करा. रिपीट मोड टॉगल करा.</string>
    <string name="exo_controls_rewind_description">रीवाइंड करा</string>
    <string name="exo_controls_show">प्लेअर नियंत्रणे दर्शवा</string>
    <string name="exo_controls_shuffle_off_description">शफल मोड सुरू करा</string>
    <string name="exo_controls_shuffle_on_description">शफल मोड बंद करा</string>
    <string name="exo_controls_vr_description">VR मोड</string>
    <string name="exo_item_list">%1$s, %2$s</string>
    <string name="exo_track_bitrate">%1$.2f Mbps</string>
    <string name="exo_track_mono">मोनो</string>
    <string name="exo_track_resolution">%1$d × %2$d</string>
    <string name="exo_track_role_alternate">पर्यायी</string>
    <string name="exo_track_role_closed_captions">सबटायटल</string>
    <string name="exo_track_role_commentary">समालोचन</string>
    <string name="exo_track_role_supplementary">साहाय्यक</string>
    <string name="exo_track_selection_auto">आपोआप</string>
    <string name="exo_track_selection_none">काहीही नाही</string>
    <string name="exo_track_selection_title_audio">ऑडिओ</string>
    <string name="exo_track_selection_title_text">मजकूर</string>
    <string name="exo_track_selection_title_video">व्हिडिओ</string>
    <string name="exo_track_stereo">स्टिरिओ</string>
    <string name="exo_track_surround">सराउंड साउंड</string>
    <string name="exo_track_surround_5_point_1">५.१ सराउंड साउंड</string>
    <string name="exo_track_surround_7_point_1">७.१ सराउंड साउंड</string>
    <string name="exo_track_unknown">अज्ञात</string>
    <string name="exposed_dropdown_menu_content_description">ड्रॉपडाउन मेनू दाखवा</string>
    <string name="fallback_menu_item_copy_link">लिंक कॉपी करा</string>
    <string name="fallback_menu_item_open_in_browser">ब्राउझरमध्ये उघडा</string>
    <string name="fallback_menu_item_share_link">लिंक शेअर करा</string>
    <string name="icon_content_description">डायलॉग आयकन</string>
    <string name="item_view_role_description">टॅब</string>
    <string name="material_clock_toggle_content_description">AM किंवा PM निवडा</string>
    <string name="material_hour_24h_suffix">%1$s तास</string>
    <string name="material_hour_selection">वेळ निवडा</string>
    <string name="material_hour_suffix">%1$s वाजता</string>
    <string name="material_minute_selection">मिनिटे निवडा</string>
    <string name="material_minute_suffix">%1$s मिनिटे</string>
    <string name="material_timepicker_am">AM</string>
    <string name="material_timepicker_clock_mode_description">वेळेच्या इनपुटसाठी घड्याळ मोडवर स्विच करा.</string>
    <string name="material_timepicker_hour">तास</string>
    <string name="material_timepicker_minute">मिनिट</string>
    <string name="material_timepicker_pm">PM</string>
    <string name="material_timepicker_select_time">वेळ निवडा</string>
    <string name="material_timepicker_text_input_mode_description">वेळ इनपुटसाठी मजकूर इनपुट मोडवर स्विच करा.</string>
    <string name="mtrl_badge_numberless_content_description">नवीन सूचना</string>
    <string name="mtrl_chip_close_icon_content_description">काढून टाका %1$s</string>
    <string name="mtrl_exceed_max_badge_number_content_description">%1$d पेक्षा अधिक नवीन सूचना</string>
    <string name="mtrl_picker_a11y_next_month">पुढील महिन्यावर बदला</string>
    <string name="mtrl_picker_a11y_prev_month">मागील महिन्यावर बदला</string>
    <string name="mtrl_picker_cancel">रद्द करा</string>
    <string name="mtrl_picker_confirm">ओके</string>
    <string name="mtrl_picker_day_of_week_column_header">दिवसांचा स्तंभ: %1$s</string>
    <string name="mtrl_picker_navigate_to_year_description">%1$s वर्षावर नेव्हिगेट करा</string>
    <string name="mtrl_picker_save">सेव्ह करा</string>
    <string name="mtrl_picker_toggle_to_calendar_input_mode">कॅलेंडर इनपुट मोडवर स्विच करा</string>
    <string name="mtrl_picker_toggle_to_day_selection">दिवस निवडण्यासाठी स्विच करा वर टॅप करा</string>
    <string name="mtrl_picker_toggle_to_text_input_mode">मजकूर इनपुट मोडवर स्विच करा</string>
    <string name="mtrl_picker_toggle_to_year_selection">वर्ष निवडण्यासाठी स्विच करा वर टॅप करा</string>
    <string name="mtrl_timepicker_cancel">रद्द करा</string>
    <string name="mtrl_timepicker_confirm">ओके</string>
    <string name="native_body">मुख्य भाग</string>
    <string name="native_headline">ठळक शीर्षक</string>
    <string name="native_media_view">मीडिया व्ह्यू</string>
    <string name="notifications_permission_confirm">अनुमती द्या</string>
    <string name="notifications_permission_decline">अनुमती देऊ नका</string>
    <string name="notifications_permission_title">अ‍ॅपला तुम्हाला सूचना पाठवण्याची अनुमती द्यायची आहे का?</string>
    <string name="offline_dialog_image_description">आयकन</string>
    <string name="offline_dialog_text">तुमच्या स्वारस्याबद्दल धन्यवाद.
तुम्ही ऑनलाइन परत आल्यानंतर आम्ही आणखी माहिती शेअर करू.</string>
    <string name="offline_notification_title">तुम्ही परत ऑनलाइन आला आहात! आपण जिथे सोडले होते तिथून पुन्‍हा सुरू करू या</string>
    <string name="offline_notification_title_with_advertiser">तुम्ही परत ऑनलाइन आला आहात! %s बद्दल जाणून घेणे पुढे सुरू ठेवा</string>
    <string name="offline_opt_in_confirm">ओके</string>
    <string name="offline_opt_in_decline">नाही, नको</string>
    <string name="offline_opt_in_message">आम्ही तुम्हाला जाहिरातदाराच्या साइटच्या लिंकसह एक सूचना पाठवू.</string>
    <string name="offline_opt_in_title">तुम्ही पुन्हा ऑनलाइन याल तेव्हा जाहिरात उघडा.</string>
    <string name="password_toggle_content_description">पासवर्ड दाखवा</string>
    <string name="s1">इमेज सेव्ह करा</string>
    <string name="s2">चित्र गॅलरीत इमेज संग्रहित करण्याची जाहिरातीस अनुमती द्यायची?</string>
    <string name="s3">स्वीकारा</string>
    <string name="s4">नकार द्या</string>
    <string name="s5">कॅलेंडर इव्हेंट तयार करा</string>
    <string name="s6">जाहिरातीस कॅलेंडर इव्हेंट तयार करण्याची परवानगी द्यायची?</string>
    <string name="s7">चाचणी जाहिरात</string>
    <string name="search_menu_title">शोध</string>
    <string name="status_bar_notification_info_overflow">९९९+</string>
    <string name="watermark_label_prefix">AdMob -</string>
</resources>