<?xml version='1.0' encoding='utf-8' ?>
<resources>
    <string name="abc_action_bar_up_description">Naršyti aukštyn</string>
    <string name="abc_action_mode_done">Atlikta</string>
    <string name="abc_capital_off">IŠJUNGTI</string>
    <string name="abc_capital_on">ĮJUNGTI</string>
    <string name="abc_menu_alt_shortcut_label">„Alt“ +</string>
    <string name="abc_menu_ctrl_shortcut_label">„Ctrl“ +</string>
    <string name="abc_menu_delete_shortcut_label">„delete“</string>
    <string name="abc_menu_enter_shortcut_label">„enter“</string>
    <string name="abc_menu_function_shortcut_label">„Function“ +</string>
    <string name="abc_menu_meta_shortcut_label">„Meta“ +</string>
    <string name="abc_menu_shift_shortcut_label">„Shift“ +</string>
    <string name="abc_menu_space_shortcut_label">„space“</string>
    <string name="abc_menu_sym_shortcut_label">„Sym“ +</string>
    <string name="abc_prepend_shortcut_label">„Menu“ +</string>
    <string name="abc_search_hint">Ieškoti…</string>
    <string name="abc_searchview_description_clear">Išvalyti užklausą</string>
    <string name="abc_searchview_description_search">Ieškoti</string>
    <string name="abc_searchview_description_submit">Pateikti užklausą</string>
    <string name="abc_searchview_description_voice">Paieška balsu</string>
    <string name="abc_toolbar_collapse_description">Sutraukti</string>
    <string name="bottomsheet_action_collapse">Sutraukti apatinį lapą</string>
    <string name="bottomsheet_action_expand">Išskleisti apatinį lapą</string>
    <string name="bottomsheet_action_expand_halfway">Išskleisti iki pusės</string>
    <string name="bottomsheet_drag_handle_clicked">Vilkimo rankenėlė dukart paliesta</string>
    <string name="bottomsheet_drag_handle_content_description">Vilkimo rankenėlė</string>
    <string name="call_notification_answer_action">Atsakyti</string>
    <string name="call_notification_answer_video_action">Vaizdo įrašas</string>
    <string name="call_notification_decline_action">Atmesti</string>
    <string name="call_notification_hang_up_action">Baigti pok.</string>
    <string name="call_notification_incoming_text">Gaunamasis skambutis</string>
    <string name="call_notification_ongoing_text">Vykstantis skambutis</string>
    <string name="call_notification_screening_text">Gaunamojo skambučio tikrinimas</string>
    <string name="character_counter_content_description">Įvesta simbolių: %1$d iš %2$d</string>
    <string name="character_counter_overflowed_content_description">Viršytas simbolių skaičius: %1$d iš %2$d</string>
    <string name="clear_text_end_icon_content_description">Išvalyti tekstą</string>
    <string name="common_google_play_services_enable_button">Įgalinti</string>
    <string name="common_google_play_services_enable_text">„%1$s“ neveiks, jei neįgalinsite „Google Play“ paslaugų.</string>
    <string name="common_google_play_services_enable_title">Įgalinkite „Google Play“ paslaugas</string>
    <string name="common_google_play_services_install_button">Įdiegti</string>
    <string name="common_google_play_services_install_text">Programa „%1$s“ nebus paleidžiama be „Google Play“ paslaugų, kurių nėra įrenginyje.</string>
    <string name="common_google_play_services_install_title">Gaukite „Google Play“ paslaugas</string>
    <string name="common_google_play_services_notification_channel_name">„Google Play“ paslaugų pasiekiamumas</string>
    <string name="common_google_play_services_notification_ticker">„Google Play“ paslaugų klaida</string>
    <string name="common_google_play_services_unknown_issue">Naudojant programą „%1$s“ kilo problemų dėl „Google Play“ paslaugų. Bandykite dar kartą.</string>
    <string name="common_google_play_services_unsupported_text">Programa „%1$s“ nebus paleidžiama be „Google Play“ paslaugų, kurių jūsų įrenginys nepalaiko.</string>
    <string name="common_google_play_services_update_button">Atnaujinti</string>
    <string name="common_google_play_services_update_text">„%1$s“ nebus paleidžiama, jei neatnaujinsite „Google Play“ paslaugų.</string>
    <string name="common_google_play_services_update_title">Atnaujinkite „Google Play“ paslaugas</string>
    <string name="common_google_play_services_updating_text">„%1$s“ nebus paleidžiama be „Google Play“ paslaugų, kurios šiuo metu atnaujinamos.</string>
    <string name="common_google_play_services_wear_update_text">Reikia naujos versijos „Google Play“ paslaugų. Jos netrukus bus atnaujintos.</string>
    <string name="common_open_on_phone">Atidaryti telefone</string>
    <string name="common_signin_button_text">Prisijungti</string>
    <string name="common_signin_button_text_long">Prisijungti naudojant „Google“</string>
    <string name="error_icon_content_description">Klaida</string>
    <string name="exo_controls_fastforward_description">Sukti pirmyn</string>
    <string name="exo_controls_hide">Slėpti leistuvės valdiklius</string>
    <string name="exo_controls_next_description">Kitas</string>
    <string name="exo_controls_pause_description">Pristabdyti</string>
    <string name="exo_controls_play_description">Leisti</string>
    <string name="exo_controls_previous_description">Ankstesnės</string>
    <string name="exo_controls_repeat_all_description">Dabart. rež.: kart. viską. Perj. pakart. r.</string>
    <string name="exo_controls_repeat_off_description">Dabart. rež.: nekart. nieko. Perj. pakart. r.</string>
    <string name="exo_controls_repeat_one_description">Dabart. rež.: kart. vieną. Perj. pakart. r.</string>
    <string name="exo_controls_rewind_description">Sukti atgal</string>
    <string name="exo_controls_show">Rodyti leistuvės valdiklius</string>
    <string name="exo_controls_shuffle_off_description">Įgalinti maišymo režimą</string>
    <string name="exo_controls_shuffle_on_description">Išjungti maišymo režimą</string>
    <string name="exo_controls_vr_description">VR režimas</string>
    <string name="exo_item_list">%1$s, %2$s</string>
    <string name="exo_track_bitrate">%1$.2f Mb/s</string>
    <string name="exo_track_mono">Monofoninis</string>
    <string name="exo_track_resolution">%1$d × %2$d</string>
    <string name="exo_track_role_alternate">Alternatyvus</string>
    <string name="exo_track_role_closed_captions">Subtitrai</string>
    <string name="exo_track_role_commentary">Komentaras</string>
    <string name="exo_track_role_supplementary">Papildomas</string>
    <string name="exo_track_selection_auto">Automatinė</string>
    <string name="exo_track_selection_none">Nėra</string>
    <string name="exo_track_selection_title_audio">Garso įrašas</string>
    <string name="exo_track_selection_title_text">Tekstas</string>
    <string name="exo_track_selection_title_video">Vaizdo įrašas</string>
    <string name="exo_track_stereo">Stereofoninis</string>
    <string name="exo_track_surround">Erdvinis garsas</string>
    <string name="exo_track_surround_5_point_1">5.1 erdvinis garsas</string>
    <string name="exo_track_surround_7_point_1">7.1 erdvinis garsas</string>
    <string name="exo_track_unknown">Nežinomas</string>
    <string name="exposed_dropdown_menu_content_description">Rodyti išskleidžiamąjį meniu</string>
    <string name="fallback_menu_item_copy_link">Kopijuoti nuorodą</string>
    <string name="fallback_menu_item_open_in_browser">Atidaryti naršyklėje</string>
    <string name="fallback_menu_item_share_link">Bendrinti nuorodą</string>
    <string name="icon_content_description">Dialogo lango piktograma</string>
    <string name="item_view_role_description">Skirtukas</string>
    <string name="material_clock_toggle_content_description">Pasirinkite „iki pietų“ arba „po pietų“</string>
    <string name="material_hour_24h_suffix">%1$s val.</string>
    <string name="material_hour_selection">Pasirinkite valandą</string>
    <string name="material_hour_suffix">%1$s val.</string>
    <string name="material_minute_selection">Pasirinkite minutes</string>
    <string name="material_minute_suffix">%1$s min.</string>
    <string name="material_timepicker_am">AM</string>
    <string name="material_timepicker_clock_mode_description">Laiko įvestį pateikti perjungus į laikrodžio režimą.</string>
    <string name="material_timepicker_hour">Valanda</string>
    <string name="material_timepicker_minute">Minutė</string>
    <string name="material_timepicker_pm">PM</string>
    <string name="material_timepicker_select_time">Pasirinkite laiką</string>
    <string name="material_timepicker_text_input_mode_description">Laiko įvestį pateikti perjungus į teksto įvesties režimą.</string>
    <string name="mtrl_badge_numberless_content_description">Naujas pranešimas</string>
    <string name="mtrl_chip_close_icon_content_description">Pašalinti %1$s</string>
    <string name="mtrl_exceed_max_badge_number_content_description">Naujų pranešimų: daugiau nei %1$d</string>
    <string name="mtrl_picker_a11y_next_month">Pakeisti į kitą mėnesį</string>
    <string name="mtrl_picker_a11y_prev_month">Pakeisti į ankstesnį mėnesį</string>
    <string name="mtrl_picker_cancel">Atšaukti</string>
    <string name="mtrl_picker_confirm">Gerai</string>
    <string name="mtrl_picker_day_of_week_column_header">Dienų stulpelis: %1$s</string>
    <string name="mtrl_picker_navigate_to_year_description">Eiti į %1$s metus</string>
    <string name="mtrl_picker_save">Išsaugoti</string>
    <string name="mtrl_picker_toggle_to_calendar_input_mode">Perjungti į kalendoriaus įvesties režimą</string>
    <string name="mtrl_picker_toggle_to_day_selection">Palieskite, kad perjungtumėte į dienos pasirinkimą</string>
    <string name="mtrl_picker_toggle_to_text_input_mode">Perjungti į teksto įvesties režimą</string>
    <string name="mtrl_picker_toggle_to_year_selection">Palieskite, kad perjungtumėte į metų pasirinkimą</string>
    <string name="mtrl_timepicker_cancel">Atšaukti</string>
    <string name="mtrl_timepicker_confirm">Gerai</string>
    <string name="native_body">Tekstas</string>
    <string name="native_headline">Antraštė</string>
    <string name="native_media_view">Medijos rodinys</string>
    <string name="notifications_permission_confirm">Leisti</string>
    <string name="notifications_permission_decline">Neleisti</string>
    <string name="notifications_permission_title">Leisti programai siųsti jums pranešimus?</string>
    <string name="offline_dialog_image_description">Piktograma</string>
    <string name="offline_dialog_text">Dėkojame, kad domitės.
Pasidalysime daugiau informacijos, kai vėl prisijungsite.</string>
    <string name="offline_notification_title">Vėl esate prisijungę! Tęskime nuo ten, kur baigėme</string>
    <string name="offline_notification_title_with_advertiser">Vėl esate prisijungę! Toliau mokykitės apie „%s“</string>
    <string name="offline_opt_in_confirm">Gerai</string>
    <string name="offline_opt_in_decline">Ne, ačiū</string>
    <string name="offline_opt_in_message">Atsiųsime jums pranešimą su nuoroda į reklamuotojo svetainę.</string>
    <string name="offline_opt_in_title">Atidarykite skelbimą, kai vėl prisijungsite.</string>
    <string name="password_toggle_content_description">Rodyti slaptažodį</string>
    <string name="s1">Išsaugoti vaizdą</string>
    <string name="s2">Leisti skelbimui išsaugoti vaizdą nuotraukų galerijoje?</string>
    <string name="s3">Sutikti</string>
    <string name="s4">Atmesti</string>
    <string name="s5">Sukurti kalendoriaus įvykį</string>
    <string name="s6">Leisti skelbimui sukurti kalendoriaus įvykį?</string>
    <string name="s7">Bandomasis skelbimas</string>
    <string name="search_menu_title">Ieškoti</string>
    <string name="status_bar_notification_info_overflow">999+</string>
    <string name="watermark_label_prefix">„AdMob“ –</string>
</resources>