<?xml version='1.0' encoding='utf-8' ?>
<resources>
    <string name="abc_action_bar_up_description">ზემოთ გადასვლა</string>
    <string name="abc_action_mode_done">მზადაა</string>
    <string name="abc_capital_off">გამორთვა</string>
    <string name="abc_capital_on">ჩართვა</string>
    <string name="abc_menu_alt_shortcut_label">Alt+</string>
    <string name="abc_menu_ctrl_shortcut_label">Ctrl+</string>
    <string name="abc_menu_delete_shortcut_label">delete</string>
    <string name="abc_menu_enter_shortcut_label">enter</string>
    <string name="abc_menu_function_shortcut_label">Function+</string>
    <string name="abc_menu_meta_shortcut_label">Meta+</string>
    <string name="abc_menu_shift_shortcut_label">Shift+</string>
    <string name="abc_menu_space_shortcut_label">შორისი</string>
    <string name="abc_menu_sym_shortcut_label">Sym+</string>
    <string name="abc_prepend_shortcut_label">Menu+</string>
    <string name="abc_search_hint">ძიება…</string>
    <string name="abc_searchview_description_clear">მოთხოვნის გასუფთავება</string>
    <string name="abc_searchview_description_search">ძიება</string>
    <string name="abc_searchview_description_submit">მოთხოვნის გადაგზავნა</string>
    <string name="abc_searchview_description_voice">ხმოვანი ძიება</string>
    <string name="abc_toolbar_collapse_description">ჩაკეცვა</string>
    <string name="bottomsheet_action_collapse">ქვედა ფურცლის ჩაკეცვა</string>
    <string name="bottomsheet_action_expand">ქვედა ფურცლის გაშლა</string>
    <string name="bottomsheet_action_expand_halfway">ნახევრამდე გაფართოება</string>
    <string name="bottomsheet_drag_handle_clicked">ორმაგი შეხება ჩავლების სახელურზე</string>
    <string name="bottomsheet_drag_handle_content_description">სახელური ჩავლებისთვის</string>
    <string name="call_notification_answer_action">პასუხი</string>
    <string name="call_notification_answer_video_action">ვიდეო</string>
    <string name="call_notification_decline_action">უარყოფა</string>
    <string name="call_notification_hang_up_action">გათიშვა</string>
    <string name="call_notification_incoming_text">შემომავალი ზარი</string>
    <string name="call_notification_ongoing_text">მიმდინარე ზარი</string>
    <string name="call_notification_screening_text">შემომავალი ზარების გაცხრილვა</string>
    <string name="character_counter_content_description">შეყვანილია %2$d-დან %1$d სიმბოლო</string>
    <string name="character_counter_overflowed_content_description">გადაჭარბებულია სიმბოლოთა ლიმიტი (%2$d-დან %1$d)</string>
    <string name="clear_text_end_icon_content_description">ტექსტის გასუფთავება</string>
    <string name="common_google_play_services_enable_button">ჩართვა</string>
    <string name="common_google_play_services_enable_text">%1$s ვერ იმუშავებს Google Play Services-ის ჩართვამდე.</string>
    <string name="common_google_play_services_enable_title">Google Play Services-ის ჩართვა</string>
    <string name="common_google_play_services_install_button">ინსტალაცია</string>
    <string name="common_google_play_services_install_text">%1$s ვერ გაეშვება Google Play Services-ის გარეშე, რომელიც აკლია თქვენს მოწყობილობას.</string>
    <string name="common_google_play_services_install_title">Google Play Services-ის ჩამოტვირთვა</string>
    <string name="common_google_play_services_notification_channel_name">Google Play services-ის ხელმისაწვდომობა</string>
    <string name="common_google_play_services_notification_ticker">Google Play Services-ის შეცდომა</string>
    <string name="common_google_play_services_unknown_issue">%1$s-ს Google Play Services-თან პრობლემა შეექმნა. გთხოვთ, ცადოთ ხელახლა.</string>
    <string name="common_google_play_services_unsupported_text">%1$s ვერ გაეშვება Google Play Services-ის გარეშე, რომლებიც მხარდაუჭერელია თქვენი მოწყობილობის მიერ.</string>
    <string name="common_google_play_services_update_button">განახლება</string>
    <string name="common_google_play_services_update_text">%1$s ვერ გაეშვება, თუ Google Play სერვისებს არ განაახლებთ.</string>
    <string name="common_google_play_services_update_title">განაახლეთ Google Play Services</string>
    <string name="common_google_play_services_updating_text">%1$s ვერ გაეშვება Google Play Services-ის გარეშე, რომელთა განახლებაც ამჟამად მიმდინარეობს.</string>
    <string name="common_google_play_services_wear_update_text">საჭიროა Google Play Services-ის ახალი ვერსია. ის მალე განახლდება.</string>
    <string name="common_open_on_phone">ტელეფონში გახსნა</string>
    <string name="common_signin_button_text">შესვლა</string>
    <string name="common_signin_button_text_long">Google-ით შესვლა</string>
    <string name="error_icon_content_description">შეცდომა</string>
    <string name="exo_controls_fastforward_description">წინ გადახვევა</string>
    <string name="exo_controls_hide">დამკვრელის სამართავი ღილაკების დამალვა</string>
    <string name="exo_controls_next_description">შემდეგ</string>
    <string name="exo_controls_pause_description">პაუზა</string>
    <string name="exo_controls_play_description">დაკვრა</string>
    <string name="exo_controls_previous_description">წინა</string>
    <string name="exo_controls_repeat_all_description">მიმდინარე რეჟიმი: ყველას გამეორება. გადართეთ გამეორების რეჟიმი.</string>
    <string name="exo_controls_repeat_off_description">მიმდინარე რეჟიმი: არაფრის გამეორება. გადართეთ გამეორების რეჟიმი.</string>
    <string name="exo_controls_repeat_one_description">მიმდინარე რეჟიმი: ერთის გამეორება. გადართეთ გამეორების რეჟიმი.</string>
    <string name="exo_controls_rewind_description">უკან გადახვევა</string>
    <string name="exo_controls_show">დამკვრელის სამართავი ღილაკების ჩვენება</string>
    <string name="exo_controls_shuffle_off_description">არეულად დაკვრის რეჟიმის ჩართვა</string>
    <string name="exo_controls_shuffle_on_description">არეულად დაკვრის რეჟიმის გათიშვა</string>
    <string name="exo_controls_vr_description">VR რეჟიმი</string>
    <string name="exo_item_list">%1$s, %2$s</string>
    <string name="exo_track_bitrate">%1$.2f მბიტ/წმ</string>
    <string name="exo_track_mono">მონო</string>
    <string name="exo_track_resolution">%1$d × %2$d</string>
    <string name="exo_track_role_alternate">ალტერნატიული</string>
    <string name="exo_track_role_closed_captions">დახურული სუბტიტრები</string>
    <string name="exo_track_role_commentary">კომენტარი</string>
    <string name="exo_track_role_supplementary">დამატებითი</string>
    <string name="exo_track_selection_auto">ავტომატური</string>
    <string name="exo_track_selection_none">არცერთი</string>
    <string name="exo_track_selection_title_audio">აუდიო</string>
    <string name="exo_track_selection_title_text">ტექსტი</string>
    <string name="exo_track_selection_title_video">ვიდეო</string>
    <string name="exo_track_stereo">სტერეო</string>
    <string name="exo_track_surround">მოცულობითი ხმა</string>
    <string name="exo_track_surround_5_point_1">5.1 მოცულობითი ხმა</string>
    <string name="exo_track_surround_7_point_1">7.1 მოცულობითი ხმა</string>
    <string name="exo_track_unknown">უცნობი</string>
    <string name="exposed_dropdown_menu_content_description">ჩამოსაშლელი მენიუს ჩვენება</string>
    <string name="fallback_menu_item_copy_link">ბმულის კოპირება</string>
    <string name="fallback_menu_item_open_in_browser">ბრაუზერში გახსნა</string>
    <string name="fallback_menu_item_share_link">ბმულის გაზიარება</string>
    <string name="icon_content_description">დიალოგის ხატულა</string>
    <string name="item_view_role_description">ჩანართი</string>
    <string name="material_clock_toggle_content_description">აირჩიეთ AM ან PM</string>
    <string name="material_hour_24h_suffix">%1$s საათი</string>
    <string name="material_hour_selection">აირჩიეთ საათი</string>
    <string name="material_hour_suffix">%1$s საათი</string>
    <string name="material_minute_selection">აირჩიეთ წუთები</string>
    <string name="material_minute_suffix">%1$s წუთი</string>
    <string name="material_timepicker_am">AM</string>
    <string name="material_timepicker_clock_mode_description">დროის შეყვანისთვის საათის რეჟიმზე გადართვა.</string>
    <string name="material_timepicker_hour">საათი</string>
    <string name="material_timepicker_minute">წუთი</string>
    <string name="material_timepicker_pm">PM</string>
    <string name="material_timepicker_select_time">აირჩიეთ დრო</string>
    <string name="material_timepicker_text_input_mode_description">დროის შეყვანისთვის ტექსტის შეყვანის რეჟიმზე გადართვა.</string>
    <string name="mtrl_badge_numberless_content_description">ახალი შეტყობინება</string>
    <string name="mtrl_chip_close_icon_content_description">%1$s-ის ამოშლა</string>
    <string name="mtrl_exceed_max_badge_number_content_description">%1$d-ზე მეტი ახალი შეტყობინება</string>
    <string name="mtrl_picker_a11y_next_month">შემდეგ თვეზე გადასვლა</string>
    <string name="mtrl_picker_a11y_prev_month">წინა თვეზე გადასვლა</string>
    <string name="mtrl_picker_cancel">გაუქმება</string>
    <string name="mtrl_picker_confirm">კარგი</string>
    <string name="mtrl_picker_day_of_week_column_header">დღეების სვეტი: %1$s</string>
    <string name="mtrl_picker_navigate_to_year_description">%1$s წელზე ნავიგაცია</string>
    <string name="mtrl_picker_save">შენახვა</string>
    <string name="mtrl_picker_toggle_to_calendar_input_mode">კალენდარში შეყვანის რეჟიმზე გადართვა</string>
    <string name="mtrl_picker_toggle_to_day_selection">შეეხეთ დღის არჩევაზე გადასართავად</string>
    <string name="mtrl_picker_toggle_to_text_input_mode">ტექსტის შეყვანის რეჟიმზე გადართვა</string>
    <string name="mtrl_picker_toggle_to_year_selection">შეეხეთ წლის არჩევაზე გადასართავად</string>
    <string name="mtrl_timepicker_cancel">გაუქმება</string>
    <string name="mtrl_timepicker_confirm">კარგი</string>
    <string name="native_body">ძირითადი ტექსტი</string>
    <string name="native_headline">სათაური</string>
    <string name="native_media_view">მედიაპანელი</string>
    <string name="notifications_permission_confirm">დაშვება</string>
    <string name="notifications_permission_decline">უარყოფა</string>
    <string name="notifications_permission_title">ნებას დართავთ აპს, გამოგიგზავნოთ შეტყობინებები?</string>
    <string name="offline_dialog_image_description">ხატულა</string>
    <string name="offline_dialog_text">გმადლობთ დაინტერესებისთვის.
ჩვენ კვლავ გაგიზიარებთ, როგორც კი ონლაინ დაბრუნდებით.</string>
    <string name="offline_notification_title">თქვენ კვლავ ონლაინ ხართ! გავაგრძელოთ იქიდან, სადაც შევჩერდით</string>
    <string name="offline_notification_title_with_advertiser">თქვენ კვლავ ონლაინ ხართ! განაგრძეთ %s-ის გაცნობა</string>
    <string name="offline_opt_in_confirm">კარგი</string>
    <string name="offline_opt_in_decline">არა, გმადლობთ</string>
    <string name="offline_opt_in_message">ჩვენ გამოგიგზავნით შეტყობინებას რეკლამის განმთავსების საიტის ბმულით.</string>
    <string name="offline_opt_in_title">გახსენით რეკლამა, როდესაც ონლაინ დაბრუნდებით.</string>
    <string name="password_toggle_content_description">პაროლის ჩვენება</string>
    <string name="s1">სურათის შენახვა</string>
    <string name="s2">აძლევთ ნებას რეკლამას, შეინახოს სურათი გალერეაში?</string>
    <string name="s3">მიღება</string>
    <string name="s4">უარყოფა</string>
    <string name="s5">კალენდარში მოვლენის შექმნა</string>
    <string name="s6">აძლევთ ნებას რეკლამას, შექმნას მოვლენა კალენდარში?</string>
    <string name="s7">სატესტო რეკლამა</string>
    <string name="search_menu_title">ძიება</string>
    <string name="status_bar_notification_info_overflow">999+</string>
    <string name="watermark_label_prefix">AdMob -</string>
</resources>