<?xml version='1.0' encoding='utf-8' ?>
<resources>
    <string name="abc_action_bar_up_description">Перайсці ўверх</string>
    <string name="abc_action_mode_done">Гатова</string>
    <string name="abc_capital_off">ВЫКЛ.</string>
    <string name="abc_capital_on">УКЛ.</string>
    <string name="abc_menu_alt_shortcut_label">Alt +</string>
    <string name="abc_menu_ctrl_shortcut_label">Ctrl +</string>
    <string name="abc_menu_delete_shortcut_label">Delete</string>
    <string name="abc_menu_enter_shortcut_label">Enter</string>
    <string name="abc_menu_function_shortcut_label">Fn +</string>
    <string name="abc_menu_meta_shortcut_label">Meta +</string>
    <string name="abc_menu_shift_shortcut_label">Shift +</string>
    <string name="abc_menu_space_shortcut_label">Прабел</string>
    <string name="abc_menu_sym_shortcut_label">Sym +</string>
    <string name="abc_prepend_shortcut_label">Меню +</string>
    <string name="abc_search_hint">Пошук…</string>
    <string name="abc_searchview_description_clear">Выдаліць запыт</string>
    <string name="abc_searchview_description_search">Пошук</string>
    <string name="abc_searchview_description_submit">Адправіць запыт</string>
    <string name="abc_searchview_description_voice">Галасавы пошук</string>
    <string name="abc_toolbar_collapse_description">Згарнуць</string>
    <string name="bottomsheet_action_collapse">Згарнуць ніжні аркуш</string>
    <string name="bottomsheet_action_expand">Разгарнуць ніжні аркуш</string>
    <string name="bottomsheet_action_expand_halfway">Разгарнуць напалову</string>
    <string name="bottomsheet_drag_handle_clicked">Маркер перацягвання націснуты двойчы</string>
    <string name="bottomsheet_drag_handle_content_description">Маркер перацягвання</string>
    <string name="call_notification_answer_action">Адказаць</string>
    <string name="call_notification_answer_video_action">Відэа</string>
    <string name="call_notification_decline_action">Адхіліць</string>
    <string name="call_notification_hang_up_action">Завяршыць</string>
    <string name="call_notification_incoming_text">Уваходны выклік</string>
    <string name="call_notification_ongoing_text">Бягучы выклік</string>
    <string name="call_notification_screening_text">Фільтраванне ўваходнага выкліку</string>
    <string name="character_counter_content_description">Уведзена сімвалаў: %1$d з %2$d</string>
    <string name="character_counter_overflowed_content_description">Абмежаванне колькасці сімвалаў перавышана: %1$d з %2$d</string>
    <string name="clear_text_end_icon_content_description">Ачысціць тэкст</string>
    <string name="common_google_play_services_enable_button">Уключыць</string>
    <string name="common_google_play_services_enable_text">%1$s не будзе працаваць, пакуль вы не ўключыце службы Google Play.</string>
    <string name="common_google_play_services_enable_title">Уключыць службы Google Play</string>
    <string name="common_google_play_services_install_button">Усталяваць</string>
    <string name="common_google_play_services_install_text">%1$s не будзе працаваць без службаў Google Play, якія адсутнічаюць на вашай прыладзе.</string>
    <string name="common_google_play_services_install_title">Атрымаць службы Google Play</string>
    <string name="common_google_play_services_notification_channel_name">Даступнасць сэрвісаў Google Play</string>
    <string name="common_google_play_services_notification_ticker">Памылка службаў Google Play</string>
    <string name="common_google_play_services_unknown_issue">У праграмы %1$s узніклі праблемы са службамі Google Play. Паўтарыце спробу.</string>
    <string name="common_google_play_services_unsupported_text">%1$s не будзе працаваць без службаў Google Play, якія не падтрымліваюцца вашай прыладай.</string>
    <string name="common_google_play_services_update_button">Абнавіць</string>
    <string name="common_google_play_services_update_text">%1$s не будзе працаваць, пакуль вы не абновіце службы Google Play.</string>
    <string name="common_google_play_services_update_title">Абнаўленне службаў Google Play</string>
    <string name="common_google_play_services_updating_text">%1$s не будзе працаваць без службаў Google Play, якія ў цяперашні час абнаўляюцца.</string>
    <string name="common_google_play_services_wear_update_text">Патрабуецца новая версія служб Google Play. Яна абновіцца аўтаматычна ў бліжэйшы час.</string>
    <string name="common_open_on_phone">Адкрыць на тэлефоне</string>
    <string name="common_signin_button_text">Увайсцi</string>
    <string name="common_signin_button_text_long">Увайсці праз Google</string>
    <string name="error_icon_content_description">Памылка</string>
    <string name="exo_controls_fastforward_description">Пераматаць уперад</string>
    <string name="exo_controls_hide">Схаваць элементы кіравання прайгравальніка</string>
    <string name="exo_controls_next_description">Далей</string>
    <string name="exo_controls_pause_description">Паўза</string>
    <string name="exo_controls_play_description">Гуляць</string>
    <string name="exo_controls_previous_description">Назад</string>
    <string name="exo_controls_repeat_all_description">Цяпер: паўтараць усё. Змяніць.</string>
    <string name="exo_controls_repeat_off_description">Цяпер: без паўтораў. Змяніць.</string>
    <string name="exo_controls_repeat_one_description">Цяпер: паўтараць фрагмент. Змяніць.</string>
    <string name="exo_controls_rewind_description">Пераматаць назад</string>
    <string name="exo_controls_show">Паказаць элементы кіравання прайгравальніка</string>
    <string name="exo_controls_shuffle_off_description">Уключыць рэжым перамешвання</string>
    <string name="exo_controls_shuffle_on_description">Выключыць рэжым перамешвання</string>
    <string name="exo_controls_vr_description">VR-рэжым</string>
    <string name="exo_item_list">%1$s, %2$s</string>
    <string name="exo_track_bitrate">%1$.2f Мбіт/с</string>
    <string name="exo_track_mono">Мона</string>
    <string name="exo_track_resolution">%1$d × %2$d</string>
    <string name="exo_track_role_alternate">Альтэрнатыўны запіс</string>
    <string name="exo_track_role_closed_captions">Субцітры</string>
    <string name="exo_track_role_commentary">Каментарыі</string>
    <string name="exo_track_role_supplementary">Дадатковы запіс</string>
    <string name="exo_track_selection_auto">Аўтаматычна</string>
    <string name="exo_track_selection_none">Няма</string>
    <string name="exo_track_selection_title_audio">Аўдыя</string>
    <string name="exo_track_selection_title_text">Тэкст</string>
    <string name="exo_track_selection_title_video">Відэа</string>
    <string name="exo_track_stereo">Стэрэа</string>
    <string name="exo_track_surround">Аб'ёмны гук</string>
    <string name="exo_track_surround_5_point_1">Аб'ёмны гук 5.1</string>
    <string name="exo_track_surround_7_point_1">Аб'ёмны гук 7.1</string>
    <string name="exo_track_unknown">Невядома</string>
    <string name="exposed_dropdown_menu_content_description">Паказаць выпадное меню</string>
    <string name="fallback_menu_item_copy_link">Скапіраваць спасылку</string>
    <string name="fallback_menu_item_open_in_browser">Адкрыць у браўзеры</string>
    <string name="fallback_menu_item_share_link">Абагуліць спасылку</string>
    <string name="icon_content_description">Значок дыялогавага акна</string>
    <string name="item_view_role_description">Укладка</string>
    <string name="material_clock_toggle_content_description">Выберыце AM (да паўдня) або PM (пасля паўдня)</string>
    <string name="material_hour_24h_suffix">%1$s гадз</string>
    <string name="material_hour_selection">Выберыце гадзіну</string>
    <string name="material_hour_suffix">%1$s гадз</string>
    <string name="material_minute_selection">Выберыце хвіліны</string>
    <string name="material_minute_suffix">%1$s хв</string>
    <string name="material_timepicker_am">AM</string>
    <string name="material_timepicker_clock_mode_description">Пераключыцца на рэжым гадзінніка пры ўводзе часу.</string>
    <string name="material_timepicker_hour">Гадзіна</string>
    <string name="material_timepicker_minute">Хвіліна</string>
    <string name="material_timepicker_pm">PM</string>
    <string name="material_timepicker_select_time">Выберыце час</string>
    <string name="material_timepicker_text_input_mode_description">Пераключыцца на рэжым тэксту пры ўводзе часу.</string>
    <string name="mtrl_badge_numberless_content_description">Новае апавяшчэнне</string>
    <string name="mtrl_chip_close_icon_content_description">Выдаліць %1$s</string>
    <string name="mtrl_exceed_max_badge_number_content_description">Колькасць новых апавяшчэнняў перавысіла %1$d</string>
    <string name="mtrl_picker_a11y_next_month">Перайсці да наступнага месяца</string>
    <string name="mtrl_picker_a11y_prev_month">Перайсці да папярэдняга месяца</string>
    <string name="mtrl_picker_cancel">Скасаваць</string>
    <string name="mtrl_picker_confirm">ОК</string>
    <string name="mtrl_picker_day_of_week_column_header">Слупок дзён: %1$s</string>
    <string name="mtrl_picker_navigate_to_year_description">Перайсці ў %1$s год</string>
    <string name="mtrl_picker_save">Захаваць</string>
    <string name="mtrl_picker_toggle_to_calendar_input_mode">Пераключыцца ў рэжым уводу "Каляндар"</string>
    <string name="mtrl_picker_toggle_to_day_selection">Дакраніцеся, каб пераключыцца на выбар дня</string>
    <string name="mtrl_picker_toggle_to_text_input_mode">Пераключыцца ў рэжым уводу "Тэкст"</string>
    <string name="mtrl_picker_toggle_to_year_selection">Дакраніцеся, каб пераключыцца на выбар года</string>
    <string name="mtrl_timepicker_cancel">Скасаваць</string>
    <string name="mtrl_timepicker_confirm">ОК</string>
    <string name="native_body">Тэкст паведамлення</string>
    <string name="native_headline">Загаловак</string>
    <string name="native_media_view">Цэнтр мультымедыя</string>
    <string name="notifications_permission_confirm">Дазволіць</string>
    <string name="notifications_permission_decline">Не дазваляць</string>
    <string name="notifications_permission_title">Дазволіць праграме адпраўляць вам паведамленні?</string>
    <string name="offline_dialog_image_description">Значок</string>
    <string name="offline_dialog_text">Дзякуй за праяўлены інтарэс!
Мы абагулім з вамі больш інфармацыі, калі вы зноў падключыцеся да інтэрнэту.</string>
    <string name="offline_notification_title">Падключэнне да інтэрнэту адноўлена. Давайце працягнем з таго месца, дзе спыніліся</string>
    <string name="offline_notification_title_with_advertiser">Падключэнне да інтэрнэту адноўлена. Даведайцеся больш пра рэкламадаўцу "%s"</string>
    <string name="offline_opt_in_confirm">ОК</string>
    <string name="offline_opt_in_decline">Не, дзякуй</string>
    <string name="offline_opt_in_message">Мы адправім вам апавяшчэнне са спасылкай на сайт рэкламадаўцы.</string>
    <string name="offline_opt_in_title">Адкрыйце рэкламу, калі зноў падключыцеся да інтэрнэту.</string>
    <string name="password_toggle_content_description">Паказаць пароль</string>
    <string name="s1">Захаваць відарыс</string>
    <string name="s2">Дазволіць рэкламе захоўваць відарыс у Галерэі відарысаў?</string>
    <string name="s3">Прыняць</string>
    <string name="s4">Адхіліць</string>
    <string name="s5">Стварыць падзею календара</string>
    <string name="s6">Дазволіць рэкламе стварыць падзею календара?</string>
    <string name="s7">Тэставая рэклама</string>
    <string name="search_menu_title">Пошук</string>
    <string name="status_bar_notification_info_overflow">999+</string>
    <string name="watermark_label_prefix">AdMob -</string>
</resources>