<?xml version='1.0' encoding='utf-8' ?>
<resources>
    <string name="abc_action_bar_up_description">Vai cara arriba</string>
    <string name="abc_action_mode_done">Feito</string>
    <string name="abc_capital_off">DESACTIVADO</string>
    <string name="abc_capital_on">ACTIVADO</string>
    <string name="abc_menu_alt_shortcut_label">Alt +</string>
    <string name="abc_menu_ctrl_shortcut_label">Ctrl +</string>
    <string name="abc_menu_delete_shortcut_label">eliminar</string>
    <string name="abc_menu_enter_shortcut_label">intro</string>
    <string name="abc_menu_function_shortcut_label">Función +</string>
    <string name="abc_menu_meta_shortcut_label">Meta +</string>
    <string name="abc_menu_shift_shortcut_label">Maiús +</string>
    <string name="abc_menu_space_shortcut_label">espazo</string>
    <string name="abc_menu_sym_shortcut_label">Sym +</string>
    <string name="abc_prepend_shortcut_label">Menú +</string>
    <string name="abc_search_hint">Busca…</string>
    <string name="abc_searchview_description_clear">Borra a consulta</string>
    <string name="abc_searchview_description_search">Realiza buscas</string>
    <string name="abc_searchview_description_submit">Envía a consulta</string>
    <string name="abc_searchview_description_voice">Busca por voz</string>
    <string name="abc_toolbar_collapse_description">Contrae</string>
    <string name="bottomsheet_action_collapse">Contrae o panel inferior</string>
    <string name="bottomsheet_action_expand">Desprega o panel inferior</string>
    <string name="bottomsheet_action_expand_halfway">Despregar ata a metade</string>
    <string name="bottomsheet_drag_handle_clicked">Controlador de arrastre tocado dúas veces</string>
    <string name="bottomsheet_drag_handle_content_description">Controlador de arrastre</string>
    <string name="call_notification_answer_action">Contestar</string>
    <string name="call_notification_answer_video_action">Vídeo</string>
    <string name="call_notification_decline_action">Rexeitar</string>
    <string name="call_notification_hang_up_action">Colgar</string>
    <string name="call_notification_incoming_text">Chamada entrante</string>
    <string name="call_notification_ongoing_text">Chamada en curso</string>
    <string name="call_notification_screening_text">Filtrando chamada entrante</string>
    <string name="character_counter_content_description">Introducíronse %1$d caracteres de %2$d</string>
    <string name="character_counter_overflowed_content_description">Introducíronse %1$d caracteres, pero o límite é de %2$d</string>
    <string name="clear_text_end_icon_content_description">Borra texto</string>
    <string name="common_google_play_services_enable_button">Activar</string>
    <string name="common_google_play_services_enable_text">%1$s non funcionará a menos que actives os servizos de Google Play.</string>
    <string name="common_google_play_services_enable_title">Activar servizos de Google Play</string>
    <string name="common_google_play_services_install_button">Instalar</string>
    <string name="common_google_play_services_install_text">%1$s non se executará se o teu dispositivo non ten instalados os servizos de Google Play.</string>
    <string name="common_google_play_services_install_title">Descargar servizos de Google Play</string>
    <string name="common_google_play_services_notification_channel_name">Dispoñibilidade dos servizos de Play</string>
    <string name="common_google_play_services_notification_ticker">Erro nos servizos de Google Play</string>
    <string name="common_google_play_services_unknown_issue">%1$s ten problemas cos servizos de Google Play. Téntao de novo.</string>
    <string name="common_google_play_services_unsupported_text">%1$s non se executará sen os servizos de Google Play, que non son compatibles co teu dispositivo.</string>
    <string name="common_google_play_services_update_button">Actualizar</string>
    <string name="common_google_play_services_update_text">%1$s non se executará a menos que actualices os servizos de Google Play.</string>
    <string name="common_google_play_services_update_title">Actualizar os servizos de Google Play</string>
    <string name="common_google_play_services_updating_text">%1$s non se executará sen os servizos de Google Play, que se están actualizando neste momento.</string>
    <string name="common_google_play_services_wear_update_text">Necesítase a nova versión dos servizos de Google Play. Actualizarase en breve.</string>
    <string name="common_open_on_phone">Abrir no teléfono</string>
    <string name="common_signin_button_text">Iniciar sesión</string>
    <string name="common_signin_button_text_long">Iniciar sesión con Google</string>
    <string name="error_icon_content_description">Produciuse un erro</string>
    <string name="exo_controls_fastforward_description">Avance rápido</string>
    <string name="exo_controls_hide">Ocultar controis do reprodutor</string>
    <string name="exo_controls_next_description">Seguinte</string>
    <string name="exo_controls_pause_description">Pausar</string>
    <string name="exo_controls_play_description">Reproducir</string>
    <string name="exo_controls_previous_description">Anterior</string>
    <string name="exo_controls_repeat_all_description">Modo actual: Repetir todas as pistas. Alternar modo de repetición.</string>
    <string name="exo_controls_repeat_off_description">Modo actual: Non repetir. Alternar modo de repetición.</string>
    <string name="exo_controls_repeat_one_description">Modo actual: Repetir unha pista. Alternar modo de repetición.</string>
    <string name="exo_controls_rewind_description">Retroceder</string>
    <string name="exo_controls_show">Mostrar controis do reprodutor</string>
    <string name="exo_controls_shuffle_off_description">Activar modo de reprodución aleatoria</string>
    <string name="exo_controls_shuffle_on_description">Desactivar modo de reprodución aleatoria</string>
    <string name="exo_controls_vr_description">Modo RV</string>
    <string name="exo_item_list">%1$s, %2$s</string>
    <string name="exo_track_bitrate">%1$.2f Mbps</string>
    <string name="exo_track_mono">Mono</string>
    <string name="exo_track_resolution">%1$d × %2$d</string>
    <string name="exo_track_role_alternate">Alternativa</string>
    <string name="exo_track_role_closed_captions">Subtítulos</string>
    <string name="exo_track_role_commentary">Comentarios</string>
    <string name="exo_track_role_supplementary">Complementaria</string>
    <string name="exo_track_selection_auto">Pista automática</string>
    <string name="exo_track_selection_none">Ningunha pista</string>
    <string name="exo_track_selection_title_audio">Audio</string>
    <string name="exo_track_selection_title_text">Texto</string>
    <string name="exo_track_selection_title_video">Vídeo</string>
    <string name="exo_track_stereo">Estéreo</string>
    <string name="exo_track_surround">Son envolvente</string>
    <string name="exo_track_surround_5_point_1">Son envolvente 5.1</string>
    <string name="exo_track_surround_7_point_1">Son envolvente 7.1</string>
    <string name="exo_track_unknown">Descoñecido</string>
    <string name="exposed_dropdown_menu_content_description">Mostra o menú despregable</string>
    <string name="fallback_menu_item_copy_link">Copiar ligazón</string>
    <string name="fallback_menu_item_open_in_browser">Abrir no navegador</string>
    <string name="fallback_menu_item_share_link">Compartir ligazón</string>
    <string name="icon_content_description">Icona de cadro de diálogo</string>
    <string name="item_view_role_description">Pestana</string>
    <string name="material_clock_toggle_content_description">Seleccionar a.m. ou p.m.</string>
    <string name="material_hour_24h_suffix">%1$s horas</string>
    <string name="material_hour_selection">Seleccionar hora</string>
    <string name="material_hour_suffix">%1$s en punto</string>
    <string name="material_minute_selection">Seleccionar minutos</string>
    <string name="material_minute_suffix">%1$s minutos</string>
    <string name="material_timepicker_am">a.m.</string>
    <string name="material_timepicker_clock_mode_description">Cambiar ao modo de reloxo para introducir a hora.</string>
    <string name="material_timepicker_hour">Hora</string>
    <string name="material_timepicker_minute">Minuto</string>
    <string name="material_timepicker_pm">p.m.</string>
    <string name="material_timepicker_select_time">Seleccionar hora</string>
    <string name="material_timepicker_text_input_mode_description">Cambia ao modo de introdución de texto para introducir a hora.</string>
    <string name="mtrl_badge_numberless_content_description">Notificación nova</string>
    <string name="mtrl_chip_close_icon_content_description">Quita %1$s</string>
    <string name="mtrl_exceed_max_badge_number_content_description">Máis de %1$d notificacións novas</string>
    <string name="mtrl_picker_a11y_next_month">Cambiar ao mes seguinte</string>
    <string name="mtrl_picker_a11y_prev_month">Cambiar ao mes anterior</string>
    <string name="mtrl_picker_cancel">Cancelar</string>
    <string name="mtrl_picker_confirm">Aceptar</string>
    <string name="mtrl_picker_day_of_week_column_header">Columna de días: %1$s</string>
    <string name="mtrl_picker_navigate_to_year_description">Ir ao ano %1$s</string>
    <string name="mtrl_picker_save">Gardar</string>
    <string name="mtrl_picker_toggle_to_calendar_input_mode">Cambiar ao modo de entrada de calendario</string>
    <string name="mtrl_picker_toggle_to_day_selection">Tocar para cambiar a selección de día</string>
    <string name="mtrl_picker_toggle_to_text_input_mode">Cambiar ao modo de introdución de texto</string>
    <string name="mtrl_picker_toggle_to_year_selection">Tocar para cambiar a selección de ano</string>
    <string name="mtrl_timepicker_cancel">Cancelar</string>
    <string name="mtrl_timepicker_confirm">Aceptar</string>
    <string name="native_body">Corpo</string>
    <string name="native_headline">Título</string>
    <string name="native_media_view">Controis multimedia</string>
    <string name="notifications_permission_confirm">Permitir</string>
    <string name="notifications_permission_decline">Non permitir</string>
    <string name="notifications_permission_title">Queres permitir que a aplicación che envíe notificacións?</string>
    <string name="offline_dialog_image_description">Icona</string>
    <string name="offline_dialog_text">Grazas polo teu interese.
Darémosche máis información cando volvas estar en liña.</string>
    <string name="offline_notification_title">Volves estar en liña. Continúa desde o punto onde o deixaches</string>
    <string name="offline_notification_title_with_advertiser">Volves estar en liña. Continúa informándote sobre %s</string>
    <string name="offline_opt_in_confirm">Si</string>
    <string name="offline_opt_in_decline">Non</string>
    <string name="offline_opt_in_message">Enviarémosche unha notificación cunha ligazón ao sitio do anunciante.</string>
    <string name="offline_opt_in_title">Abrir o anuncio cando volvas estar en liña.</string>
    <string name="password_toggle_content_description">Mostra o contrasinal</string>
    <string name="s1">Gardar imaxe</string>
    <string name="s2">Queres permitir que o anuncio almacene imaxes na galería de imaxes?</string>
    <string name="s3">Aceptar</string>
    <string name="s4">Rexeitar</string>
    <string name="s5">Crear evento do calendario</string>
    <string name="s6">Queres permitir que o anuncio cree un evento do calendario?</string>
    <string name="s7">Probar anuncio</string>
    <string name="search_menu_title">Buscar</string>
    <string name="status_bar_notification_info_overflow">&gt;999</string>
    <string name="watermark_label_prefix">AdMob:</string>
</resources>