<?xml version='1.0' encoding='utf-8' ?>
<resources>
    <string name="abc_action_bar_up_description">Navigate up</string>
    <string name="abc_action_mode_done">Done</string>
    <string name="abc_capital_off">OFF</string>
    <string name="abc_capital_on">ON</string>
    <string name="abc_menu_alt_shortcut_label">Alt+</string>
    <string name="abc_menu_ctrl_shortcut_label">Ctrl+</string>
    <string name="abc_menu_delete_shortcut_label">delete</string>
    <string name="abc_menu_enter_shortcut_label">enter</string>
    <string name="abc_menu_function_shortcut_label">Function+</string>
    <string name="abc_menu_meta_shortcut_label">Meta+</string>
    <string name="abc_menu_shift_shortcut_label">Shift+</string>
    <string name="abc_menu_space_shortcut_label">space</string>
    <string name="abc_menu_sym_shortcut_label">Sym+</string>
    <string name="abc_prepend_shortcut_label">Menu+</string>
    <string name="abc_search_hint">Search…</string>
    <string name="abc_searchview_description_clear">Clear query</string>
    <string name="abc_searchview_description_search">Search</string>
    <string name="abc_searchview_description_submit">Submit query</string>
    <string name="abc_searchview_description_voice">Voice search</string>
    <string name="abc_toolbar_collapse_description">Collapse</string>
    <string name="call_notification_answer_action">Answer</string>
    <string name="call_notification_answer_video_action">Video</string>
    <string name="call_notification_decline_action">Decline</string>
    <string name="call_notification_hang_up_action">Hang Up</string>
    <string name="call_notification_incoming_text">Incoming call</string>
    <string name="call_notification_ongoing_text">Ongoing call</string>
    <string name="call_notification_screening_text">Screening an incoming call</string>
    <string name="fallback_menu_item_copy_link">Copy link</string>
    <string name="fallback_menu_item_open_in_browser">Open in browser</string>
    <string name="fallback_menu_item_share_link">Share link</string>
    <string name="search_menu_title">Search</string>
    <string name="status_bar_notification_info_overflow">999+</string>
</resources>