<?xml version='1.0' encoding='utf-8' ?>
<resources>
    <string name="abc_action_bar_up_description">Navegar hacia arriba</string>
    <string name="abc_action_mode_done">Listo</string>
    <string name="abc_capital_off">DESACTIVAR</string>
    <string name="abc_capital_on">ACTIVAR</string>
    <string name="abc_menu_alt_shortcut_label">Alt+</string>
    <string name="abc_menu_ctrl_shortcut_label">Ctrl+</string>
    <string name="abc_menu_delete_shortcut_label">borrar</string>
    <string name="abc_menu_enter_shortcut_label">intro</string>
    <string name="abc_menu_function_shortcut_label">Función+</string>
    <string name="abc_menu_meta_shortcut_label">Meta+</string>
    <string name="abc_menu_shift_shortcut_label">Mayúscula+</string>
    <string name="abc_menu_space_shortcut_label">espacio</string>
    <string name="abc_menu_sym_shortcut_label">Sym+</string>
    <string name="abc_prepend_shortcut_label">Menú+</string>
    <string name="abc_search_hint">Buscar…</string>
    <string name="abc_searchview_description_clear">Borrar consulta</string>
    <string name="abc_searchview_description_search">Buscar</string>
    <string name="abc_searchview_description_submit">Enviar consulta</string>
    <string name="abc_searchview_description_voice">Búsqueda por voz</string>
    <string name="abc_toolbar_collapse_description">Contraer</string>
    <string name="bottomsheet_action_collapse">Contraer la hoja inferior</string>
    <string name="bottomsheet_action_expand">Expandir la hoja inferior</string>
    <string name="bottomsheet_action_expand_halfway">Expandir hasta la mitad</string>
    <string name="bottomsheet_drag_handle_clicked">El control de arrastre se presionó dos veces</string>
    <string name="bottomsheet_drag_handle_content_description">Controlador de arrastre</string>
    <string name="call_notification_answer_action">Responder</string>
    <string name="call_notification_answer_video_action">Video</string>
    <string name="call_notification_decline_action">Rechazar</string>
    <string name="call_notification_hang_up_action">Colgar</string>
    <string name="call_notification_incoming_text">Llamada entrante</string>
    <string name="call_notification_ongoing_text">Llamada en curso</string>
    <string name="call_notification_screening_text">Filtrando una llamada entrante</string>
    <string name="character_counter_content_description">Caracteres ingresados: %1$d de %2$d</string>
    <string name="character_counter_overflowed_content_description">Se excedió en %1$d el límite de caracteres de %2$d</string>
    <string name="clear_text_end_icon_content_description">Borrar texto</string>
    <string name="common_google_play_services_enable_button">Habilitar</string>
    <string name="common_google_play_services_enable_text">%1$s no funcionará a menos que habilites los servicios de Google Play.</string>
    <string name="common_google_play_services_enable_title">Habilitar servicios de Google Play</string>
    <string name="common_google_play_services_install_button">Instalar</string>
    <string name="common_google_play_services_install_text">%1$s no se ejecutará si los Servicios de Google Play no están instalados en tu dispositivo.</string>
    <string name="common_google_play_services_install_title">Obtener servicios de Google Play</string>
    <string name="common_google_play_services_notification_channel_name">Disp. de los Servicios de Google‌‌‌ Play</string>
    <string name="common_google_play_services_notification_ticker">Error de Google Play Services</string>
    <string name="common_google_play_services_unknown_issue">%1$s tiene problemas con los servicios de Google Play. Vuelve a intentarlo.</string>
    <string name="common_google_play_services_unsupported_text">%1$s no se ejecutará sin los servicios de Google Play, que no son compatibles con tu dispositivo.</string>
    <string name="common_google_play_services_update_button">Actualizar</string>
    <string name="common_google_play_services_update_text">%1$s no se ejecutará a menos que actualices los servicios de Google Play.</string>
    <string name="common_google_play_services_update_title">Actualizar servicios de Google Play</string>
    <string name="common_google_play_services_updating_text">%1$s no se ejecutará sin los servicios de Google Play. La plataforma se está actualizando en este momento.</string>
    <string name="common_google_play_services_wear_update_text">Se necesita una nueva versión de los servicios de Google Play. Se actualizarán automáticamente en breve.</string>
    <string name="common_open_on_phone">Abrir en el teléfono</string>
    <string name="common_signin_button_text">Acceder</string>
    <string name="common_signin_button_text_long">Acceder con Google</string>
    <string name="error_icon_content_description">Error</string>
    <string name="exo_controls_fastforward_description">Avanzar</string>
    <string name="exo_controls_hide">Ocultar controles del reproductor</string>
    <string name="exo_controls_next_description">Siguiente</string>
    <string name="exo_controls_pause_description">Pausar</string>
    <string name="exo_controls_play_description">Reproducir</string>
    <string name="exo_controls_previous_description">Anterior</string>
    <string name="exo_controls_repeat_all_description">Ahora: rep. todo. Cambia modo.</string>
    <string name="exo_controls_repeat_off_description">Ahora: no repite. Cambia modo.</string>
    <string name="exo_controls_repeat_one_description">Ahora: repetir 1. Cambia modo.</string>
    <string name="exo_controls_rewind_description">Retroceder</string>
    <string name="exo_controls_show">Mostrar controles del reproductor</string>
    <string name="exo_controls_shuffle_off_description">Habilitar reproducción aleatoria</string>
    <string name="exo_controls_shuffle_on_description">Inhabilitar reproducción aleatoria</string>
    <string name="exo_controls_vr_description">Modo RV</string>
    <string name="exo_item_list">%1$s, %2$s</string>
    <string name="exo_track_bitrate">%1$.2f Mbps</string>
    <string name="exo_track_mono">Mono</string>
    <string name="exo_track_resolution">%1$d × %2$d</string>
    <string name="exo_track_role_alternate">Alternativa</string>
    <string name="exo_track_role_closed_captions">CC</string>
    <string name="exo_track_role_commentary">Comentarios</string>
    <string name="exo_track_role_supplementary">Complementaria</string>
    <string name="exo_track_selection_auto">Automática</string>
    <string name="exo_track_selection_none">Ninguna</string>
    <string name="exo_track_selection_title_audio">Audio</string>
    <string name="exo_track_selection_title_text">Texto</string>
    <string name="exo_track_selection_title_video">Video</string>
    <string name="exo_track_stereo">Estéreo</string>
    <string name="exo_track_surround">Sonido envolvente</string>
    <string name="exo_track_surround_5_point_1">Sonido envolvente 5.1</string>
    <string name="exo_track_surround_7_point_1">Sonido envolvente 7.1</string>
    <string name="exo_track_unknown">Desconocido</string>
    <string name="exposed_dropdown_menu_content_description">Mostrar menú desplegable</string>
    <string name="fallback_menu_item_copy_link">Copiar vínculo</string>
    <string name="fallback_menu_item_open_in_browser">Abrir en el navegador</string>
    <string name="fallback_menu_item_share_link">Compartir vínculo</string>
    <string name="icon_content_description">Ícono de diálogo</string>
    <string name="item_view_role_description">Pestaña</string>
    <string name="material_clock_toggle_content_description">Selecciona a.m. o p.m.</string>
    <string name="material_hour_24h_suffix">%1$s horas</string>
    <string name="material_hour_selection">Seleccione la hora.</string>
    <string name="material_hour_suffix">%1$s en punto</string>
    <string name="material_minute_selection">Seleccionar minutos</string>
    <string name="material_minute_suffix">%1$s minutos</string>
    <string name="material_timepicker_am">a.m.</string>
    <string name="material_timepicker_clock_mode_description">Cambia al modo de reloj para ingresar la hora.</string>
    <string name="material_timepicker_hour">Hora</string>
    <string name="material_timepicker_minute">Minuto</string>
    <string name="material_timepicker_pm">p.m.</string>
    <string name="material_timepicker_select_time">Seleccionar la hora</string>
    <string name="material_timepicker_text_input_mode_description">Cambia al modo de entrada de texto para ingresar la hora.</string>
    <string name="mtrl_badge_numberless_content_description">Notificación nueva</string>
    <string name="mtrl_chip_close_icon_content_description">Quitar %1$s</string>
    <string name="mtrl_exceed_max_badge_number_content_description">Más de %1$d notificaciones nuevas</string>
    <string name="mtrl_picker_a11y_next_month">Cambiar al mes siguiente</string>
    <string name="mtrl_picker_a11y_prev_month">Cambiar al mes anterior</string>
    <string name="mtrl_picker_cancel">Cancelar</string>
    <string name="mtrl_picker_confirm">Aceptar</string>
    <string name="mtrl_picker_day_of_week_column_header">Columna de días: %1$s</string>
    <string name="mtrl_picker_navigate_to_year_description">Navegar al año %1$s</string>
    <string name="mtrl_picker_save">Guardar</string>
    <string name="mtrl_picker_toggle_to_calendar_input_mode">Cambiar al modo de entrada de calendario</string>
    <string name="mtrl_picker_toggle_to_day_selection">Presiona para seleccionar un día</string>
    <string name="mtrl_picker_toggle_to_text_input_mode">Cambiar al modo de entrada de texto</string>
    <string name="mtrl_picker_toggle_to_year_selection">Presiona para seleccionar un año</string>
    <string name="mtrl_timepicker_cancel">Cancelar</string>
    <string name="mtrl_timepicker_confirm">Aceptar</string>
    <string name="native_body">Cuerpo</string>
    <string name="native_headline">Título</string>
    <string name="native_media_view">Vista del contenido multimedia</string>
    <string name="notifications_permission_confirm">Permitir</string>
    <string name="notifications_permission_decline">No permitir</string>
    <string name="notifications_permission_title">¿Quieres permitir que la app te envíe notificaciones?</string>
    <string name="offline_dialog_image_description">Ícono</string>
    <string name="offline_dialog_text">Gracias por tu interés.
Te compartiremos más información cuando vuelvas a estar en línea.</string>
    <string name="offline_notification_title">Estás en línea nuevamente. Retomemos desde donde lo dejamos</string>
    <string name="offline_notification_title_with_advertiser">Estás en línea nuevamente. Sigue aprendiendo sobre %s</string>
    <string name="offline_opt_in_confirm">Aceptar</string>
    <string name="offline_opt_in_decline">No, gracias</string>
    <string name="offline_opt_in_message">Te enviaremos una notificación con un vínculo al sitio del anunciante.</string>
    <string name="offline_opt_in_title">Abre el anuncio cuando vuelvas a conectarte a Internet</string>
    <string name="password_toggle_content_description">Mostrar contraseña</string>
    <string name="s1">Guardar imagen</string>
    <string name="s2">¿Quieres permitir que el anuncio guarde la imagen en la galería de imágenes?</string>
    <string name="s3">Aceptar</string>
    <string name="s4">Rechazar</string>
    <string name="s5">Crear un evento de calendario</string>
    <string name="s6">¿Quieres permitir que el anuncio cree un evento de calendario?</string>
    <string name="s7">Anuncio de prueba</string>
    <string name="search_menu_title">Buscar</string>
    <string name="status_bar_notification_info_overflow">999+</string>
    <string name="watermark_label_prefix">AdMob -</string>
</resources>