<?xml version='1.0' encoding='utf-8' ?>
<resources>
    <string name="abc_action_bar_up_description">Pārvietoties uz augšu</string>
    <string name="abc_action_mode_done">Gatavs</string>
    <string name="abc_capital_off">IZSLĒGT</string>
    <string name="abc_capital_on">IESLĒGT</string>
    <string name="abc_menu_alt_shortcut_label">Alternēšanas taustiņš +</string>
    <string name="abc_menu_ctrl_shortcut_label">Vadīšanas taustiņš +</string>
    <string name="abc_menu_delete_shortcut_label">dzēšanas taustiņš</string>
    <string name="abc_menu_enter_shortcut_label">ievadīšanas taustiņš</string>
    <string name="abc_menu_function_shortcut_label">Funkcijas taustiņš +</string>
    <string name="abc_menu_meta_shortcut_label">Meta taustiņš +</string>
    <string name="abc_menu_shift_shortcut_label">Pārslēgšanas taustiņš +</string>
    <string name="abc_menu_space_shortcut_label">atstarpes taustiņš</string>
    <string name="abc_menu_sym_shortcut_label">Simbolu taustiņš +</string>
    <string name="abc_prepend_shortcut_label">Poga Izvēlne +</string>
    <string name="abc_search_hint">Meklējiet…</string>
    <string name="abc_searchview_description_clear">Notīrīt vaicājumu</string>
    <string name="abc_searchview_description_search">Meklēt</string>
    <string name="abc_searchview_description_submit">Iesniegt vaicājumu</string>
    <string name="abc_searchview_description_voice">Meklēt ar balsi</string>
    <string name="abc_toolbar_collapse_description">Sakļaut</string>
    <string name="bottomsheet_action_collapse">Sakļaut ekrāna apakšdaļas lapu</string>
    <string name="bottomsheet_action_expand">Izvērst ekrāna apakšdaļas lapu</string>
    <string name="bottomsheet_action_expand_halfway">Izvērst līdz pusei</string>
    <string name="bottomsheet_drag_handle_clicked">Tika veikts dubultskāriens uz vilkšanas tura</string>
    <string name="bottomsheet_drag_handle_content_description">Vilkšanas turis</string>
    <string name="call_notification_answer_action">Atbildēt</string>
    <string name="call_notification_answer_video_action">Video</string>
    <string name="call_notification_decline_action">Noraidīt</string>
    <string name="call_notification_hang_up_action">Pārtraukt</string>
    <string name="call_notification_incoming_text">Ienākošais zvans</string>
    <string name="call_notification_ongoing_text">Pašreizējais zvans</string>
    <string name="call_notification_screening_text">Ienākošā zvana filtrēšana</string>
    <string name="character_counter_content_description">Ievadītās rakstzīmes: %1$d no %2$d</string>
    <string name="character_counter_overflowed_content_description">Pārsniegts rakstzīmju skaita ierobežojums (%1$d no %2$d)</string>
    <string name="clear_text_end_icon_content_description">Notīrīt tekstu</string>
    <string name="common_google_play_services_enable_button">Iespējot</string>
    <string name="common_google_play_services_enable_text">Lai lietotne %1$s darbotos, ir jāiespējo Google Play pakalpojumi.</string>
    <string name="common_google_play_services_enable_title">Google Play pakalpojumu iespējošana</string>
    <string name="common_google_play_services_install_button">Instalēt</string>
    <string name="common_google_play_services_install_text">Lai lietotne %1$s darbotos, ierīcē ir jāinstalē Google Play pakalpojumi.</string>
    <string name="common_google_play_services_install_title">Google Play pakalpojumu iegūšana</string>
    <string name="common_google_play_services_notification_channel_name">Google Play pakalpojumu pieejamība</string>
    <string name="common_google_play_services_notification_ticker">Google Play pakalpojumu kļūda</string>
    <string name="common_google_play_services_unknown_issue">Lietotnē %1$s ir radusies problēma ar Google Play pakalpojumu darbību. Lūdzu, mēģiniet vēlreiz.</string>
    <string name="common_google_play_services_unsupported_text">Lai lietotne %1$s darbotos, ir nepieciešami Google Play pakalpojumi, taču jūsu ierīce tos neatbalsta.</string>
    <string name="common_google_play_services_update_button">Atjaunināt</string>
    <string name="common_google_play_services_update_text">Lai lietotne %1$s darbotos, jums ir jāatjaunina Google Play pakalpojumi.</string>
    <string name="common_google_play_services_update_title">Google Play pakalpojumu atjaunināšana</string>
    <string name="common_google_play_services_updating_text">Lai lietotne %1$s darbotos, ir jāinstalē Google Play pakalpojumi. Pašlaik notiek to atjaunināšana.</string>
    <string name="common_google_play_services_wear_update_text">Ir nepieciešama jauna Google Play pakalpojumu versija. Drīzumā tā tiks instalēta.</string>
    <string name="common_open_on_phone">Atvērt tālrunī</string>
    <string name="common_signin_button_text">Pierakstīties</string>
    <string name="common_signin_button_text_long">Pierakstīties ar Google kontu</string>
    <string name="error_icon_content_description">Kļūda</string>
    <string name="exo_controls_fastforward_description">Pārtīt uz priekšu</string>
    <string name="exo_controls_hide">Slēpt atskaņotāja vadīklas</string>
    <string name="exo_controls_next_description">Nākamais</string>
    <string name="exo_controls_pause_description">Pauzēt</string>
    <string name="exo_controls_play_description">Atskaņot</string>
    <string name="exo_controls_previous_description">Iepriekšējais</string>
    <string name="exo_controls_repeat_all_description">Iesl.: atkārtot visu. Pārslēdziet režīmu.</string>
    <string name="exo_controls_repeat_off_description">Iesl.: neatkārtot nevienu. Pārslēdziet režīmu.</string>
    <string name="exo_controls_repeat_one_description">Iesl.: atkārtot vienu. Pārslēdziet režīmu.</string>
    <string name="exo_controls_rewind_description">Attīt atpakaļ</string>
    <string name="exo_controls_show">Rādīt atskaņotāja vadīklas</string>
    <string name="exo_controls_shuffle_off_description">Iespējot atskaņošanu jauktā secībā</string>
    <string name="exo_controls_shuffle_on_description">Atspējot atskaņošanu jauktā secībā</string>
    <string name="exo_controls_vr_description">VR režīms</string>
    <string name="exo_item_list">%1$s, %2$s</string>
    <string name="exo_track_bitrate">%1$.2f Mb/s</string>
    <string name="exo_track_mono">Mono</string>
    <string name="exo_track_resolution">%1$d × %2$d</string>
    <string name="exo_track_role_alternate">Cits</string>
    <string name="exo_track_role_closed_captions">Slēgtie paraksti</string>
    <string name="exo_track_role_commentary">Komentāri</string>
    <string name="exo_track_role_supplementary">Papildu</string>
    <string name="exo_track_selection_auto">Automātisks</string>
    <string name="exo_track_selection_none">Nav</string>
    <string name="exo_track_selection_title_audio">Audio</string>
    <string name="exo_track_selection_title_text">Teksts</string>
    <string name="exo_track_selection_title_video">Video</string>
    <string name="exo_track_stereo">Stereo</string>
    <string name="exo_track_surround">Ieskaujošā skaņa</string>
    <string name="exo_track_surround_5_point_1">5.1 ieskaujošā skaņa</string>
    <string name="exo_track_surround_7_point_1">7.1 ieskaujošā skaņa</string>
    <string name="exo_track_unknown">Nezināms</string>
    <string name="exposed_dropdown_menu_content_description">Rādīt nolaižamo izvēlni</string>
    <string name="fallback_menu_item_copy_link">Kopēt saiti</string>
    <string name="fallback_menu_item_open_in_browser">Atvērt pārlūkprogrammā</string>
    <string name="fallback_menu_item_share_link">Kopīgot saiti</string>
    <string name="icon_content_description">Dialoglodziņa ikona</string>
    <string name="item_view_role_description">Cilne</string>
    <string name="material_clock_toggle_content_description">Atlasiet “AM” (priekšpusdienā) vai “PM” (pēcpusdienā).</string>
    <string name="material_hour_24h_suffix">%1$s stundas</string>
    <string name="material_hour_selection">Atlasiet stundu</string>
    <string name="material_hour_suffix">plkst. %1$s</string>
    <string name="material_minute_selection">Atlasiet minūtes.</string>
    <string name="material_minute_suffix">%1$s min</string>
    <string name="material_timepicker_am">AM</string>
    <string name="material_timepicker_clock_mode_description">Lai ievadītu laiku, ieslēdziet pulksteņa režīmu.</string>
    <string name="material_timepicker_hour">Stunda</string>
    <string name="material_timepicker_minute">Minūte</string>
    <string name="material_timepicker_pm">PM</string>
    <string name="material_timepicker_select_time">Laika atlasīšana</string>
    <string name="material_timepicker_text_input_mode_description">Lai ievadītu laiku, ieslēdziet teksta ievades režīmu.</string>
    <string name="mtrl_badge_numberless_content_description">Jauns paziņojums</string>
    <string name="mtrl_chip_close_icon_content_description">Noņemt: %1$s</string>
    <string name="mtrl_exceed_max_badge_number_content_description">Vairāk nekā %1$d jauni paziņojumi</string>
    <string name="mtrl_picker_a11y_next_month">Pāriet uz nākamo mēnesi</string>
    <string name="mtrl_picker_a11y_prev_month">Pāriet uz iepriekšējo mēnesi</string>
    <string name="mtrl_picker_cancel">Atcelt</string>
    <string name="mtrl_picker_confirm">Labi</string>
    <string name="mtrl_picker_day_of_week_column_header">Dienu sleja: %1$s</string>
    <string name="mtrl_picker_navigate_to_year_description">Pāriet uz šo gadu: %1$s</string>
    <string name="mtrl_picker_save">Saglabāt</string>
    <string name="mtrl_picker_toggle_to_calendar_input_mode">Pārslēgties uz kalendāra ievades režīmu</string>
    <string name="mtrl_picker_toggle_to_day_selection">Pieskarties, lai pārslēgtos uz dienas atlasīšanu</string>
    <string name="mtrl_picker_toggle_to_text_input_mode">Pārslēgties uz teksta ievades režīmu</string>
    <string name="mtrl_picker_toggle_to_year_selection">Pieskarties, lai pārslēgtos uz gada atlasīšanu</string>
    <string name="mtrl_timepicker_cancel">Atcelt</string>
    <string name="mtrl_timepicker_confirm">Labi</string>
    <string name="native_body">Pamatteksts</string>
    <string name="native_headline">Virsraksts</string>
    <string name="native_media_view">Multivides skats</string>
    <string name="notifications_permission_confirm">Atļaut</string>
    <string name="notifications_permission_decline">Neatļaut</string>
    <string name="notifications_permission_title">Vai atļaut lietotnei sūtīt paziņojumus?</string>
    <string name="offline_dialog_image_description">Ikona</string>
    <string name="offline_dialog_text">Paldies par izrādīto interesi!
Nosūtīsim papildu informāciju, kad būsiet tiešsaistē.</string>
    <string name="offline_notification_title">Atkal esat tiešsaistē. Varat atsākt no vietas, kur pārtraucāt.</string>
    <string name="offline_notification_title_with_advertiser">Atkal esat tiešsaistē. Turpiniet uzzināt vairāk par %s</string>
    <string name="offline_opt_in_confirm">Labi</string>
    <string name="offline_opt_in_decline">Nē, paldies</string>
    <string name="offline_opt_in_message">Mēs nosūtīsim jums paziņojumu ar saiti uz reklāmdevēja vietni.</string>
    <string name="offline_opt_in_title">Atveriet reklāmu, kad būsiet atkal tiešsaistē.</string>
    <string name="password_toggle_content_description">Rādīt paroli</string>
    <string name="s1">Attēla saglabāšana</string>
    <string name="s2">Vai atļaut reklāmai saglabāt attēlu galerijā?</string>
    <string name="s3">Piekrist</string>
    <string name="s4">Noraidīt</string>
    <string name="s5">Kalendāra pasākuma izveide</string>
    <string name="s6">Vai atļaut reklāmai izveidot kalendāra pasākumu?</string>
    <string name="s7">Testa reklāma</string>
    <string name="search_menu_title">Meklēt</string>
    <string name="status_bar_notification_info_overflow">999+</string>
    <string name="watermark_label_prefix">AdMob —</string>
</resources>