<?xml version='1.0' encoding='utf-8' ?>
<resources>
    <string name="abc_action_bar_up_description">위로 이동</string>
    <string name="abc_action_mode_done">완료</string>
    <string name="abc_capital_off">사용 중지</string>
    <string name="abc_capital_on">사용</string>
    <string name="abc_menu_alt_shortcut_label">Alt+</string>
    <string name="abc_menu_ctrl_shortcut_label">Ctrl+</string>
    <string name="abc_menu_delete_shortcut_label">Delete</string>
    <string name="abc_menu_enter_shortcut_label">Enter</string>
    <string name="abc_menu_function_shortcut_label">Function+</string>
    <string name="abc_menu_meta_shortcut_label">Meta+</string>
    <string name="abc_menu_shift_shortcut_label">Shift+</string>
    <string name="abc_menu_space_shortcut_label">스페이스바</string>
    <string name="abc_menu_sym_shortcut_label">Sym+</string>
    <string name="abc_prepend_shortcut_label">Menu+</string>
    <string name="abc_search_hint">검색...</string>
    <string name="abc_searchview_description_clear">검색어 삭제</string>
    <string name="abc_searchview_description_search">검색</string>
    <string name="abc_searchview_description_submit">검색어 보내기</string>
    <string name="abc_searchview_description_voice">음성 검색</string>
    <string name="abc_toolbar_collapse_description">접기</string>
    <string name="applovin_agree_message">앱 사용을 시작하려면 "계속하기"을 누르십시오.</string>
    <string name="applovin_alt_privacy_policy_text"></string>
    <string name="applovin_continue_button_text">계속하기</string>
    <string name="applovin_gdpr_advertising_partners_screen_message">개인 정보 보호 정책에 설명된 대로 귀하의 동의 하에 당사는 이 데이터를 다음 파트너와 공유하여 개인화된 광고 또는 콘텐츠를 제공할 수 있도록 할 수 있습니다.</string>
    <string name="applovin_gdpr_advertising_partners_screen_title">개인화된 광고 및 콘텐츠</string>
    <string name="applovin_gdpr_analytics_partners_screen_message">당사의 개인 정보 보호 정책에 설명된 바와 같이 귀하의 동의 하에 당사는 성능을 측정하고 당사 제품 및 서비스를 개선하는 데 도움이 되도록 이 데이터를 다음 파트너와 공유할 수 있습니다.</string>
    <string name="applovin_gdpr_analytics_partners_screen_title">성능 측정 및 제품 개발</string>
    <string name="applovin_gdpr_are_you_sure_screen_message">당사 및/또는 당사 파트너가 당사 개인 정보 보호 정책에 설명된 대로 개인화된 광고 및 콘텐츠 및 기타 목적을 위해 이 데이터를 사용하도록 허용:

• 보다 개인화된 경험, 광고 및 콘텐츠 제공

• 제품 개선 및 개발 지원

• 프로모션에 참여할 수 있도록 허용</string>
    <string name="applovin_gdpr_are_you_sure_screen_title">확실합니까?</string>
    <string name="applovin_gdpr_back_button_text">뒤로</string>
    <string name="applovin_gdpr_learn_more_screen_bullet_1">앱을 무료로 유지하는 데 도움이 됩니다!</string>
    <string name="applovin_gdpr_learn_more_screen_bullet_2">개인화된 광고 및 콘텐츠를 포함하여 보다 개인적인 경험 제공</string>
    <string name="applovin_gdpr_learn_more_screen_bullet_3">제품 개선 및 개발 지원</string>
    <string name="applovin_gdpr_learn_more_screen_bullet_4">프로모션에 참여할 수 있도록 허용</string>
    <string name="applovin_gdpr_learn_more_screen_message_1">저희 앱을 다운로드해주셔서 감사합니다! 당사와 당사 파트너가 이 데이터를 사용하도록 허용하면 다음을 포함하여 고유한 앱 경험을 만드는 데 도움이 됩니다.</string>
    <string name="applovin_gdpr_learn_more_screen_message_2">나중에 언제든지 선택을 변경할 수 있습니다. 데이터를 공유하지 않기로 선택하더라도 앱에 계속 액세스할 수 있으며 광고를 계속 수신할 수 있습니다. 그러나 이러한 광고는 귀하의 관심사와 관련성이 낮을 수 있습니다.</string>
    <string name="applovin_gdpr_main_screen_analytics_purposes_switch_text">성능 측정 및 제품 개발</string>
    <string name="applovin_gdpr_main_screen_learn_more_button_text">더 알아보기</string>
    <string name="applovin_gdpr_main_screen_message">당사의 개인 정보 보호 정책에 설명된 바와 같이 귀하의 동의하에 당사는 IP 주소 및 광고 식별자와 같은 귀하의 장치와 관련된 특정 정보를 수집합니다. 이 데이터를 통해 당사와 당사 파트너는 개인화된 광고 및 콘텐츠를 제공하고 개선할 수 있습니다.

아래에서 귀하는 당사 및/또는 당사 파트너가 다음 목적을 위해 이 데이터를 사용하도록 허용할 수 있습니다.</string>
    <string name="applovin_gdpr_main_screen_personalized_advertising_purposes_switch_text">개인화된 광고 및 콘텐츠</string>
    <string name="applovin_gdpr_main_screen_pp_and_tos_switch_text">본인은 16세 이상이며 이용 약관에 동의하고 개인 정보 보호 정책이 적용됨을 인정합니다.</string>
    <string name="applovin_gdpr_main_screen_privacy_policy_switch_text">본인은 16세 이상이며 개인 정보 보호 정책을 읽고 이해했음을 확인합니다.</string>
    <string name="applovin_gdpr_main_screen_title">%s을(를) 다운로드해 주셔서 감사합니다!</string>
    <string name="applovin_gdpr_understand_and_continue_button_text">이해하고 확인합니다</string>
    <string name="applovin_learn_more_screen_title">%s을 무료로 유지하고 더 재미있게 사용할 수 있도록 도와주세요!</string>
    <string name="applovin_pp_and_tos_title">%s을 사용하려면 이용 약관에 동의하고 개인 정보 보호 정책을 검토했음을 확인해야 합니다.</string>
    <string name="applovin_pp_title">%s을(를) 사용하려면 당사의 개인 정보 보호 정책을 검토하고 인정했음을 확인해야 합니다.</string>
    <string name="applovin_privacy_policy_text">개인 정보 보호 정책</string>
    <string name="applovin_terms_of_service_text">이용 약관</string>
    <string name="applovin_terms_of_use_text">이용 약관</string>
    <string name="bottomsheet_action_collapse">하단 시트 접기</string>
    <string name="bottomsheet_action_expand">하단 시트 펼치기</string>
    <string name="bottomsheet_action_expand_halfway">반만 펼치기</string>
    <string name="bottomsheet_drag_handle_clicked">두 번 탭한 드래그 핸들</string>
    <string name="bottomsheet_drag_handle_content_description">드래그 핸들</string>
    <string name="call_notification_answer_action">통화</string>
    <string name="call_notification_answer_video_action">동영상</string>
    <string name="call_notification_decline_action">거절</string>
    <string name="call_notification_hang_up_action">전화 끊기</string>
    <string name="call_notification_incoming_text">수신 전화</string>
    <string name="call_notification_ongoing_text">진행 중인 통화</string>
    <string name="call_notification_screening_text">수신 전화 검사 중</string>
    <string name="character_counter_content_description">입력된 글자 %1$d/%2$d</string>
    <string name="character_counter_overflowed_content_description">글자 수 제한이 초과되었습니다(%1$d/%2$d).</string>
    <string name="clear_text_end_icon_content_description">텍스트 삭제</string>
    <string name="common_google_play_services_enable_button">사용 설정</string>
    <string name="common_google_play_services_enable_text">Google Play 서비스를 사용하도록 설정해야 %1$s이(가) 작동합니다.</string>
    <string name="common_google_play_services_enable_title">Google Play 서비스 사용</string>
    <string name="common_google_play_services_install_button">설치</string>
    <string name="common_google_play_services_install_text">기기에 Google Play 서비스가 설치되어 있어야 %1$s이(가) 실행됩니다.</string>
    <string name="common_google_play_services_install_title">Google Play 서비스 설치</string>
    <string name="common_google_play_services_notification_channel_name">Google Play 서비스 사용 가능 여부</string>
    <string name="common_google_play_services_notification_ticker">Google Play 서비스 오류</string>
    <string name="common_google_play_services_unknown_issue">%1$s에서 Google Play 서비스를 사용하는 데 문제가 있습니다. 다시 시도하세요.</string>
    <string name="common_google_play_services_unsupported_text">%1$s은(는) Google Play 서비스 없이는 실행되지 않으나, 기기에서 Google Play 서비스를 지원하지 않습니다.</string>
    <string name="common_google_play_services_update_button">업데이트</string>
    <string name="common_google_play_services_update_text">Google Play 서비스를 업데이트해야 %1$s이(가) 실행됩니다.</string>
    <string name="common_google_play_services_update_title">Google Play 서비스 업데이트</string>
    <string name="common_google_play_services_updating_text">현재 업데이트 중인 Google Play 서비스가 있어야 %1$s이(가) 실행됩니다.</string>
    <string name="common_google_play_services_wear_update_text">새 버전의 Google Play 서비스가 필요합니다. 곧 자동으로 업데이트됩니다.</string>
    <string name="common_open_on_phone">스마트폰에서 열기</string>
    <string name="common_signin_button_text">로그인</string>
    <string name="common_signin_button_text_long">Google 계정으로 로그인</string>
    <string name="error_icon_content_description">오류</string>
    <string name="exo_controls_fastforward_description">빨리 감기</string>
    <string name="exo_controls_hide">플레이어 컨트롤 숨기기</string>
    <string name="exo_controls_next_description">다음</string>
    <string name="exo_controls_pause_description">일시중지</string>
    <string name="exo_controls_play_description">재생</string>
    <string name="exo_controls_previous_description">이전</string>
    <string name="exo_controls_repeat_all_description">현재 모드: 모두 반복. 반목 모드 전환.</string>
    <string name="exo_controls_repeat_off_description">현재 모드: 반복 안함. 반목 모드 전환.</string>
    <string name="exo_controls_repeat_one_description">현재 모드: 한 개 반복. 반목 모드 전환.</string>
    <string name="exo_controls_rewind_description">되감기</string>
    <string name="exo_controls_show">플레이어 컨트롤 표시</string>
    <string name="exo_controls_shuffle_off_description">셔플 모드 사용 설정</string>
    <string name="exo_controls_shuffle_on_description">셔플 모드 사용 중지</string>
    <string name="exo_controls_vr_description">가상 현실 모드</string>
    <string name="exo_item_list">%1$s, %2$s</string>
    <string name="exo_track_bitrate">%1$.2fMbps</string>
    <string name="exo_track_mono">모노</string>
    <string name="exo_track_resolution">%1$d×%2$d</string>
    <string name="exo_track_role_alternate">대체</string>
    <string name="exo_track_role_closed_captions">자막</string>
    <string name="exo_track_role_commentary">논평</string>
    <string name="exo_track_role_supplementary">추가</string>
    <string name="exo_track_selection_auto">자동</string>
    <string name="exo_track_selection_none">없음</string>
    <string name="exo_track_selection_title_audio">오디오</string>
    <string name="exo_track_selection_title_text">텍스트</string>
    <string name="exo_track_selection_title_video">동영상</string>
    <string name="exo_track_stereo">스테레오</string>
    <string name="exo_track_surround">서라운드 사운드</string>
    <string name="exo_track_surround_5_point_1">5.1 서라운드 사운드</string>
    <string name="exo_track_surround_7_point_1">7.1 서라운드 사운드</string>
    <string name="exo_track_unknown">알 수 없음</string>
    <string name="exposed_dropdown_menu_content_description">드롭다운 메뉴 표시</string>
    <string name="fallback_menu_item_copy_link">링크 복사</string>
    <string name="fallback_menu_item_open_in_browser">브라우저에서 열기</string>
    <string name="fallback_menu_item_share_link">링크 공유</string>
    <string name="icon_content_description">대화상자 아이콘</string>
    <string name="item_view_role_description">탭</string>
    <string name="material_clock_toggle_content_description">오전 또는 오후를 선택하세요.</string>
    <string name="material_hour_24h_suffix">%1$s시간</string>
    <string name="material_hour_selection">시간 선택</string>
    <string name="material_hour_suffix">%1$s시 정각</string>
    <string name="material_minute_selection">분 선택</string>
    <string name="material_minute_suffix">%1$s분</string>
    <string name="material_timepicker_am">오전</string>
    <string name="material_timepicker_clock_mode_description">시간 입력을 위해 시계 모드로 전환합니다.</string>
    <string name="material_timepicker_hour">시간</string>
    <string name="material_timepicker_minute">분</string>
    <string name="material_timepicker_pm">오후</string>
    <string name="material_timepicker_select_time">시간 선택</string>
    <string name="material_timepicker_text_input_mode_description">시간 입력을 위해 텍스트 입력 모드로 전환합니다.</string>
    <string name="mtrl_badge_numberless_content_description">새 알림</string>
    <string name="mtrl_chip_close_icon_content_description">%1$s 삭제</string>
    <string name="mtrl_exceed_max_badge_number_content_description">새 알림 %1$d개 초과</string>
    <string name="mtrl_picker_a11y_next_month">다음 달로 변경</string>
    <string name="mtrl_picker_a11y_prev_month">이전 달로 변경</string>
    <string name="mtrl_picker_cancel">취소</string>
    <string name="mtrl_picker_confirm">확인</string>
    <string name="mtrl_picker_day_of_week_column_header">요일 열: %1$s</string>
    <string name="mtrl_picker_navigate_to_year_description">%1$s년으로 이동</string>
    <string name="mtrl_picker_save">저장</string>
    <string name="mtrl_picker_toggle_to_calendar_input_mode">캘린더 입력 모드로 전환</string>
    <string name="mtrl_picker_toggle_to_day_selection">탭하여 요일 선택으로 전환</string>
    <string name="mtrl_picker_toggle_to_text_input_mode">텍스트 입력 모드로 전환</string>
    <string name="mtrl_picker_toggle_to_year_selection">탭하여 연도 선택으로 전환</string>
    <string name="mtrl_timepicker_cancel">취소</string>
    <string name="mtrl_timepicker_confirm">확인</string>
    <string name="native_body">본문</string>
    <string name="native_headline">광고 제목</string>
    <string name="native_media_view">미디어 보기</string>
    <string name="notifications_permission_confirm">허용</string>
    <string name="notifications_permission_decline">허용 안함</string>
    <string name="notifications_permission_title">앱에서 알림을 보내도록 허용하시겠습니까?</string>
    <string name="offline_dialog_image_description">아이콘</string>
    <string name="offline_dialog_text">관심을 가져 주셔서 감사합니다.
인터넷에 다시 연결되면 더 많은 내용을 공유해 드리겠습니다.</string>
    <string name="offline_notification_title">인터넷에 다시 연결되었습니다. 최근 감상한 부분부터 이어서 감상해 보세요</string>
    <string name="offline_notification_title_with_advertiser">인터넷에 다시 연결되었습니다. %s에 관해 계속 알아보세요</string>
    <string name="offline_opt_in_confirm">확인</string>
    <string name="offline_opt_in_decline">나중에</string>
    <string name="offline_opt_in_message">광고주 사이트로 연결되는 링크와 함께 알림을 보내 드리겠습니다.</string>
    <string name="offline_opt_in_title">다시 온라인 상태가 될 때 광고 열기</string>
    <string name="password_toggle_content_description">비밀번호 표시</string>
    <string name="s1">이미지 저장</string>
    <string name="s2">광고에서 사진 갤러리에 이미지를 저장하도록 허용하시겠습니까?</string>
    <string name="s3">동의</string>
    <string name="s4">거부</string>
    <string name="s5">캘린더 일정 만들기</string>
    <string name="s6">광고에서 캘린더 일정을 만들도록 허용하시겠습니까?</string>
    <string name="s7">테스트 광고</string>
    <string name="search_menu_title">검색</string>
    <string name="status_bar_notification_info_overflow">999+</string>
    <string name="watermark_label_prefix">AdMob -</string>
</resources>