<?xml version='1.0' encoding='utf-8' ?>
<resources>
    <string name="abc_action_bar_up_description">Przejdź wyżej</string>
    <string name="abc_action_mode_done">Gotowe</string>
    <string name="abc_capital_off">WYŁ.</string>
    <string name="abc_capital_on">WŁ.</string>
    <string name="abc_menu_alt_shortcut_label">Alt+</string>
    <string name="abc_menu_ctrl_shortcut_label">Ctrl+</string>
    <string name="abc_menu_delete_shortcut_label">Delete</string>
    <string name="abc_menu_enter_shortcut_label">Enter</string>
    <string name="abc_menu_function_shortcut_label">Funkcyjny+</string>
    <string name="abc_menu_meta_shortcut_label">Meta+</string>
    <string name="abc_menu_shift_shortcut_label">Shift+</string>
    <string name="abc_menu_space_shortcut_label">spacja</string>
    <string name="abc_menu_sym_shortcut_label">Sym+</string>
    <string name="abc_prepend_shortcut_label">Menu+</string>
    <string name="abc_search_hint">Szukaj…</string>
    <string name="abc_searchview_description_clear">Wyczyść zapytanie</string>
    <string name="abc_searchview_description_search">Szukaj</string>
    <string name="abc_searchview_description_submit">Wyślij zapytanie</string>
    <string name="abc_searchview_description_voice">Wyszukiwanie głosowe</string>
    <string name="abc_toolbar_collapse_description">Zwiń</string>
    <string name="bottomsheet_action_collapse">Zwiń planszę dolną</string>
    <string name="bottomsheet_action_expand">Rozwiń planszę dolną</string>
    <string name="bottomsheet_action_expand_halfway">Rozwiń do połowy</string>
    <string name="bottomsheet_drag_handle_clicked">Dwukrotnie kliknięto uchwyt do przeciągania</string>
    <string name="bottomsheet_drag_handle_content_description">Uchwyt do przeciągania</string>
    <string name="call_notification_answer_action">Odbierz</string>
    <string name="call_notification_answer_video_action">Wideo</string>
    <string name="call_notification_decline_action">Odrzuć</string>
    <string name="call_notification_hang_up_action">Rozłącz</string>
    <string name="call_notification_incoming_text">Połączenie przychodzące</string>
    <string name="call_notification_ongoing_text">Trwa połączenie</string>
    <string name="call_notification_screening_text">Filtruję połączenie przychodzące</string>
    <string name="character_counter_content_description">%1$d z %2$d znaków</string>
    <string name="character_counter_overflowed_content_description">Przekroczono limit znaków (%1$d z %2$d)</string>
    <string name="clear_text_end_icon_content_description">Wyczyść tekst</string>
    <string name="common_google_play_services_enable_button">Włącz</string>
    <string name="common_google_play_services_enable_text">Aplikacja %1$s nie będzie działać, jeśli nie włączysz Usług Google Play.</string>
    <string name="common_google_play_services_enable_title">Włącz Usługi Google Play</string>
    <string name="common_google_play_services_install_button">Zainstaluj</string>
    <string name="common_google_play_services_install_text">%1$s nie będzie działać, jeśli nie zainstalujesz na urządzeniu Usług Google Play.</string>
    <string name="common_google_play_services_install_title">Pobierz Usługi Google Play</string>
    <string name="common_google_play_services_notification_channel_name">Dostępność Usług Google Play</string>
    <string name="common_google_play_services_notification_ticker">Błąd Usług Google Play</string>
    <string name="common_google_play_services_unknown_issue">%1$s ma problem z dostępem do Usług Google Play. Spróbuj jeszcze raz.</string>
    <string name="common_google_play_services_unsupported_text">%1$s nie będzie działać bez Usług Google Play, które nie są obecnie obsługiwane przez urządzenie.</string>
    <string name="common_google_play_services_update_button">Aktualizuj</string>
    <string name="common_google_play_services_update_text">Aplikacja %1$s nie będzie działać, jeśli nie zaktualizujesz Usług Google Play.</string>
    <string name="common_google_play_services_update_title">Zaktualizuj Usługi Google Play</string>
    <string name="common_google_play_services_updating_text">Aplikacja %1$s nie będzie działać bez Usług Google Play, które są obecnie aktualizowane.</string>
    <string name="common_google_play_services_wear_update_text">Wymagana jest nowa wersja Usług Google Play. Wkrótce nastąpi automatyczna aktualizacja.</string>
    <string name="common_open_on_phone">Otwórz na telefonie</string>
    <string name="common_signin_button_text">Zaloguj się</string>
    <string name="common_signin_button_text_long">Zaloguj się przez Google</string>
    <string name="error_icon_content_description">Błąd</string>
    <string name="exo_controls_fastforward_description">Przewiń do przodu</string>
    <string name="exo_controls_hide">Ukryj elementy sterujące odtwarzacza</string>
    <string name="exo_controls_next_description">Następny</string>
    <string name="exo_controls_pause_description">Wstrzymaj</string>
    <string name="exo_controls_play_description">Odtwórz</string>
    <string name="exo_controls_previous_description">Poprzedni</string>
    <string name="exo_controls_repeat_all_description">Bieżący tryb: Powtórz wszystkie. Przełącz na tryb powtarzania.</string>
    <string name="exo_controls_repeat_off_description">Bieżący tryb: Nie powtarzaj. Przełącz na tryb powtarzania.</string>
    <string name="exo_controls_repeat_one_description">Bieżący tryb: Powtórz jeden. Przełącz na tryb powtarzania.</string>
    <string name="exo_controls_rewind_description">Przewiń do tyłu</string>
    <string name="exo_controls_show">Pokaż elementy sterujące odtwarzacza</string>
    <string name="exo_controls_shuffle_off_description">Włącz tryb odtwarzania losowego</string>
    <string name="exo_controls_shuffle_on_description">Wyłącz tryb odtwarzania losowego</string>
    <string name="exo_controls_vr_description">Tryb VR</string>
    <string name="exo_item_list">%1$s, %2$s</string>
    <string name="exo_track_bitrate">%1$.2f Mb/s</string>
    <string name="exo_track_mono">Mono</string>
    <string name="exo_track_resolution">%1$d × %2$d</string>
    <string name="exo_track_role_alternate">Wersja alternatywna</string>
    <string name="exo_track_role_closed_captions">Napisy</string>
    <string name="exo_track_role_commentary">Komentarz</string>
    <string name="exo_track_role_supplementary">Materiały dodatkowe</string>
    <string name="exo_track_selection_auto">Automatycznie</string>
    <string name="exo_track_selection_none">Brak</string>
    <string name="exo_track_selection_title_audio">Dźwięk</string>
    <string name="exo_track_selection_title_text">Tekst</string>
    <string name="exo_track_selection_title_video">Film</string>
    <string name="exo_track_stereo">Stereo</string>
    <string name="exo_track_surround">Dźwięk przestrzenny</string>
    <string name="exo_track_surround_5_point_1">System dźwięku przestrzennego 5.1</string>
    <string name="exo_track_surround_7_point_1">System dźwięku przestrzennego 7.1</string>
    <string name="exo_track_unknown">Nieznany</string>
    <string name="exposed_dropdown_menu_content_description">Pokaż menu</string>
    <string name="fallback_menu_item_copy_link">Kopiuj link</string>
    <string name="fallback_menu_item_open_in_browser">Otwórz w przeglądarce</string>
    <string name="fallback_menu_item_share_link">Udostępnij link</string>
    <string name="icon_content_description">Ikona okna</string>
    <string name="item_view_role_description">Karta</string>
    <string name="material_clock_toggle_content_description">Wybierz: przed południem czy po południu</string>
    <string name="material_hour_24h_suffix">%1$s godz.</string>
    <string name="material_hour_selection">Wybierz godzinę</string>
    <string name="material_hour_suffix">%1$s</string>
    <string name="material_minute_selection">Wybierz minuty</string>
    <string name="material_minute_suffix">%1$s minut</string>
    <string name="material_timepicker_am">AM</string>
    <string name="material_timepicker_clock_mode_description">Aby wprowadzić czas, włącz tryb zegara.</string>
    <string name="material_timepicker_hour">Godzina</string>
    <string name="material_timepicker_minute">Minuta</string>
    <string name="material_timepicker_pm">PM</string>
    <string name="material_timepicker_select_time">Określ czas</string>
    <string name="material_timepicker_text_input_mode_description">Aby wprowadzić czas, włącz tryb wprowadzania tekstu.</string>
    <string name="mtrl_badge_numberless_content_description">Nowe powiadomienie</string>
    <string name="mtrl_chip_close_icon_content_description">Usuń: (%1$s)</string>
    <string name="mtrl_exceed_max_badge_number_content_description">Liczba nowych powiadomień przekracza %1$d</string>
    <string name="mtrl_picker_a11y_next_month">Zmień na następny miesiąc</string>
    <string name="mtrl_picker_a11y_prev_month">Zmień na poprzedni miesiąc</string>
    <string name="mtrl_picker_cancel">Anuluj</string>
    <string name="mtrl_picker_confirm">OK</string>
    <string name="mtrl_picker_day_of_week_column_header">Kolumna z dniami: %1$s</string>
    <string name="mtrl_picker_navigate_to_year_description">Przejdź do roku %1$s</string>
    <string name="mtrl_picker_save">Zapisz</string>
    <string name="mtrl_picker_toggle_to_calendar_input_mode">Włącz kalendarzowy tryb wprowadzania</string>
    <string name="mtrl_picker_toggle_to_day_selection">Kliknij, by wybrać dzień</string>
    <string name="mtrl_picker_toggle_to_text_input_mode">Włącz tekstowy tryb wprowadzania</string>
    <string name="mtrl_picker_toggle_to_year_selection">Kliknij, by wybrać rok</string>
    <string name="mtrl_timepicker_cancel">Anuluj</string>
    <string name="mtrl_timepicker_confirm">OK</string>
    <string name="native_body">Treść</string>
    <string name="native_headline">Nagłówek</string>
    <string name="native_media_view">Widok multimediów</string>
    <string name="notifications_permission_confirm">Zezwól</string>
    <string name="notifications_permission_decline">Nie zezwalaj</string>
    <string name="notifications_permission_title">Zezwolić aplikacji na wysyłanie powiadomień?</string>
    <string name="offline_dialog_image_description">Ikona</string>
    <string name="offline_dialog_text">Dziękujemy za zainteresowanie.
Więcej informacji otrzymasz, gdy znów będziesz online.</string>
    <string name="offline_notification_title">Znów jesteś online. Zacznijmy tam, gdzie ostatnio skończyliśmy</string>
    <string name="offline_notification_title_with_advertiser">Znów jesteś online. Dowiedz się więcej o reklamodawcy %s</string>
    <string name="offline_opt_in_confirm">OK</string>
    <string name="offline_opt_in_decline">Nie</string>
    <string name="offline_opt_in_message">Wyślemy Ci powiadomienie z linkiem do strony reklamodawcy.</string>
    <string name="offline_opt_in_title">Otwórz reklamę, gdy znów połączysz się z internetem.</string>
    <string name="password_toggle_content_description">Pokaż hasło</string>
    <string name="s1">Zapisz obraz</string>
    <string name="s2">Zezwolić reklamie na zapisanie obrazu w galerii zdjęć?</string>
    <string name="s3">Zaakceptuj</string>
    <string name="s4">Odrzuć</string>
    <string name="s5">Utwórz wydarzenie w kalendarzu</string>
    <string name="s6">Zezwolić reklamie na utworzenie wydarzenia w kalendarzu?</string>
    <string name="s7">Reklama testowa</string>
    <string name="search_menu_title">Szukaj</string>
    <string name="status_bar_notification_info_overflow">999+</string>
    <string name="watermark_label_prefix">AdMob -</string>
</resources>