<?xml version='1.0' encoding='utf-8' ?>
<resources>
    <string name="abc_action_bar_up_description">Přejít nahoru</string>
    <string name="abc_action_mode_done">Hotovo</string>
    <string name="abc_capital_off">VYP</string>
    <string name="abc_capital_on">ZAP</string>
    <string name="abc_menu_alt_shortcut_label">Alt+</string>
    <string name="abc_menu_ctrl_shortcut_label">Ctrl+</string>
    <string name="abc_menu_delete_shortcut_label">delete</string>
    <string name="abc_menu_enter_shortcut_label">enter</string>
    <string name="abc_menu_function_shortcut_label">Fn+</string>
    <string name="abc_menu_meta_shortcut_label">Meta+</string>
    <string name="abc_menu_shift_shortcut_label">Shift+</string>
    <string name="abc_menu_space_shortcut_label">mezerník</string>
    <string name="abc_menu_sym_shortcut_label">Sym+</string>
    <string name="abc_prepend_shortcut_label">Menu+</string>
    <string name="abc_search_hint">Vyhledat…</string>
    <string name="abc_searchview_description_clear">Smazat dotaz</string>
    <string name="abc_searchview_description_search">Hledat</string>
    <string name="abc_searchview_description_submit">Odeslat dotaz</string>
    <string name="abc_searchview_description_voice">Hlasové vyhledávání</string>
    <string name="abc_toolbar_collapse_description">Sbalit</string>
    <string name="bottomsheet_action_collapse">Sbalit spodní tabulku</string>
    <string name="bottomsheet_action_expand">Rozbalit spodní tabulku</string>
    <string name="bottomsheet_action_expand_halfway">Rozbalit napůl</string>
    <string name="bottomsheet_drag_handle_clicked">Dvakrát jste klepli na úchyt pro přetažení</string>
    <string name="bottomsheet_drag_handle_content_description">Úchyt pro přetažení</string>
    <string name="call_notification_answer_action">Přijmout</string>
    <string name="call_notification_answer_video_action">Video</string>
    <string name="call_notification_decline_action">Odmítnout</string>
    <string name="call_notification_hang_up_action">Zavěsit</string>
    <string name="call_notification_incoming_text">Příchozí hovor</string>
    <string name="call_notification_ongoing_text">Probíhající hovor</string>
    <string name="call_notification_screening_text">Prověřování příchozího hovoru</string>
    <string name="character_counter_content_description">Zadané znaky: %1$d z %2$d</string>
    <string name="character_counter_overflowed_content_description">Byl překročen povolený počet znaků (%1$d z %2$d)</string>
    <string name="clear_text_end_icon_content_description">Vymazat text</string>
    <string name="common_google_play_services_enable_button">Povolit</string>
    <string name="common_google_play_services_enable_text">Ke spuštění aplikace %1$s je třeba aktivovat služby Google Play.</string>
    <string name="common_google_play_services_enable_title">Aktivace služeb Google Play</string>
    <string name="common_google_play_services_install_button">Instalovat</string>
    <string name="common_google_play_services_install_text">Ke spuštění aplikace %1$s jsou potřeba služby Google Play, které v zařízení nemáte.</string>
    <string name="common_google_play_services_install_title">Instalace služeb Google Play</string>
    <string name="common_google_play_services_notification_channel_name">Dostupnost služeb Google Play</string>
    <string name="common_google_play_services_notification_ticker">Chyba služeb Google Play</string>
    <string name="common_google_play_services_unknown_issue">Aplikace %1$s má potíže se službami Google Play. Zkuste to prosím znovu.</string>
    <string name="common_google_play_services_unsupported_text">Ke spuštění aplikace %1$s jsou potřeba služby Google Play, které v tomto zařízení nejsou podporovány.</string>
    <string name="common_google_play_services_update_button">Aktualizovat</string>
    <string name="common_google_play_services_update_text">Ke spuštění aplikace %1$s je třeba aktualizovat služby Google Play.</string>
    <string name="common_google_play_services_update_title">Aktualizace služeb Google Play</string>
    <string name="common_google_play_services_updating_text">Ke spuštění aplikace %1$s jsou potřeba služby Google Play, které jsou právě aktualizovány.</string>
    <string name="common_google_play_services_wear_update_text">Je vyžadována nová verze služeb Google Play. Nová verze se brzy sama nainstaluje.</string>
    <string name="common_open_on_phone">Otevřít v telefonu</string>
    <string name="common_signin_button_text">Přihlásit se</string>
    <string name="common_signin_button_text_long">Přihlásit se k účtu Google</string>
    <string name="error_icon_content_description">Chyba</string>
    <string name="exo_controls_fastforward_description">Rychle vpřed</string>
    <string name="exo_controls_hide">Skrýt ovládací prvky přehrávače</string>
    <string name="exo_controls_next_description">Další</string>
    <string name="exo_controls_pause_description">Pozastavit</string>
    <string name="exo_controls_play_description">Přehrát</string>
    <string name="exo_controls_previous_description">Předchozí</string>
    <string name="exo_controls_repeat_all_description">Aktuálně: Opakovat vše. Zapněte režim opakování.</string>
    <string name="exo_controls_repeat_off_description">Aktuálně: Nic neopakovat. Zapněte režim opakování.</string>
    <string name="exo_controls_repeat_one_description">Aktuálně: Opakovat jednu položku. Zapněte režim opakování.</string>
    <string name="exo_controls_rewind_description">Přetočit zpět</string>
    <string name="exo_controls_show">Zobrazit ovládací prvky přehrávače</string>
    <string name="exo_controls_shuffle_off_description">Aktivovat náhodné přehrávání</string>
    <string name="exo_controls_shuffle_on_description">Deaktivovat náhodné přehrávání</string>
    <string name="exo_controls_vr_description">Režim VR</string>
    <string name="exo_item_list">%1$s, %2$s</string>
    <string name="exo_track_bitrate">%1$.2f Mb/s</string>
    <string name="exo_track_mono">Mono</string>
    <string name="exo_track_resolution">%1$d × %2$d</string>
    <string name="exo_track_role_alternate">Alternativní</string>
    <string name="exo_track_role_closed_captions">Titulky</string>
    <string name="exo_track_role_commentary">Komentář</string>
    <string name="exo_track_role_supplementary">Dodatkové</string>
    <string name="exo_track_selection_auto">Automaticky</string>
    <string name="exo_track_selection_none">Žádné</string>
    <string name="exo_track_selection_title_audio">Zvuk</string>
    <string name="exo_track_selection_title_text">Text</string>
    <string name="exo_track_selection_title_video">Videa</string>
    <string name="exo_track_stereo">Stereo</string>
    <string name="exo_track_surround">Prostorový zvuk</string>
    <string name="exo_track_surround_5_point_1">Prostorový zvuk 5.1</string>
    <string name="exo_track_surround_7_point_1">Prostorový zvuk 7.1</string>
    <string name="exo_track_unknown">Neznámé</string>
    <string name="exposed_dropdown_menu_content_description">Zobrazit rozbalovací nabídku</string>
    <string name="fallback_menu_item_copy_link">Kopírovat odkaz</string>
    <string name="fallback_menu_item_open_in_browser">Otevřít v prohlížeči</string>
    <string name="fallback_menu_item_share_link">Sdílet odkaz</string>
    <string name="icon_content_description">Ikona dialogového okna</string>
    <string name="item_view_role_description">Karta</string>
    <string name="material_clock_toggle_content_description">Vyberte AM nebo PM</string>
    <string name="material_hour_24h_suffix">%1$s hodin</string>
    <string name="material_hour_selection">Vyberte hodinu</string>
    <string name="material_hour_suffix">%1$s</string>
    <string name="material_minute_selection">Zvolte minuty</string>
    <string name="material_minute_suffix">%1$s min</string>
    <string name="material_timepicker_am">AM</string>
    <string name="material_timepicker_clock_mode_description">Chcete-li zadat čas, přepněte na režim hodin.</string>
    <string name="material_timepicker_hour">Hodina</string>
    <string name="material_timepicker_minute">Minuta</string>
    <string name="material_timepicker_pm">PM</string>
    <string name="material_timepicker_select_time">Vyberte čas</string>
    <string name="material_timepicker_text_input_mode_description">Chcete-li zadat čas, přepněte na režim textu.</string>
    <string name="mtrl_badge_numberless_content_description">Nové oznámení</string>
    <string name="mtrl_chip_close_icon_content_description">Odstranit položku %1$s</string>
    <string name="mtrl_exceed_max_badge_number_content_description">Více než %1$d nových oznámení</string>
    <string name="mtrl_picker_a11y_next_month">Přejít na další měsíc</string>
    <string name="mtrl_picker_a11y_prev_month">Přejít na předchozí měsíc</string>
    <string name="mtrl_picker_cancel">Zrušit</string>
    <string name="mtrl_picker_confirm">OK</string>
    <string name="mtrl_picker_day_of_week_column_header">Sloupec dnů: %1$s</string>
    <string name="mtrl_picker_navigate_to_year_description">Přejít na rok %1$s</string>
    <string name="mtrl_picker_save">Uložit</string>
    <string name="mtrl_picker_toggle_to_calendar_input_mode">Přepnout na režim zadávání do kalendáře</string>
    <string name="mtrl_picker_toggle_to_day_selection">Klepnutím přepnete na výběr dne</string>
    <string name="mtrl_picker_toggle_to_text_input_mode">Přepnout na režim zadávání textu</string>
    <string name="mtrl_picker_toggle_to_year_selection">Klepnutím přepnete na výběr roku</string>
    <string name="mtrl_timepicker_cancel">Zrušit</string>
    <string name="mtrl_timepicker_confirm">OK</string>
    <string name="native_body">Text</string>
    <string name="native_headline">Nadpis</string>
    <string name="native_media_view">Zobrazení mediálního souboru</string>
    <string name="notifications_permission_confirm">Povolit</string>
    <string name="notifications_permission_decline">Nepovolovat</string>
    <string name="notifications_permission_title">Chcete, aby vám aplikace zasílala oznámení?</string>
    <string name="offline_dialog_image_description">Ikona</string>
    <string name="offline_dialog_text">Děkujeme za váš zájem.
Až budete znovu online, sdělíme vám víc.</string>
    <string name="offline_notification_title">Jste opět online. Můžete pokračovat tam, kde jste přestali.</string>
    <string name="offline_notification_title_with_advertiser">Jste opět online. Můžete zjistit další informace na téma %s</string>
    <string name="offline_opt_in_confirm">OK</string>
    <string name="offline_opt_in_decline">Ne, díky</string>
    <string name="offline_opt_in_message">Pošleme vám oznámení s odkazem na web inzerenta.</string>
    <string name="offline_opt_in_title">Reklama se otevře, až budete znovu online.</string>
    <string name="password_toggle_content_description">Zobrazit heslo</string>
    <string name="s1">Uložení obrázku</string>
    <string name="s2">Povolit reklamě, aby uložila obrázek do galerie fotek?</string>
    <string name="s3">Přijmout</string>
    <string name="s4">Odmítnout</string>
    <string name="s5">Vytvoření události kalendáře</string>
    <string name="s6">Povolit reklamě, aby vytvořila událost kalendáře?</string>
    <string name="s7">Zkušební reklama</string>
    <string name="search_menu_title">Hledat</string>
    <string name="status_bar_notification_info_overflow">999+</string>
    <string name="watermark_label_prefix">AdMob –</string>
</resources>