<?xml version='1.0' encoding='utf-8' ?>
<resources>
    <string name="abc_action_bar_up_description">Revenir en haut de la page</string>
    <string name="abc_action_mode_done">OK</string>
    <string name="abc_capital_off">NON</string>
    <string name="abc_capital_on">OUI</string>
    <string name="abc_menu_alt_shortcut_label">Alt+</string>
    <string name="abc_menu_ctrl_shortcut_label">Ctrl+</string>
    <string name="abc_menu_delete_shortcut_label">supprimer</string>
    <string name="abc_menu_enter_shortcut_label">entrée</string>
    <string name="abc_menu_function_shortcut_label">Fonction+</string>
    <string name="abc_menu_meta_shortcut_label">Méta+</string>
    <string name="abc_menu_shift_shortcut_label">Maj+</string>
    <string name="abc_menu_space_shortcut_label">espace</string>
    <string name="abc_menu_sym_shortcut_label">Sym+</string>
    <string name="abc_prepend_shortcut_label">Menu+</string>
    <string name="abc_search_hint">Rechercher…</string>
    <string name="abc_searchview_description_clear">Effacer la requête</string>
    <string name="abc_searchview_description_search">Rechercher</string>
    <string name="abc_searchview_description_submit">Envoyer la requête</string>
    <string name="abc_searchview_description_voice">Recherche vocale</string>
    <string name="abc_toolbar_collapse_description">Réduire</string>
    <string name="applovin_agree_message">Cliquez sur "Continuer" afin d'utiliser notre application.</string>
    <string name="applovin_alt_privacy_policy_text"></string>
    <string name="applovin_continue_button_text">Continuer</string>
    <string name="applovin_gdpr_advertising_partners_screen_message">Comme détaillé dans notre politique de confidentialité et avec votre accord nous pourrions partager ces données avec les partenaires suivant pour leur permettre de diffuser des publicités personnalisés:</string>
    <string name="applovin_gdpr_advertising_partners_screen_title">Du contenu et des publicités personnalisé</string>
    <string name="applovin_gdpr_analytics_partners_screen_message">Comme détaillé dans notre politique de confidentialité et avec votre accord nous pourrions partager ces données avec les partenaires suivant pour leur permettre de mesurer la performance et d'améliorer nos produits et services:</string>
    <string name="applovin_gdpr_analytics_partners_screen_title">Mesure de la performance et développement produit</string>
    <string name="applovin_gdpr_are_you_sure_screen_message">En autorisant nous et nos partenaires d'utiliser ces données pour adapter le contenu comme expliqué dans notre politique de confidentialité:

• En vous donnant du contenu personnalisé

• Contribue aux améliorations et développement produit

• Vous permettant de participer à des évènements</string>
    <string name="applovin_gdpr_are_you_sure_screen_title">Êtes-vous sûr ?</string>
    <string name="applovin_gdpr_back_button_text">Précédent</string>
    <string name="applovin_gdpr_learn_more_screen_bullet_1">Aidez à garder notre application gratuite!</string>
    <string name="applovin_gdpr_learn_more_screen_bullet_2">L'accès a des publicités et du contenu personnalisé</string>
    <string name="applovin_gdpr_learn_more_screen_bullet_3">Contribue aux améliorations et développement produit</string>
    <string name="applovin_gdpr_learn_more_screen_bullet_4">La possibilité de participer à des évènements</string>
    <string name="applovin_gdpr_learn_more_screen_message_1">Merci d'avoir téléchargé notre application! Autorisez-nous et nos partenaires d'utiliser ces données nous permet de créer une expérience unique, incluant:</string>
    <string name="applovin_gdpr_learn_more_screen_message_2">Vous avez la possibilité à tout moment de changer vos choix. Si vous décidez de ne pas partager votre data vous pourrez toujours accéder à l'application en ayant des publicités. Cependant ces publicités pourraient être moins pertinente.</string>
    <string name="applovin_gdpr_main_screen_analytics_purposes_switch_text">Mesure de la performance et développement produit</string>
    <string name="applovin_gdpr_main_screen_learn_more_button_text">En savoir plus</string>
    <string name="applovin_gdpr_main_screen_message">Comme expliqué dans notre politique de confidentialité, avec votre autorisation nous collectons certaines informations de votre téléphone telles que l'adresse IP et les identifiants annonceurs. Ces données nous permettent ainsi qu'à nos partenaires d'afficher des contenus publicitaires plus pertinents.

Ci-dessous vous pouvez autoriser nous et nos partenaires a utiliser ces données pour les besoins suivants:</string>
    <string name="applovin_gdpr_main_screen_personalized_advertising_purposes_switch_text">Contenus et publicités personnalisés</string>
    <string name="applovin_gdpr_main_screen_pp_and_tos_switch_text">J'ai plus de 16 ans, j'accepte les termes et conditions, et je reconnais que la politique de confidentialité s'applique.</string>
    <string name="applovin_gdpr_main_screen_privacy_policy_switch_text">Je confirme être âgé de plus de seize ans ainsi qu'avoir lu et compris la politique de confidentialité.</string>
    <string name="applovin_gdpr_main_screen_title">Merci d'avoir téléchargé 
%s!</string>
    <string name="applovin_gdpr_understand_and_continue_button_text">J'ai lu et j'accepte</string>
    <string name="applovin_learn_more_screen_title">Aidez-nous à garder %s gratuit et plus fun!</string>
    <string name="applovin_pp_and_tos_title">Pour utiliser %s vous devez accepter les termes et conditions et confirmer avoir lu notre politique de confidentialité.</string>
    <string name="applovin_pp_title">Pour utiliser %s vous devez confirmer avoir lu et accepté notre politique de confidentialité.</string>
    <string name="applovin_privacy_policy_text">politique de confidentialité</string>
    <string name="applovin_terms_of_service_text">termes et conditions</string>
    <string name="applovin_terms_of_use_text">termes et conditions</string>
    <string name="bottomsheet_action_collapse">Réduire la bottom sheet</string>
    <string name="bottomsheet_action_expand">Développer la bottom sheet</string>
    <string name="bottomsheet_action_expand_halfway">Développer en entier</string>
    <string name="bottomsheet_drag_handle_clicked">A appuyé deux fois sur la poignée de déplacement</string>
    <string name="bottomsheet_drag_handle_content_description">Poignée de déplacement</string>
    <string name="call_notification_answer_action">Répondre</string>
    <string name="call_notification_answer_video_action">Vidéo</string>
    <string name="call_notification_decline_action">Refuser</string>
    <string name="call_notification_hang_up_action">Raccrocher</string>
    <string name="call_notification_incoming_text">Appel entrant</string>
    <string name="call_notification_ongoing_text">Appel en cours</string>
    <string name="call_notification_screening_text">Filtrage d'un appel entrant</string>
    <string name="character_counter_content_description">Caractères saisis %1$d sur %2$d</string>
    <string name="character_counter_overflowed_content_description">Nombre maximal de caractères dépassé : %1$d sur %2$d</string>
    <string name="clear_text_end_icon_content_description">Effacer le texte</string>
    <string name="common_google_play_services_enable_button">Activer</string>
    <string name="common_google_play_services_enable_text">%1$s ne fonctionnera pas tant que vous n'aurez pas activé les services Google Play.</string>
    <string name="common_google_play_services_enable_title">Activer les services Google Play</string>
    <string name="common_google_play_services_install_button">Installer</string>
    <string name="common_google_play_services_install_text">%1$s ne fonctionnera pas sans les services Google Play, qui ne sont pas installés sur votre appareil.</string>
    <string name="common_google_play_services_install_title">Installer les services Google Play</string>
    <string name="common_google_play_services_notification_channel_name">Disponibilité des services Google Play</string>
    <string name="common_google_play_services_notification_ticker">Erreur liée aux services Google Play</string>
    <string name="common_google_play_services_unknown_issue">L'application %1$s rencontre des problèmes avec les services Google Play. Veuillez réessayer.</string>
    <string name="common_google_play_services_unsupported_text">%1$s ne fonctionnera pas sans les services Google Play, qui ne sont pas compatibles avec votre appareil.</string>
    <string name="common_google_play_services_update_button">Mettre à jour</string>
    <string name="common_google_play_services_update_text">%1$s ne fonctionnera pas tant que vous n'aurez pas mis à jour les services Google Play.</string>
    <string name="common_google_play_services_update_title">Mettre à jour les services Google Play</string>
    <string name="common_google_play_services_updating_text">%1$s ne fonctionnera pas sans les services Google Play, qui sont en cours de mise à jour.</string>
    <string name="common_google_play_services_wear_update_text">La nouvelle version des services Google Play est nécessaire. Elle sera bientôt installée automatiquement.</string>
    <string name="common_open_on_phone">Ouvrir sur le téléphone</string>
    <string name="common_signin_button_text">Se connecter</string>
    <string name="common_signin_button_text_long">Se connecter avec Google</string>
    <string name="error_icon_content_description">Erreur</string>
    <string name="exo_controls_fastforward_description">Avance rapide</string>
    <string name="exo_controls_hide">Masquer les commandes du lecteur</string>
    <string name="exo_controls_next_description">Suivant</string>
    <string name="exo_controls_pause_description">Pause</string>
    <string name="exo_controls_play_description">Lecture</string>
    <string name="exo_controls_previous_description">Précédent</string>
    <string name="exo_controls_repeat_all_description">Mode actuel : tout répéter. Changer le mode répétition.</string>
    <string name="exo_controls_repeat_off_description">Mode actuel : sans répétition. Changer le mode répétition.</string>
    <string name="exo_controls_repeat_one_description">Mode actuel : une répétition. Changer le mode répétition.</string>
    <string name="exo_controls_rewind_description">Retour arrière</string>
    <string name="exo_controls_show">Afficher les commandes du lecteur</string>
    <string name="exo_controls_shuffle_off_description">Activer le mode aléatoire</string>
    <string name="exo_controls_shuffle_on_description">Désactiver le mode aléatoire</string>
    <string name="exo_controls_vr_description">Mode RV</string>
    <string name="exo_item_list">%1$s, %2$s</string>
    <string name="exo_track_bitrate">%1$.2f Mbit/s</string>
    <string name="exo_track_mono">Mono</string>
    <string name="exo_track_resolution">%1$d × %2$d</string>
    <string name="exo_track_role_alternate">Piste alternative</string>
    <string name="exo_track_role_closed_captions">Sous-titres</string>
    <string name="exo_track_role_commentary">Commentaires</string>
    <string name="exo_track_role_supplementary">Piste supplémentaire</string>
    <string name="exo_track_selection_auto">Automatique</string>
    <string name="exo_track_selection_none">Aucun</string>
    <string name="exo_track_selection_title_audio">Audio</string>
    <string name="exo_track_selection_title_text">Texte</string>
    <string name="exo_track_selection_title_video">Vidéo</string>
    <string name="exo_track_stereo">Stéréo</string>
    <string name="exo_track_surround">Son surround</string>
    <string name="exo_track_surround_5_point_1">Son surround 5.1</string>
    <string name="exo_track_surround_7_point_1">Son surround 7.1</string>
    <string name="exo_track_unknown">Inconnu</string>
    <string name="exposed_dropdown_menu_content_description">Afficher le menu déroulant</string>
    <string name="fallback_menu_item_copy_link">Copier le lien</string>
    <string name="fallback_menu_item_open_in_browser">Ouvrir dans un navigateur</string>
    <string name="fallback_menu_item_share_link">Partager le lien</string>
    <string name="icon_content_description">Icône de la boîte de dialogue</string>
    <string name="item_view_role_description">Tabulation</string>
    <string name="material_clock_toggle_content_description">Sélectionner le format AM ou PM</string>
    <string name="material_hour_24h_suffix">%1$s heures</string>
    <string name="material_hour_selection">Sélectionnez une heure</string>
    <string name="material_hour_suffix">%1$s h</string>
    <string name="material_minute_selection">Sélectionner des minutes</string>
    <string name="material_minute_suffix">%1$s min</string>
    <string name="material_timepicker_am">AM</string>
    <string name="material_timepicker_clock_mode_description">Passer en mode horloge pour la saisie de l'heure.</string>
    <string name="material_timepicker_hour">Heure</string>
    <string name="material_timepicker_minute">Minute</string>
    <string name="material_timepicker_pm">PM</string>
    <string name="material_timepicker_select_time">Sélectionner l'heure</string>
    <string name="material_timepicker_text_input_mode_description">Passer en mode saisie de texte pour la saisie de l'heure.</string>
    <string name="mtrl_badge_numberless_content_description">Nouvelle notification</string>
    <string name="mtrl_chip_close_icon_content_description">Supprimer %1$s</string>
    <string name="mtrl_exceed_max_badge_number_content_description">Plus de %1$d nouvelles notifications</string>
    <string name="mtrl_picker_a11y_next_month">Passer au mois suivant</string>
    <string name="mtrl_picker_a11y_prev_month">Passer au mois précédent</string>
    <string name="mtrl_picker_cancel">Annuler</string>
    <string name="mtrl_picker_confirm">OK</string>
    <string name="mtrl_picker_day_of_week_column_header">Colonne du jour de la semaine : %1$s</string>
    <string name="mtrl_picker_navigate_to_year_description">Accéder à l'année %1$s</string>
    <string name="mtrl_picker_save">Enregistrer</string>
    <string name="mtrl_picker_toggle_to_calendar_input_mode">Passer au mode de saisie Agenda</string>
    <string name="mtrl_picker_toggle_to_day_selection">Appuyer pour sélectionner un jour</string>
    <string name="mtrl_picker_toggle_to_text_input_mode">Passer au mode de saisie Texte</string>
    <string name="mtrl_picker_toggle_to_year_selection">Appuyer pour sélectionner une année</string>
    <string name="mtrl_timepicker_cancel">Annuler</string>
    <string name="mtrl_timepicker_confirm">OK</string>
    <string name="native_body">Corps</string>
    <string name="native_headline">Titre</string>
    <string name="native_media_view">Vue multimédia</string>
    <string name="notifications_permission_confirm">Autoriser</string>
    <string name="notifications_permission_decline">Ne pas autoriser</string>
    <string name="notifications_permission_title">Autoriser l'appli à vous envoyer des notifications ?</string>
    <string name="offline_dialog_image_description">Icône</string>
    <string name="offline_dialog_text">Merci de votre intérêt.
Nous partagerons plus d'informations quand vous serez de nouveau en ligne.</string>
    <string name="offline_notification_title">Connexion Internet rétablie ! Reprenez là où vous vous êtes arrêté</string>
    <string name="offline_notification_title_with_advertiser">Connexion Internet rétablie ! Continuez à découvrir %s</string>
    <string name="offline_opt_in_confirm">OK</string>
    <string name="offline_opt_in_decline">Non, merci</string>
    <string name="offline_opt_in_message">Nous vous enverrons une notification contenant un lien vers le site de l'annonceur.</string>
    <string name="offline_opt_in_title">Ouvrez l'annonce lorsque vous serez à nouveau connecté à Internet.</string>
    <string name="password_toggle_content_description">Afficher le mot de passe</string>
    <string name="s1">Enregistrer l'image</string>
    <string name="s2">Autoriser l'annonce à stocker l'image dans la galerie d'images ?</string>
    <string name="s3">Accepter</string>
    <string name="s4">Refuser</string>
    <string name="s5">Créer un événement d'agenda</string>
    <string name="s6">Autoriser l'annonce à créer un événement d'agenda ?</string>
    <string name="s7">Annonce test</string>
    <string name="search_menu_title">Rechercher</string>
    <string name="status_bar_notification_info_overflow">999+</string>
    <string name="watermark_label_prefix">AdMob -</string>
</resources>