<?xml version='1.0' encoding='utf-8' ?>
<resources>
    <string name="abc_action_bar_up_description">Sogeza juu</string>
    <string name="abc_action_mode_done">Nimemaliza</string>
    <string name="abc_capital_off">IMEZIMWA</string>
    <string name="abc_capital_on">IMEWASHWA</string>
    <string name="abc_menu_alt_shortcut_label">Alt+</string>
    <string name="abc_menu_ctrl_shortcut_label">Ctrl+</string>
    <string name="abc_menu_delete_shortcut_label">delete</string>
    <string name="abc_menu_enter_shortcut_label">enter</string>
    <string name="abc_menu_function_shortcut_label">Function+</string>
    <string name="abc_menu_meta_shortcut_label">Meta+</string>
    <string name="abc_menu_shift_shortcut_label">Shift+</string>
    <string name="abc_menu_space_shortcut_label">space</string>
    <string name="abc_menu_sym_shortcut_label">Sym+</string>
    <string name="abc_prepend_shortcut_label">Menu+</string>
    <string name="abc_search_hint">Tafuta…</string>
    <string name="abc_searchview_description_clear">Futa hoja</string>
    <string name="abc_searchview_description_search">Tafuta</string>
    <string name="abc_searchview_description_submit">Wasilisha hoja</string>
    <string name="abc_searchview_description_voice">Kutafuta kwa kutamka</string>
    <string name="abc_toolbar_collapse_description">Kunja</string>
    <string name="bottomsheet_action_collapse">Kunja safu ya chini</string>
    <string name="bottomsheet_action_expand">Panua safu ya chini</string>
    <string name="bottomsheet_action_expand_halfway">Panua nusu</string>
    <string name="bottomsheet_drag_handle_clicked">Aikoni ya buruta imeguswa mara mbili</string>
    <string name="bottomsheet_drag_handle_content_description">Aikoni ya buruta</string>
    <string name="call_notification_answer_action">Jibu</string>
    <string name="call_notification_answer_video_action">Video</string>
    <string name="call_notification_decline_action">Kataa</string>
    <string name="call_notification_hang_up_action">Kata simu</string>
    <string name="call_notification_incoming_text">Simu uliyopigiwa</string>
    <string name="call_notification_ongoing_text">Simu inayoendelea</string>
    <string name="call_notification_screening_text">Inachuja simu unayopigiwa</string>
    <string name="character_counter_content_description">Umeweka herufi %1$d kati ya %2$d</string>
    <string name="character_counter_overflowed_content_description">Umepitisha idadi ya juu ya herufi %1$d kati ya %2$d</string>
    <string name="clear_text_end_icon_content_description">Futa maandishi</string>
    <string name="common_google_play_services_enable_button">Washa</string>
    <string name="common_google_play_services_enable_text">%1$s haitafanya kazi isipokuwa uwashe huduma za Google Play.</string>
    <string name="common_google_play_services_enable_title">Washa huduma za Google Play</string>
    <string name="common_google_play_services_install_button">Sakinisha</string>
    <string name="common_google_play_services_install_text">%1$s haitafanya kazi bila huduma za Google Play. Huduma hizi hazipatikani kwenye kifaa chako.</string>
    <string name="common_google_play_services_install_title">Pata huduma za Google Play</string>
    <string name="common_google_play_services_notification_channel_name">Upatikanaji wa huduma za Google Play</string>
    <string name="common_google_play_services_notification_ticker">Hitilafu kwenye huduma za Google Play</string>
    <string name="common_google_play_services_unknown_issue">%1$s inakumbwa na hitilafu ya huduma za Google Play. Tafadhali jaribu tena.</string>
    <string name="common_google_play_services_unsupported_text">%1$s haitafanya kazi bila huduma za Google Play. Huduma hizi hazitumiki kwenye kifaa chako.</string>
    <string name="common_google_play_services_update_button">Sasisha</string>
    <string name="common_google_play_services_update_text">%1$s haitafanya kazi hadi usasishe huduma za Google Play.</string>
    <string name="common_google_play_services_update_title">Sasisha huduma za Google Play</string>
    <string name="common_google_play_services_updating_text">%1$s haitafanya kazi bila huduma za Google Play. Huduma hizi zinasasishwa sasa.</string>
    <string name="common_google_play_services_wear_update_text">Toleo jipya la huduma za Google Play linahitajika. Litajisasisha baada ya muda mfupi.</string>
    <string name="common_open_on_phone">Fungua kwenye simu</string>
    <string name="common_signin_button_text">Ingia katika akaunti</string>
    <string name="common_signin_button_text_long">Ingia katika akaunti ukitumia Google</string>
    <string name="error_icon_content_description">Hitilafu</string>
    <string name="exo_controls_fastforward_description">Sogeza mbele haraka</string>
    <string name="exo_controls_hide">Ficha vidhibiti vya kichezaji</string>
    <string name="exo_controls_next_description">Endelea</string>
    <string name="exo_controls_pause_description">Sitisha</string>
    <string name="exo_controls_play_description">Cheza</string>
    <string name="exo_controls_previous_description">Uliotangulia</string>
    <string name="exo_controls_repeat_all_description">Hali ya sasa: Rudia zote. Geuza hali ya kurudia.</string>
    <string name="exo_controls_repeat_off_description">Hali ya sasa: Usirudie yoyote Geuza hali ya kurudia.</string>
    <string name="exo_controls_repeat_one_description">Hali ya sasa: Rudia moja. Geuza hali ya kurudia.</string>
    <string name="exo_controls_rewind_description">Rudisha nyuma</string>
    <string name="exo_controls_show">Onyesha vidhibiti vya kichezaji</string>
    <string name="exo_controls_shuffle_off_description">Washa hali ya kuchanganya</string>
    <string name="exo_controls_shuffle_on_description">Zima hali ya kuchanganya</string>
    <string name="exo_controls_vr_description">Hali ya Uhalisia Pepe</string>
    <string name="exo_item_list">%1$s, %2$s</string>
    <string name="exo_track_bitrate">Mbps %1$.2f</string>
    <string name="exo_track_mono">Mono</string>
    <string name="exo_track_resolution">%1$d × %2$d</string>
    <string name="exo_track_role_alternate">Mbadala</string>
    <string name="exo_track_role_closed_captions">Manukuu</string>
    <string name="exo_track_role_commentary">Uchambuzi</string>
    <string name="exo_track_role_supplementary">Wa ziada</string>
    <string name="exo_track_selection_auto">Otomatiki</string>
    <string name="exo_track_selection_none">Hamna</string>
    <string name="exo_track_selection_title_audio">Sauti</string>
    <string name="exo_track_selection_title_text">Maandishi</string>
    <string name="exo_track_selection_title_video">Video</string>
    <string name="exo_track_stereo">Stereo</string>
    <string name="exo_track_surround">Sauti inayozingira</string>
    <string name="exo_track_surround_5_point_1">Sauti inayozingira ya 5.1</string>
    <string name="exo_track_surround_7_point_1">Sauti inayozingira ya 7.1</string>
    <string name="exo_track_unknown">Haijulikani</string>
    <string name="exposed_dropdown_menu_content_description">Onyesha menyu kunjuzi</string>
    <string name="fallback_menu_item_copy_link">Nakili kiungo</string>
    <string name="fallback_menu_item_open_in_browser">Fungua katika kivinjari</string>
    <string name="fallback_menu_item_share_link">Shiriki kiungo</string>
    <string name="icon_content_description">Aikoni ya Kidirisha</string>
    <string name="item_view_role_description">Kichupo</string>
    <string name="material_clock_toggle_content_description">Chagua AM au PM</string>
    <string name="material_hour_24h_suffix">Saa %1$s</string>
    <string name="material_hour_selection">Chagua saa</string>
    <string name="material_hour_suffix">Saa %1$s kamili</string>
    <string name="material_minute_selection">Chagua dakika</string>
    <string name="material_minute_suffix">Dakika %1$s</string>
    <string name="material_timepicker_am">AM</string>
    <string name="material_timepicker_clock_mode_description">Badilisha umbo liwe la saa ya mishale wakati wa kuweka muda.</string>
    <string name="material_timepicker_hour">Saa</string>
    <string name="material_timepicker_minute">Dakika</string>
    <string name="material_timepicker_pm">PM</string>
    <string name="material_timepicker_select_time">Chagua wakati</string>
    <string name="material_timepicker_text_input_mode_description">Badilisha iwe katika hali ya maandishi wakati wa kuweka muda.</string>
    <string name="mtrl_badge_numberless_content_description">Arifa mpya</string>
    <string name="mtrl_chip_close_icon_content_description">Ondoa %1$s</string>
    <string name="mtrl_exceed_max_badge_number_content_description">Zaidi ya arifa %1$d mpya</string>
    <string name="mtrl_picker_a11y_next_month">Nenda kwenye mwezi unaofuata</string>
    <string name="mtrl_picker_a11y_prev_month">Rudi kwenye mwezi uliotangulia</string>
    <string name="mtrl_picker_cancel">Ghairi</string>
    <string name="mtrl_picker_confirm">Sawa</string>
    <string name="mtrl_picker_day_of_week_column_header">Safu wima ya siku: %1$s</string>
    <string name="mtrl_picker_navigate_to_year_description">Sogeza kwenye mwaka wa %1$s</string>
    <string name="mtrl_picker_save">Hifadhi</string>
    <string name="mtrl_picker_toggle_to_calendar_input_mode">Tumia programu ya kuingiza data kwenye kalenda</string>
    <string name="mtrl_picker_toggle_to_day_selection">Gusa ili uende kwenye sehemu ya kuchagua siku</string>
    <string name="mtrl_picker_toggle_to_text_input_mode">Tumia programu ya kuingiza data ya maandishi</string>
    <string name="mtrl_picker_toggle_to_year_selection">Gusa ili uende kwenye sehemu ya kuchagua mwaka</string>
    <string name="mtrl_timepicker_cancel">Ghairi</string>
    <string name="mtrl_timepicker_confirm">Sawa</string>
    <string name="native_body">Kiini</string>
    <string name="native_headline">Kichwa</string>
    <string name="native_media_view">Mwonekano wa Maudhui</string>
    <string name="notifications_permission_confirm">Ruhusu</string>
    <string name="notifications_permission_decline">Usiruhusu</string>
    <string name="notifications_permission_title">Ungependa kuruhusu programu ikutumie arifa?</string>
    <string name="offline_dialog_image_description">Aikoni</string>
    <string name="offline_dialog_text">Asante kwa kuvutiwa.
Tutakutumia maelezo zaidi pindi utakaporudi mtandaoni.</string>
    <string name="offline_notification_title">Umerudi mtandaoni! Hebu tuendelee kuanzia mahali tulipoachia</string>
    <string name="offline_notification_title_with_advertiser">Umerudi mtandaoni! Endelea kujifunza kuhusu %s</string>
    <string name="offline_opt_in_confirm">Sawa</string>
    <string name="offline_opt_in_decline">Hapana</string>
    <string name="offline_opt_in_message">Tutakutumia arifa yenye kiungo kinachoelekeza kwenye tovuti ya mtangazaji.</string>
    <string name="offline_opt_in_title">Fungua tangazo utakaporudi mtandaoni.</string>
    <string name="password_toggle_content_description">Onyesha nenosiri</string>
    <string name="s1">Hifadhi picha</string>
    <string name="s2">Ungependa kuruhusu tangazo lihifadhi picha katika matunzio ya Picha?</string>
    <string name="s3">Kubali</string>
    <string name="s4">Kataa</string>
    <string name="s5">Unda tukio la kalenda</string>
    <string name="s6">Ungependa kuruhusu tangazo liunde tukio la kalenda?</string>
    <string name="s7">Tangazo la Jaribio</string>
    <string name="search_menu_title">Tafuta</string>
    <string name="status_bar_notification_info_overflow">999+</string>
    <string name="watermark_label_prefix">AdMob -</string>
</resources>