<?xml version='1.0' encoding='utf-8' ?>
<resources>
    <string name="abc_action_bar_up_description">Πλοήγηση προς τα επάνω</string>
    <string name="abc_action_mode_done">Τέλος</string>
    <string name="abc_capital_off">ΑΠΕΝΕΡΓΟΠΟΙΗΣΗ</string>
    <string name="abc_capital_on">ΕΝΕΡΓΟΠΟΙΗΣΗ</string>
    <string name="abc_menu_alt_shortcut_label">Alt+</string>
    <string name="abc_menu_ctrl_shortcut_label">Ctrl+</string>
    <string name="abc_menu_delete_shortcut_label">delete</string>
    <string name="abc_menu_enter_shortcut_label">enter</string>
    <string name="abc_menu_function_shortcut_label">Function+</string>
    <string name="abc_menu_meta_shortcut_label">Meta+</string>
    <string name="abc_menu_shift_shortcut_label">Shift+</string>
    <string name="abc_menu_space_shortcut_label">διάστημα</string>
    <string name="abc_menu_sym_shortcut_label">Sym+</string>
    <string name="abc_prepend_shortcut_label">Menu+</string>
    <string name="abc_search_hint">Αναζήτηση…</string>
    <string name="abc_searchview_description_clear">Διαγραφή ερωτήματος</string>
    <string name="abc_searchview_description_search">Αναζήτηση</string>
    <string name="abc_searchview_description_submit">Υποβολή ερωτήματος</string>
    <string name="abc_searchview_description_voice">Φωνητική αναζήτηση</string>
    <string name="abc_toolbar_collapse_description">Σύμπτυξη</string>
    <string name="bottomsheet_action_collapse">Σύμπτυξη του φύλλου κάτω μέρους</string>
    <string name="bottomsheet_action_expand">Ανάπτυξη του φύλλου κάτω μέρους</string>
    <string name="bottomsheet_action_expand_halfway">Ανάπτυξη μέχρι τη μέση</string>
    <string name="bottomsheet_drag_handle_clicked">Η λαβή μεταφοράς πατήθηκε δύο φορές</string>
    <string name="bottomsheet_drag_handle_content_description">Λαβή μεταφοράς</string>
    <string name="call_notification_answer_action">Απάντηση</string>
    <string name="call_notification_answer_video_action">Βίντεο</string>
    <string name="call_notification_decline_action">Απόρριψη</string>
    <string name="call_notification_hang_up_action">Τερματισμός</string>
    <string name="call_notification_incoming_text">Εισερχόμενη κλήση</string>
    <string name="call_notification_ongoing_text">Κλήση σε εξέλιξη</string>
    <string name="call_notification_screening_text">Διαλογή εισερχόμενης κλήσης</string>
    <string name="character_counter_content_description">Εισήχθησαν %1$d από %2$d χαρακτήρες</string>
    <string name="character_counter_overflowed_content_description">Υπέρβαση ορίου χαρακτήρων %1$d από %2$d</string>
    <string name="clear_text_end_icon_content_description">Διαγραφή κειμένου</string>
    <string name="common_google_play_services_enable_button">Ενεργοποίηση</string>
    <string name="common_google_play_services_enable_text">Η εφαρμογή %1$s δεν θα λειτουργήσει εάν δεν έχετε ενεργοποιήσει τις υπηρεσίες Google Play.</string>
    <string name="common_google_play_services_enable_title">Ενεργοποίηση υπηρεσιών Google Play</string>
    <string name="common_google_play_services_install_button">Εγκατάσταση</string>
    <string name="common_google_play_services_install_text">Η εφαρμογή %1$s δεν μπορεί να εκτελεστεί χωρίς τις υπηρεσίες Google Play, οι οποίες λείπουν από τη συσκευή σας.</string>
    <string name="common_google_play_services_install_title">Λήψη υπηρεσιών Google Play</string>
    <string name="common_google_play_services_notification_channel_name">Διαθεσιμότητα υπηρεσιών Google Play</string>
    <string name="common_google_play_services_notification_ticker">Σφάλμα Υπηρεσιών Google Play</string>
    <string name="common_google_play_services_unknown_issue">Η εφαρμογή %1$s αντιμετωπίζει κάποιο πρόβλημα με τις υπηρεσίες Google Play. Προσπαθήστε ξανά.</string>
    <string name="common_google_play_services_unsupported_text">Η εφαρμογή %1$s δεν θα εκτελεστεί χωρίς τις υπηρεσίες Google Play, οι οποίες δεν υποστηρίζονται από τη συσκευή σας.</string>
    <string name="common_google_play_services_update_button">Ενημέρωση</string>
    <string name="common_google_play_services_update_text">Η εφαρμογή %1$s θα εκτελεστεί αφού ενημερώσετε τις Υπηρεσίες Google Play.</string>
    <string name="common_google_play_services_update_title">Ενημέρωση υπηρεσιών Google Play</string>
    <string name="common_google_play_services_updating_text">Η εφαρμογή %1$s δεν θα εκτελεστεί χωρίς τις υπηρεσίες Google Play, οι οποίες ενημερώνονται αυτήν τη στιγμή.</string>
    <string name="common_google_play_services_wear_update_text">Απαιτείται νέα έκδοση των υπηρεσιών Google Play. Θα ενημερωθεί σύντομα.</string>
    <string name="common_open_on_phone">Άνοιγμα σε τηλέφωνο</string>
    <string name="common_signin_button_text">Σύνδεση</string>
    <string name="common_signin_button_text_long">Συνδεθείτε με το Google</string>
    <string name="error_icon_content_description">Σφάλμα</string>
    <string name="exo_controls_fastforward_description">Γρήγορη προώθηση</string>
    <string name="exo_controls_hide">Απόκρ. στοιχείων ελέγχου προγράμματος αναπαραγωγής</string>
    <string name="exo_controls_next_description">Επόμενο</string>
    <string name="exo_controls_pause_description">Παύση</string>
    <string name="exo_controls_play_description">Αναπαραγωγή</string>
    <string name="exo_controls_previous_description">Προηγούμενο</string>
    <string name="exo_controls_repeat_all_description">Τρέχ. λειτουργία: Επανάλ. όλων Εναλλαγή λειτουργ. επανάλ.</string>
    <string name="exo_controls_repeat_off_description">Τρέχ. λειτουργία: Καμία επανάλ. Εναλλαγή λειτουργ. επανάλ.</string>
    <string name="exo_controls_repeat_one_description">Τρέχ. λειτουργία: Επανάλ. ενός. Εναλλαγή λειτουργ. επανάλ.</string>
    <string name="exo_controls_rewind_description">Επαναφορά</string>
    <string name="exo_controls_show">Εμφάν. στοιχείων ελέγχου προγράμματος αναπαραγωγής</string>
    <string name="exo_controls_shuffle_off_description">Ενεργοπ. λειτουργ. τυχαίας αναπαραγωγής</string>
    <string name="exo_controls_shuffle_on_description">Απενεργ. λειτουργ. τυχαίας αναπαραγωγής</string>
    <string name="exo_controls_vr_description">Λειτουργία VR mode</string>
    <string name="exo_item_list">%1$s, %2$s</string>
    <string name="exo_track_bitrate">%1$.2f Mbps</string>
    <string name="exo_track_mono">Μονοφωνικό</string>
    <string name="exo_track_resolution">%1$d × %2$d</string>
    <string name="exo_track_role_alternate">Εναλλακτικό</string>
    <string name="exo_track_role_closed_captions">Υπότιτλοι</string>
    <string name="exo_track_role_commentary">Σχολιασμός</string>
    <string name="exo_track_role_supplementary">Συμπληρωματικό</string>
    <string name="exo_track_selection_auto">Αυτόματο</string>
    <string name="exo_track_selection_none">Κανένα</string>
    <string name="exo_track_selection_title_audio">Ήχος</string>
    <string name="exo_track_selection_title_text">Κείμενο</string>
    <string name="exo_track_selection_title_video">Βίντεο</string>
    <string name="exo_track_stereo">Στερεοφωνικό</string>
    <string name="exo_track_surround">Περιφερειακός ήχος</string>
    <string name="exo_track_surround_5_point_1">Περιφερειακός ήχος 5.1</string>
    <string name="exo_track_surround_7_point_1">Περιφερειακός ήχος 7.1</string>
    <string name="exo_track_unknown">Άγνωστο</string>
    <string name="exposed_dropdown_menu_content_description">Εμφάνιση αναπτυσσόμενου μενού</string>
    <string name="fallback_menu_item_copy_link">Αντιγραφή συνδέσμου</string>
    <string name="fallback_menu_item_open_in_browser">Άνοιγμα σε πρόγραμμα περιήγησης</string>
    <string name="fallback_menu_item_share_link">Κοινοποίηση συνδέσμου</string>
    <string name="icon_content_description">Εικονίδιο παραθύρου διαλόγου</string>
    <string name="item_view_role_description">Καρτέλα</string>
    <string name="material_clock_toggle_content_description">Επιλέξτε π.μ. ή μ.μ.</string>
    <string name="material_hour_24h_suffix">%1$s ώρες</string>
    <string name="material_hour_selection">Επιλογή ώρας</string>
    <string name="material_hour_suffix">%1$s ακριβώς</string>
    <string name="material_minute_selection">Επιλογή λεπτών</string>
    <string name="material_minute_suffix">%1$s λεπτά</string>
    <string name="material_timepicker_am">ΠΜ</string>
    <string name="material_timepicker_clock_mode_description">Κάντε εναλλαγή στη λειτουργία ρολογιού, για την εισαγωγή της ώρας.</string>
    <string name="material_timepicker_hour">Ώρα</string>
    <string name="material_timepicker_minute">Λεπτό</string>
    <string name="material_timepicker_pm">ΜΜ</string>
    <string name="material_timepicker_select_time">Επιλέξτε ώρα</string>
    <string name="material_timepicker_text_input_mode_description">Κάντε εναλλαγή στη λειτουργία εισαγωγής κειμένου, για την εισαγωγή της ώρας.</string>
    <string name="mtrl_badge_numberless_content_description">Νέα ειδοποίηση</string>
    <string name="mtrl_chip_close_icon_content_description">Κατάργηση %1$s</string>
    <string name="mtrl_exceed_max_badge_number_content_description">Πάνω από %1$d νέες ειδοποιήσεις</string>
    <string name="mtrl_picker_a11y_next_month">Αλλαγή στον επόμενο μήνα</string>
    <string name="mtrl_picker_a11y_prev_month">Αλλαγή στον προηγούμενο μήνα</string>
    <string name="mtrl_picker_cancel">Ακύρωση</string>
    <string name="mtrl_picker_confirm">ΟΚ</string>
    <string name="mtrl_picker_day_of_week_column_header">Στήλη ημερών: %1$s</string>
    <string name="mtrl_picker_navigate_to_year_description">Πλοήγηση στο έτος %1$s</string>
    <string name="mtrl_picker_save">Αποθήκευση</string>
    <string name="mtrl_picker_toggle_to_calendar_input_mode">Εναλλαγή στη λειτουργία εισαγωγής ημερολογίου</string>
    <string name="mtrl_picker_toggle_to_day_selection">Πατήστε για εναλλαγή για την επιλογή ημέρας</string>
    <string name="mtrl_picker_toggle_to_text_input_mode">Εναλλαγή στη λειτουργία εισαγωγής κειμένου</string>
    <string name="mtrl_picker_toggle_to_year_selection">Πατήστε για εναλλαγή για την επιλογή έτους</string>
    <string name="mtrl_timepicker_cancel">Ακύρωση</string>
    <string name="mtrl_timepicker_confirm">ΟΚ</string>
    <string name="native_body">Σώμα</string>
    <string name="native_headline">Τίτλος</string>
    <string name="native_media_view">Προβολή μέσων</string>
    <string name="notifications_permission_confirm">Να επιτρέπεται</string>
    <string name="notifications_permission_decline">Να μην επιτρέπεται</string>
    <string name="notifications_permission_title">Να επιτρέπεται στην εφαρμογή να σας στέλνει ειδοποιήσεις;</string>
    <string name="offline_dialog_image_description">Εικονίδιο</string>
    <string name="offline_dialog_text">Ευχαριστούμε για το ενδιαφέρον που δείχνετε.
Θα σας δώσουμε περισσότερες πληροφορίες μόλις συνδεθείτε ξανά στο διαδίκτυο.</string>
    <string name="offline_notification_title">Συνδεθήκατε ξανά στο διαδίκτυο! Ας συνεχίσουμε από εκεί που σταματήσαμε</string>
    <string name="offline_notification_title_with_advertiser">Συνδεθήκατε ξανά στο διαδίκτυο! Μάθετε περισσότερα για τον διαφημιζόμενο %s</string>
    <string name="offline_opt_in_confirm">ΟΚ</string>
    <string name="offline_opt_in_decline">Όχι</string>
    <string name="offline_opt_in_message">Θα σας στείλουμε μια ειδοποίηση με έναν σύνδεσμο στον ιστότοπο του διαφημιζόμενου.</string>
    <string name="offline_opt_in_title">Άνοιγμα της διαφήμισης όταν συνδεθείτε ξανά στο διαδίκτυο</string>
    <string name="password_toggle_content_description">Εμφάνιση κωδικού πρόσβασης</string>
    <string name="s1">Αποθήκευση εικόνας</string>
    <string name="s2">Να επιτραπεί στη διαφήμιση να αποθηκεύσει την εικόνα στο gallery φωτογραφιών;</string>
    <string name="s3">Αποδοχή</string>
    <string name="s4">Απόρριψη</string>
    <string name="s5">Δημιουργία συμβάντος ημερολογίου</string>
    <string name="s6">Να επιτραπεί στη διαφήμιση να δημιουργήσει ένα συμβάν ημερολογίου;</string>
    <string name="s7">Δοκιμαστική διαφήμιση</string>
    <string name="search_menu_title">Αναζήτηση</string>
    <string name="status_bar_notification_info_overflow">999+</string>
    <string name="watermark_label_prefix">AdMob -</string>
</resources>