<?xml version='1.0' encoding='utf-8' ?>
<resources>
    <string name="abc_action_bar_up_description">Անցնել վերև</string>
    <string name="abc_action_mode_done">Պատրաստ է</string>
    <string name="abc_capital_off">ԱՆՋԱՏԵԼ</string>
    <string name="abc_capital_on">ՄԻԱՑՆԵԼ</string>
    <string name="abc_menu_alt_shortcut_label">Alt+</string>
    <string name="abc_menu_ctrl_shortcut_label">Ctrl+</string>
    <string name="abc_menu_delete_shortcut_label">Delete</string>
    <string name="abc_menu_enter_shortcut_label">Enter</string>
    <string name="abc_menu_function_shortcut_label">Function+</string>
    <string name="abc_menu_meta_shortcut_label">Meta+</string>
    <string name="abc_menu_shift_shortcut_label">Shift+</string>
    <string name="abc_menu_space_shortcut_label">բացատ</string>
    <string name="abc_menu_sym_shortcut_label">Sym+</string>
    <string name="abc_prepend_shortcut_label">Menu+</string>
    <string name="abc_search_hint">Որոնում…</string>
    <string name="abc_searchview_description_clear">Ջնջել հարցումը</string>
    <string name="abc_searchview_description_search">Որոնել</string>
    <string name="abc_searchview_description_submit">Ուղարկել հարցումը</string>
    <string name="abc_searchview_description_voice">Ձայնային որոնում</string>
    <string name="abc_toolbar_collapse_description">Ծալել</string>
    <string name="bottomsheet_action_collapse">Ծալել ներքևի էկրանը</string>
    <string name="bottomsheet_action_expand">Ծավալել ներքևի էկրանը</string>
    <string name="bottomsheet_action_expand_halfway">Ծավալել կիսով չափ</string>
    <string name="bottomsheet_drag_handle_clicked">Կրկնակի հպում տեղափոխման նշիչին</string>
    <string name="bottomsheet_drag_handle_content_description">Տեղափոխման նշիչ</string>
    <string name="call_notification_answer_action">Պատասխանել</string>
    <string name="call_notification_answer_video_action">Տեսազանգ</string>
    <string name="call_notification_decline_action">Մերժել</string>
    <string name="call_notification_hang_up_action">Ավարտել</string>
    <string name="call_notification_incoming_text">Մուտքային զանգ</string>
    <string name="call_notification_ongoing_text">Ընթացիկ զանգ</string>
    <string name="call_notification_screening_text">Մուտքային զանգի զտում</string>
    <string name="character_counter_content_description">Մուտքագրված նիշեր՝ %1$d/%2$d</string>
    <string name="character_counter_overflowed_content_description">Նիշերի առավելագույն քանակը գերազանցվել է (%1$d/%2$d)</string>
    <string name="clear_text_end_icon_content_description">Ջնջել տեքստը</string>
    <string name="common_google_play_services_enable_button">Միացնել</string>
    <string name="common_google_play_services_enable_text">%1$s հավելվածը չի աշխատի մինչև չմիացնեք Google Play ծառայությունները:</string>
    <string name="common_google_play_services_enable_title">Միացնել Google Play ծառայությունները</string>
    <string name="common_google_play_services_install_button">Տեղադրել</string>
    <string name="common_google_play_services_install_text">%1$s հավելվածը չի աշխատի առանց Google Play ծառայությունների, որոնք չկան ձեր սարքում:</string>
    <string name="common_google_play_services_install_title">Տեղադրել Google Play ծառայությունները</string>
    <string name="common_google_play_services_notification_channel_name">Google Play ծառայությունների հասանելիություն</string>
    <string name="common_google_play_services_notification_ticker">Google Play ծառայությունների սխալ կա</string>
    <string name="common_google_play_services_unknown_issue">%1$s հավելվածը Google Play ծառայությունների հետ կապված խնդիր ունի: Փորձեք նորից:</string>
    <string name="common_google_play_services_unsupported_text">%1$s հավելվածը չի աշխատի առանց Google Play ծառայությունների, որոնք ձեր սարքում չեն աջակցվում:</string>
    <string name="common_google_play_services_update_button">Թարմացնել</string>
    <string name="common_google_play_services_update_text">%1$s հավելվածը չի աշխատի մինչև չթարմացնեք Google Play ծառայությունները:</string>
    <string name="common_google_play_services_update_title">Թարմացնել Google Play ծառայությունները</string>
    <string name="common_google_play_services_updating_text">%1$s հավելվածը չի աշխատի առանց Google Play ծառայությունների, որոնք այս պահին թարմացվում են:</string>
    <string name="common_google_play_services_wear_update_text">Անհրաժեշտ է Google Play ծառայությունների նոր տարբերակը: Այն շուտով կթարմացվի ավտոմատ կերպով:</string>
    <string name="common_open_on_phone">Բացել հեռախոսով</string>
    <string name="common_signin_button_text">Մուտք գործել</string>
    <string name="common_signin_button_text_long">Մուտք գործել Google-ով</string>
    <string name="error_icon_content_description">Սխալ</string>
    <string name="exo_controls_fastforward_description">Առաջ</string>
    <string name="exo_controls_hide">Թաքցնել նվագարկչի կառավարները</string>
    <string name="exo_controls_next_description">Առաջ</string>
    <string name="exo_controls_pause_description">Դադարեցնել</string>
    <string name="exo_controls_play_description">Նվագարկել</string>
    <string name="exo_controls_previous_description">Հետ</string>
    <string name="exo_controls_repeat_all_description">Ընթացիկ ռեժիմը՝ «Կրկնել բոլորը»։ Փոխել կրկնության ռեժիմը։</string>
    <string name="exo_controls_repeat_off_description">Ընթացիկ ռեժիմը՝ «Չկրկնել»։ Փոխել կրկնության ռեժիմը։</string>
    <string name="exo_controls_repeat_one_description">Ընթացիկ ռեժիմը՝ «Կրկնել մեկը»։ Փոխել կրկնության ռեժիմը։</string>
    <string name="exo_controls_rewind_description">Հետ</string>
    <string name="exo_controls_show">Ցուցադրել նվագարկչի կառավարները</string>
    <string name="exo_controls_shuffle_off_description">Միացնել խառը նվագարկման ռեժիմը</string>
    <string name="exo_controls_shuffle_on_description">Անջատել խառը նվագարկման ռեժիմը</string>
    <string name="exo_controls_vr_description">VR ռեժիմ</string>
    <string name="exo_item_list">%1$s, %2$s</string>
    <string name="exo_track_bitrate">%1$.2f Մբիթ/վ</string>
    <string name="exo_track_mono">Մոնո</string>
    <string name="exo_track_resolution">%1$d × %2$d</string>
    <string name="exo_track_role_alternate">Այլընտրանքային</string>
    <string name="exo_track_role_closed_captions">Ենթագրեր</string>
    <string name="exo_track_role_commentary">Մեկնաբանություններ</string>
    <string name="exo_track_role_supplementary">Լրացուցիչ</string>
    <string name="exo_track_selection_auto">Ավտոմատ</string>
    <string name="exo_track_selection_none">Ոչ մեկը</string>
    <string name="exo_track_selection_title_audio">Աուդիո</string>
    <string name="exo_track_selection_title_text">Տեքստ</string>
    <string name="exo_track_selection_title_video">Տեսանյութ</string>
    <string name="exo_track_stereo">Ստերեո</string>
    <string name="exo_track_surround">Ծավալային ձայն</string>
    <string name="exo_track_surround_5_point_1">5․1 ծավալային ձայն</string>
    <string name="exo_track_surround_7_point_1">7․1 ծավալային ձայն</string>
    <string name="exo_track_unknown">Անհայտ</string>
    <string name="exposed_dropdown_menu_content_description">Ցույց տալ իջնող ընտրացանկը</string>
    <string name="fallback_menu_item_copy_link">Պատճենել հղումը</string>
    <string name="fallback_menu_item_open_in_browser">Բացել դիտարկիչում</string>
    <string name="fallback_menu_item_share_link">Կիսվել հղումով</string>
    <string name="icon_content_description">Երկխոսության պատուհանի պատկերակ</string>
    <string name="item_view_role_description">Ներդիր</string>
    <string name="material_clock_toggle_content_description">Ընտրել AM կամ PM</string>
    <string name="material_hour_24h_suffix">%1$s ժամ</string>
    <string name="material_hour_selection">Ընտրել ժամը</string>
    <string name="material_hour_suffix">Ժամը %1$s է</string>
    <string name="material_minute_selection">Ընտրեք րոպեն</string>
    <string name="material_minute_suffix">%1$s րոպե</string>
    <string name="material_timepicker_am">AM</string>
    <string name="material_timepicker_clock_mode_description">Ժամը մուտքագրելու համար միացրեք ժամացույցի ռեժիմը:</string>
    <string name="material_timepicker_hour">Ժամ</string>
    <string name="material_timepicker_minute">Րոպե</string>
    <string name="material_timepicker_pm">PM</string>
    <string name="material_timepicker_select_time">Ժամանակի ընտրություն</string>
    <string name="material_timepicker_text_input_mode_description">Ժամը մուտքագրելու համար միացրեք տեքստի մուտքագրման ռեժիմը:</string>
    <string name="mtrl_badge_numberless_content_description">Նոր ծանուցում</string>
    <string name="mtrl_chip_close_icon_content_description">Հեռացնել (%1$s)</string>
    <string name="mtrl_exceed_max_badge_number_content_description">Ավելի քան %1$d նոր ծանուցում</string>
    <string name="mtrl_picker_a11y_next_month">Անցնել հաջորդ ամիս</string>
    <string name="mtrl_picker_a11y_prev_month">Անցնել նախորդ ամիս</string>
    <string name="mtrl_picker_cancel">Չեղարկել</string>
    <string name="mtrl_picker_confirm">Եղավ</string>
    <string name="mtrl_picker_day_of_week_column_header">Օրերի սյունակ՝ %1$s</string>
    <string name="mtrl_picker_navigate_to_year_description">Անցնել %1$s թվական</string>
    <string name="mtrl_picker_save">Պահել</string>
    <string name="mtrl_picker_toggle_to_calendar_input_mode">Անցնել օրացույցի մուտքագրման ռեժիմ</string>
    <string name="mtrl_picker_toggle_to_day_selection">Հպեք՝ օրվա ընտությանն անցնելու համար</string>
    <string name="mtrl_picker_toggle_to_text_input_mode">Անցնել տեքստի մուտքագրման ռեժիմին</string>
    <string name="mtrl_picker_toggle_to_year_selection">Հպեք՝ տարեթվի ընտությանն անցնելու համար</string>
    <string name="mtrl_timepicker_cancel">Չեղարկել</string>
    <string name="mtrl_timepicker_confirm">Եղավ</string>
    <string name="native_body">Հիմնական տեքստ</string>
    <string name="native_headline">Վերնագիր</string>
    <string name="native_media_view">Մեդիա տեսք</string>
    <string name="notifications_permission_confirm">Թույլատրել</string>
    <string name="notifications_permission_decline">Չթույլատրել</string>
    <string name="notifications_permission_title">Թույլատրե՞լ հավելվածին, որ ձեզ ծանուցումներ ուղարկի։</string>
    <string name="offline_dialog_image_description">Պատկերակ</string>
    <string name="offline_dialog_text">Շնորհակալություն հետաքրքրություն ցուցաբերելու համար։
Մենք ձեզ հետ լրացուցիչ տեղեկություններով կկիսվենք, հենց որ նորից միանաք ցանցին։</string>
    <string name="offline_notification_title">Դուք նորից առցանց եք։ Շարունակեք այն պահից, որտեղ կանգ էիք առել</string>
    <string name="offline_notification_title_with_advertiser">Դուք նորից առցանց եք։ Շարունակեք ծանոթանալ %s-ին</string>
    <string name="offline_opt_in_confirm">Եղավ</string>
    <string name="offline_opt_in_decline">Ոչ, շնորհակալություն</string>
    <string name="offline_opt_in_message">Դուք կստանաք ծանուցում՝ գովազդատուի կայքի հղումով։</string>
    <string name="offline_opt_in_title">Բացեք հայտարարությունը, երբ նորից միանաք ցանցին։</string>
    <string name="password_toggle_content_description">Ցուցադրել գաղտնաբառը</string>
    <string name="s1">Պահել պատկերը</string>
    <string name="s2">Թույլատրե՞լ Գովազդին պահել պատկերը Պատկերասրահում:</string>
    <string name="s3">Ընդունել</string>
    <string name="s4">Մերժել</string>
    <string name="s5">Ստեղծել օրացույցի միջոցառում</string>
    <string name="s6">Թույլատրե՞լ Գովազդին ստեղծել օրացույցի միջոցառում:</string>
    <string name="s7">Փորձարկել գովազդը</string>
    <string name="search_menu_title">Որոնել</string>
    <string name="status_bar_notification_info_overflow">999+</string>
    <string name="watermark_label_prefix">AdMob –</string>
</resources>