<?xml version='1.0' encoding='utf-8' ?>
<resources>
    <string name="abc_action_bar_up_description">Zulazulela phezulu</string>
    <string name="abc_action_mode_done">Kwenziwe</string>
    <string name="abc_capital_off">VALA</string>
    <string name="abc_capital_on">VULA</string>
    <string name="abc_menu_alt_shortcut_label">Alt+</string>
    <string name="abc_menu_ctrl_shortcut_label">Ctrl+</string>
    <string name="abc_menu_delete_shortcut_label">delete</string>
    <string name="abc_menu_enter_shortcut_label">enter</string>
    <string name="abc_menu_function_shortcut_label">Function+</string>
    <string name="abc_menu_meta_shortcut_label">Meta+</string>
    <string name="abc_menu_shift_shortcut_label">Shift+</string>
    <string name="abc_menu_space_shortcut_label">space</string>
    <string name="abc_menu_sym_shortcut_label">Sym+</string>
    <string name="abc_prepend_shortcut_label">Imenyu+</string>
    <string name="abc_search_hint">Sesha…</string>
    <string name="abc_searchview_description_clear">Sula inkinga</string>
    <string name="abc_searchview_description_search">Sesha</string>
    <string name="abc_searchview_description_submit">Thumela umbuzo</string>
    <string name="abc_searchview_description_voice">Ukusesha ngezwi</string>
    <string name="abc_toolbar_collapse_description">Goqa</string>
    <string name="bottomsheet_action_collapse">Goqa ishidi eliphansi</string>
    <string name="bottomsheet_action_expand">Nweba ishidi eliphansi</string>
    <string name="bottomsheet_action_expand_halfway">Nweba phakathi</string>
    <string name="bottomsheet_drag_handle_clicked">Hudula isibambi esithephwe kabili</string>
    <string name="bottomsheet_drag_handle_content_description">Hudula isibambi</string>
    <string name="call_notification_answer_action">Phendula</string>
    <string name="call_notification_answer_video_action">Ividiyo</string>
    <string name="call_notification_decline_action">Yenqaba</string>
    <string name="call_notification_hang_up_action">Vala Ucingo</string>
    <string name="call_notification_incoming_text">Ikholi engenayo</string>
    <string name="call_notification_ongoing_text">Ikholi eqhubekayo</string>
    <string name="call_notification_screening_text">Ukuveza ikholi engenayo</string>
    <string name="character_counter_content_description">Izinhlamvu ezifakiwe ezingu-%1$d zokungu-%2$d</string>
    <string name="character_counter_overflowed_content_description">Umkhawulo wezinhlamvu udlule u-%1$d kokungu-%2$d</string>
    <string name="clear_text_end_icon_content_description">Sula umbhalo</string>
    <string name="common_google_play_services_enable_button">Nika amandla</string>
    <string name="common_google_play_services_enable_text">I-%1$s ngeke isebenze ngaphandle kokuthi unike amandla amasevisi we-Google Play.</string>
    <string name="common_google_play_services_enable_title">Nika amandla amasevisi we-Google Play</string>
    <string name="common_google_play_services_install_button">Faka</string>
    <string name="common_google_play_services_install_text">I-%1$s ngeke ize iqalise ngaphandle kwamasevisi we-Google Play, angekho kusukela kudivayisi yakho.</string>
    <string name="common_google_play_services_install_title">Thola amasevisi we-Google Play</string>
    <string name="common_google_play_services_notification_channel_name">Ukungatholakali kwamasevisi e-Google Play</string>
    <string name="common_google_play_services_notification_ticker">Iphutha lamasevisi we-Google Play</string>
    <string name="common_google_play_services_unknown_issue">%1$s inenkinga ngamasevisi e-Google Play. Sicela uzame futhi.</string>
    <string name="common_google_play_services_unsupported_text">%1$s ngeke isebenze ngaphandle kwamasevisi e-Google Play, angasekelwa idivayisi yakho.</string>
    <string name="common_google_play_services_update_button">Isibuyekezo</string>
    <string name="common_google_play_services_update_text">I-%1$s ngeke ize iqalise ngaphandle kokuthi ubuyekeze i-Google Play.</string>
    <string name="common_google_play_services_update_title">Buyekeza amasevisi we-Google Play</string>
    <string name="common_google_play_services_updating_text">I-%1$s ngeke ize iqalise ngaphandle kwamasevisi we-Google Play, okwamanje abuyekezwayo.</string>
    <string name="common_google_play_services_wear_update_text">Kudingeka inguqulo entsha yamasevisi we-Google Play. Izozibuyekeza ngokwayo maduze.</string>
    <string name="common_open_on_phone">Vula kufoni</string>
    <string name="common_signin_button_text">Ngena ngemvume</string>
    <string name="common_signin_button_text_long">Ngena ngemvume nge-Google</string>
    <string name="error_icon_content_description">Iphutha</string>
    <string name="exo_controls_fastforward_description">Dlulisela phambili</string>
    <string name="exo_controls_hide">Fihla izilawuli zesidlali</string>
    <string name="exo_controls_next_description">Okulandelayo</string>
    <string name="exo_controls_pause_description">Phumula</string>
    <string name="exo_controls_play_description">Dlala</string>
    <string name="exo_controls_previous_description">Okwangaphambilini</string>
    <string name="exo_controls_repeat_all_description">Imodi yamanje: Phinda konke. Guqula imodi yokuphinda.</string>
    <string name="exo_controls_repeat_off_description">Imodeli yamanje: Ungaphindi lutho. Guqula imodi yokuphinda.</string>
    <string name="exo_controls_repeat_one_description">Imodi yamanje: Phinda kanye. Guqula imodi yokuphinda.</string>
    <string name="exo_controls_rewind_description">Buyisela emuva</string>
    <string name="exo_controls_show">Bonisa izilawuli zesidlali</string>
    <string name="exo_controls_shuffle_off_description">Nika amandla imodi yokushova</string>
    <string name="exo_controls_shuffle_on_description">Khubaza imodi yokushova</string>
    <string name="exo_controls_vr_description">Inqubo ye-VR</string>
    <string name="exo_item_list">%1$s, %2$s</string>
    <string name="exo_track_bitrate">%1$.2f Mbps</string>
    <string name="exo_track_mono">Okukodwa</string>
    <string name="exo_track_resolution">%1$d × %2$d</string>
    <string name="exo_track_role_alternate">Okunye</string>
    <string name="exo_track_role_closed_captions">CC</string>
    <string name="exo_track_role_commentary">Abahlaziyi</string>
    <string name="exo_track_role_supplementary">Okungeziwe</string>
    <string name="exo_track_selection_auto">Okuzenzakalelayo</string>
    <string name="exo_track_selection_none">Lutho</string>
    <string name="exo_track_selection_title_audio">Umsindo</string>
    <string name="exo_track_selection_title_text">Umbhalo</string>
    <string name="exo_track_selection_title_video">Ividiyo</string>
    <string name="exo_track_stereo">I-Stereo</string>
    <string name="exo_track_surround">Umsindo ozungelezile</string>
    <string name="exo_track_surround_5_point_1">Umsindo ozungelezile ongu-5.1</string>
    <string name="exo_track_surround_7_point_1">Umsindo ozungelezile ongu-7.1</string>
    <string name="exo_track_unknown">Akwaziwa</string>
    <string name="exposed_dropdown_menu_content_description">Bonisa imenyu yokudonsela phansi</string>
    <string name="fallback_menu_item_copy_link">Kopisha isixhumanisi</string>
    <string name="fallback_menu_item_open_in_browser">Vula kusiphequluli</string>
    <string name="fallback_menu_item_share_link">Yabelana ngesixhumanisi</string>
    <string name="icon_content_description">Isithonjana sebhokisi</string>
    <string name="item_view_role_description">Ithebhu</string>
    <string name="material_clock_toggle_content_description">Khetha u-AM noma u-PM</string>
    <string name="material_hour_24h_suffix">amahora angu-%1$s</string>
    <string name="material_hour_selection">Khetha ihora</string>
    <string name="material_hour_suffix">%1$s ezimpondweni</string>
    <string name="material_minute_selection">Khetha amaminithi</string>
    <string name="material_minute_suffix">amaminithi angu-%1$s</string>
    <string name="material_timepicker_am">AM</string>
    <string name="material_timepicker_clock_mode_description">Shintshela kumodi yewashi ngokufakwa kwesikhathi.</string>
    <string name="material_timepicker_hour">Ihora</string>
    <string name="material_timepicker_minute">Iminithi</string>
    <string name="material_timepicker_pm">PM</string>
    <string name="material_timepicker_select_time">Khetha isikhathi</string>
    <string name="material_timepicker_text_input_mode_description">Shintshela kumodi yokufaka umbhalo ngokufaka isikhathi.</string>
    <string name="mtrl_badge_numberless_content_description">Isaziso esisha</string>
    <string name="mtrl_chip_close_icon_content_description">Susa i-%1$s</string>
    <string name="mtrl_exceed_max_badge_number_content_description">Izaziso ezintsha ezingaphezu kokungu-%1$d</string>
    <string name="mtrl_picker_a11y_next_month">Shintshela kunyanga elandelayo</string>
    <string name="mtrl_picker_a11y_prev_month">Shintshela kunyanga edlule</string>
    <string name="mtrl_picker_cancel">Khansela</string>
    <string name="mtrl_picker_confirm">KULUNGILE</string>
    <string name="mtrl_picker_day_of_week_column_header">Ikholomu yezinsuku: %1$s</string>
    <string name="mtrl_picker_navigate_to_year_description">Zulela onyakeni %1$s</string>
    <string name="mtrl_picker_save">Londoloza</string>
    <string name="mtrl_picker_toggle_to_calendar_input_mode">Shintshela kwimodi yokufaka yekhalenda</string>
    <string name="mtrl_picker_toggle_to_day_selection">Thepha ukuze ushintshe ekukhetheni usuku</string>
    <string name="mtrl_picker_toggle_to_text_input_mode">Shintshela kwimodi yokufaka yombhalo</string>
    <string name="mtrl_picker_toggle_to_year_selection">Thepha ukuze ushintshele ekukhetheni unyaka</string>
    <string name="mtrl_timepicker_cancel">Khansela</string>
    <string name="mtrl_timepicker_confirm">KULUNGILE</string>
    <string name="native_body">Umzimba</string>
    <string name="native_headline">Isihlokwana</string>
    <string name="native_media_view">Ukubukwa kwemidiya</string>
    <string name="notifications_permission_confirm">Vumela</string>
    <string name="notifications_permission_decline">Ungavumeli</string>
    <string name="notifications_permission_title">Vumela i-app ukuthi ikuthumelele izaziso?</string>
    <string name="offline_dialog_image_description">Isithonjana</string>
    <string name="offline_dialog_text">Siyabonga ngentshisekelo yakho.
Sizokwabelana okwengeziwe uma usubuyile ku-inthanethi.</string>
    <string name="offline_notification_title">Usubuyile ku-inthanethi! Ake siqhubeke lapho sigcine khona</string>
    <string name="offline_notification_title_with_advertiser">Usubuyile ku-inthanethi! Qhubeka ufunde mayelana nokuthi %s</string>
    <string name="offline_opt_in_confirm">KULUNGILE</string>
    <string name="offline_opt_in_decline">Cha ngiyabonga</string>
    <string name="offline_opt_in_message">Sizokuthumela isaziso esinesixhumanisi sesayithi yomkhangisi.</string>
    <string name="offline_opt_in_title">Vula isikhangiso lapho usuku-inthanethi.</string>
    <string name="password_toggle_content_description">Bonisa iphasiwedi</string>
    <string name="s1">Londoloza isithombe</string>
    <string name="s2">Vumela isikhangiso ukugcina isithombe kwigalari yesithombe?</string>
    <string name="s3">Yamukela</string>
    <string name="s4">Yenqaba</string>
    <string name="s5">Dala umcimbi wekhalenda</string>
    <string name="s6">Vumela Isikhangiso ukudala umcimbi wekhalenda?</string>
    <string name="s7">Hlola isikhangiso</string>
    <string name="search_menu_title">Sesha</string>
    <string name="status_bar_notification_info_overflow">999+</string>
    <string name="watermark_label_prefix">I-AdMob -</string>
</resources>