<?xml version='1.0' encoding='utf-8' ?>
<resources>
    <string name="abc_action_bar_up_description">Navighează în sus</string>
    <string name="abc_action_mode_done">Gata</string>
    <string name="abc_capital_off">DEZACTIVAT</string>
    <string name="abc_capital_on">ACTIVAT</string>
    <string name="abc_menu_alt_shortcut_label">Alt+</string>
    <string name="abc_menu_ctrl_shortcut_label">Ctrl+</string>
    <string name="abc_menu_delete_shortcut_label">delete</string>
    <string name="abc_menu_enter_shortcut_label">enter</string>
    <string name="abc_menu_function_shortcut_label">Function+</string>
    <string name="abc_menu_meta_shortcut_label">Meta+</string>
    <string name="abc_menu_shift_shortcut_label">Shift+</string>
    <string name="abc_menu_space_shortcut_label">space</string>
    <string name="abc_menu_sym_shortcut_label">Sym+</string>
    <string name="abc_prepend_shortcut_label">Meniu+</string>
    <string name="abc_search_hint">Caută…</string>
    <string name="abc_searchview_description_clear">Șterge interogarea</string>
    <string name="abc_searchview_description_search">Caută</string>
    <string name="abc_searchview_description_submit">Trimite interogarea</string>
    <string name="abc_searchview_description_voice">Căutare vocală</string>
    <string name="abc_toolbar_collapse_description">Restrânge</string>
    <string name="bottomsheet_action_collapse">Restrângeți foaia din partea de jos</string>
    <string name="bottomsheet_action_expand">Extindeți foaia din partea de jos</string>
    <string name="bottomsheet_action_expand_halfway">Extinde pe ecran complet</string>
    <string name="bottomsheet_drag_handle_clicked">Ghidaj de tragere atins de două ori</string>
    <string name="bottomsheet_drag_handle_content_description">Ghidaj de tragere</string>
    <string name="call_notification_answer_action">Răspunde</string>
    <string name="call_notification_answer_video_action">Video</string>
    <string name="call_notification_decline_action">Respinge</string>
    <string name="call_notification_hang_up_action">Închide</string>
    <string name="call_notification_incoming_text">Apel primit</string>
    <string name="call_notification_ongoing_text">Apel în desfășurare</string>
    <string name="call_notification_screening_text">Se filtrează un apel primit</string>
    <string name="character_counter_content_description">Caractere introduse: %1$d din %2$d</string>
    <string name="character_counter_overflowed_content_description">Limita de caractere a depășit %1$d din %2$d</string>
    <string name="clear_text_end_icon_content_description">Ștergeți textul</string>
    <string name="common_google_play_services_enable_button">Activează</string>
    <string name="common_google_play_services_enable_text">%1$s nu va funcționa decât dacă activezi serviciile Google Play.</string>
    <string name="common_google_play_services_enable_title">Activează serviciile Google Play</string>
    <string name="common_google_play_services_install_button">Instalează</string>
    <string name="common_google_play_services_install_text">%1$s nu va rula fără serviciile Google Play, care lipsesc de pe dispozitivul tău.</string>
    <string name="common_google_play_services_install_title">Descarcă serviciile Google Play</string>
    <string name="common_google_play_services_notification_channel_name">Disponibilitatea serviciilor Google Play</string>
    <string name="common_google_play_services_notification_ticker">Eroare a serviciilor Google Play</string>
    <string name="common_google_play_services_unknown_issue">%1$s întâmpină probleme privind serviciile Google Play. Încearcă din nou.</string>
    <string name="common_google_play_services_unsupported_text">%1$s nu va rula fără serviciile Google Play, care nu sunt acceptate de dispozitivul tău.</string>
    <string name="common_google_play_services_update_button">Actualizează</string>
    <string name="common_google_play_services_update_text">%1$s nu va rula decât dacă actualizezi serviciile Google Play.</string>
    <string name="common_google_play_services_update_title">Actualizează serviciile Google Play</string>
    <string name="common_google_play_services_updating_text">%1$s nu va rula fără serviciile Google Play, care momentan se actualizează.</string>
    <string name="common_google_play_services_wear_update_text">Este necesară o nouă versiune a serviciilor Google Play. Se vor actualiza automat în curând.</string>
    <string name="common_open_on_phone">Deschide pe telefon</string>
    <string name="common_signin_button_text">Conectează-te</string>
    <string name="common_signin_button_text_long">Conectează-te cu Google</string>
    <string name="error_icon_content_description">Eroare</string>
    <string name="exo_controls_fastforward_description">Derulați rapid înainte</string>
    <string name="exo_controls_hide">Ascunde comenzile playerului</string>
    <string name="exo_controls_next_description">Înainte</string>
    <string name="exo_controls_pause_description">Întrerupeți</string>
    <string name="exo_controls_play_description">Redați</string>
    <string name="exo_controls_previous_description">Înapoi</string>
    <string name="exo_controls_repeat_all_description">Mod curent: se repetă tot. Comutați modul repetare.</string>
    <string name="exo_controls_repeat_off_description">Mod actual: nu se repetă. Comutați modul repetare.</string>
    <string name="exo_controls_repeat_one_description">Mod actual: se repetă una. Comutați modul repetare.</string>
    <string name="exo_controls_rewind_description">Derulați înapoi</string>
    <string name="exo_controls_show">Afișează comenzile playerului</string>
    <string name="exo_controls_shuffle_off_description">Activați modul sortare aleatorie</string>
    <string name="exo_controls_shuffle_on_description">Dezactivați modul sortare aleatorie</string>
    <string name="exo_controls_vr_description">Mod RV</string>
    <string name="exo_item_list">%1$s, %2$s</string>
    <string name="exo_track_bitrate">%1$.2f Mbps</string>
    <string name="exo_track_mono">Mono</string>
    <string name="exo_track_resolution">%1$d × %2$d</string>
    <string name="exo_track_role_alternate">Alternativ</string>
    <string name="exo_track_role_closed_captions">Subtitrări</string>
    <string name="exo_track_role_commentary">Comentarii</string>
    <string name="exo_track_role_supplementary">Suplimentar</string>
    <string name="exo_track_selection_auto">Automat</string>
    <string name="exo_track_selection_none">Fără</string>
    <string name="exo_track_selection_title_audio">Audio</string>
    <string name="exo_track_selection_title_text">Text</string>
    <string name="exo_track_selection_title_video">Video</string>
    <string name="exo_track_stereo">Stereo</string>
    <string name="exo_track_surround">Sunet surround</string>
    <string name="exo_track_surround_5_point_1">Sunet surround 5.1</string>
    <string name="exo_track_surround_7_point_1">Sunet surround 7.1</string>
    <string name="exo_track_unknown">Necunoscut</string>
    <string name="exposed_dropdown_menu_content_description">Afișați meniul drop-down</string>
    <string name="fallback_menu_item_copy_link">Copiați linkul</string>
    <string name="fallback_menu_item_open_in_browser">Deschideți în browser</string>
    <string name="fallback_menu_item_share_link">Trimiteți linkul</string>
    <string name="icon_content_description">Pictogramă de dialog</string>
    <string name="item_view_role_description">Filă</string>
    <string name="material_clock_toggle_content_description">Selectați ora</string>
    <string name="material_hour_24h_suffix">%1$s ore</string>
    <string name="material_hour_selection">Selectați ora</string>
    <string name="material_hour_suffix">Ora %1$s</string>
    <string name="material_minute_selection">Selectați minutele</string>
    <string name="material_minute_suffix">%1$s minute</string>
    <string name="material_timepicker_am">a.m.</string>
    <string name="material_timepicker_clock_mode_description">Pentru a introduce ora, comutați la modul ceas.</string>
    <string name="material_timepicker_hour">Ora</string>
    <string name="material_timepicker_minute">Minut</string>
    <string name="material_timepicker_pm">p.m.</string>
    <string name="material_timepicker_select_time">Selectați ora</string>
    <string name="material_timepicker_text_input_mode_description">Pentru a introduce ora, comutați la modul de introducere a textului.</string>
    <string name="mtrl_badge_numberless_content_description">Notificare nouă</string>
    <string name="mtrl_chip_close_icon_content_description">Eliminați %1$s</string>
    <string name="mtrl_exceed_max_badge_number_content_description">Peste %1$d notificări noi</string>
    <string name="mtrl_picker_a11y_next_month">Treceți la luna următoare</string>
    <string name="mtrl_picker_a11y_prev_month">Treceți la luna anterioară</string>
    <string name="mtrl_picker_cancel">Anulați</string>
    <string name="mtrl_picker_confirm">OK</string>
    <string name="mtrl_picker_day_of_week_column_header">Coloana cu zile: %1$s</string>
    <string name="mtrl_picker_navigate_to_year_description">Navigați la anul %1$s</string>
    <string name="mtrl_picker_save">Salvați</string>
    <string name="mtrl_picker_toggle_to_calendar_input_mode">Comutați la modul introducere în calendar</string>
    <string name="mtrl_picker_toggle_to_day_selection">Atingeți pentru a comuta la selectarea unei zile</string>
    <string name="mtrl_picker_toggle_to_text_input_mode">Comutați la modul de introducere a textului</string>
    <string name="mtrl_picker_toggle_to_year_selection">Atingeți pentru a comuta la selectarea unui an</string>
    <string name="mtrl_timepicker_cancel">Anulați</string>
    <string name="mtrl_timepicker_confirm">OK</string>
    <string name="native_body">Conținut</string>
    <string name="native_headline">Titlu</string>
    <string name="native_media_view">Afișarea fișierului media</string>
    <string name="notifications_permission_confirm">Permite</string>
    <string name="notifications_permission_decline">Nu permite</string>
    <string name="notifications_permission_title">Permiți aplicației să îți trimită notificări?</string>
    <string name="offline_dialog_image_description">Pictogramă</string>
    <string name="offline_dialog_text">Îți mulțumim pentru interes.
Îți vom oferi mai multe informații când revii online.</string>
    <string name="offline_notification_title">Ești iar online! Reia de unde ai rămas</string>
    <string name="offline_notification_title_with_advertiser">Ești iar online! Continuă să afli mai multe despre %s</string>
    <string name="offline_opt_in_confirm">OK</string>
    <string name="offline_opt_in_decline">Nu</string>
    <string name="offline_opt_in_message">Îți vom trimite o notificare cu un link la site-ul advertiserului.</string>
    <string name="offline_opt_in_title">Deschide anunțul când revii online.</string>
    <string name="password_toggle_content_description">Afișați parola</string>
    <string name="s1">Salvează imaginea</string>
    <string name="s2">Permiți ca anunțul să stocheze imaginea în Galeria de fotografii?</string>
    <string name="s3">Acceptă</string>
    <string name="s4">Refuză</string>
    <string name="s5">Creează un eveniment în calendar</string>
    <string name="s6">Permiți ca anunțul să creeze un eveniment în calendar?</string>
    <string name="s7">Anunț de probă</string>
    <string name="search_menu_title">Caută</string>
    <string name="status_bar_notification_info_overflow">999+</string>
    <string name="watermark_label_prefix">AdMob –</string>
</resources>