<?xml version='1.0' encoding='utf-8' ?>
<resources>
    <string name="abc_action_bar_up_description">Navegar para cima</string>
    <string name="abc_action_mode_done">Concluído</string>
    <string name="abc_capital_off">DESATIVADO</string>
    <string name="abc_capital_on">ATIVADO</string>
    <string name="abc_menu_alt_shortcut_label">Alt+</string>
    <string name="abc_menu_ctrl_shortcut_label">Ctrl+</string>
    <string name="abc_menu_delete_shortcut_label">delete</string>
    <string name="abc_menu_enter_shortcut_label">enter</string>
    <string name="abc_menu_function_shortcut_label">Function+</string>
    <string name="abc_menu_meta_shortcut_label">Meta+</string>
    <string name="abc_menu_shift_shortcut_label">Shift+</string>
    <string name="abc_menu_space_shortcut_label">espaço</string>
    <string name="abc_menu_sym_shortcut_label">Sym+</string>
    <string name="abc_prepend_shortcut_label">Menu+</string>
    <string name="abc_search_hint">Pesquisar…</string>
    <string name="abc_searchview_description_clear">Limpar consulta</string>
    <string name="abc_searchview_description_search">Pesquisar</string>
    <string name="abc_searchview_description_submit">Enviar consulta</string>
    <string name="abc_searchview_description_voice">Pesquisa por voz</string>
    <string name="abc_toolbar_collapse_description">Recolher</string>
    <string name="call_notification_answer_action">Atender</string>
    <string name="call_notification_answer_video_action">Vídeo</string>
    <string name="call_notification_decline_action">Recusar</string>
    <string name="call_notification_hang_up_action">Desligar</string>
    <string name="call_notification_incoming_text">Chamada recebida</string>
    <string name="call_notification_ongoing_text">Chamada em andamento</string>
    <string name="call_notification_screening_text">Filtrando uma ligação recebida</string>
    <string name="exo_controls_fastforward_description">Avançar</string>
    <string name="exo_controls_hide">Ocultar controles do player</string>
    <string name="exo_controls_next_description">Próxima</string>
    <string name="exo_controls_pause_description">Pausar</string>
    <string name="exo_controls_play_description">Reproduzir</string>
    <string name="exo_controls_previous_description">Anterior</string>
    <string name="exo_controls_repeat_all_description">Modo atual: repetir tudo. Alternar modo de repetição.</string>
    <string name="exo_controls_repeat_off_description">Modo atual: não repetir. Alternar modo de repetição.</string>
    <string name="exo_controls_repeat_one_description">Modo atual: repetir um item. Alternar modo de repetição.</string>
    <string name="exo_controls_rewind_description">Voltar</string>
    <string name="exo_controls_show">Mostrar controles do player</string>
    <string name="exo_controls_shuffle_off_description">Ativar o modo de ordem aleatória</string>
    <string name="exo_controls_shuffle_on_description">Desativar o modo de ordem aleatória</string>
    <string name="exo_controls_vr_description">Modo RV</string>
    <string name="exo_item_list">%1$s, %2$s</string>
    <string name="exo_track_bitrate">%1$.2f Mbps</string>
    <string name="exo_track_mono">Mono</string>
    <string name="exo_track_resolution">%1$d × %2$d</string>
    <string name="exo_track_role_alternate">Alternativa</string>
    <string name="exo_track_role_closed_captions">CC</string>
    <string name="exo_track_role_commentary">Comentários</string>
    <string name="exo_track_role_supplementary">Complementar</string>
    <string name="exo_track_selection_auto">Automática</string>
    <string name="exo_track_selection_none">Nenhuma</string>
    <string name="exo_track_selection_title_audio">Áudio</string>
    <string name="exo_track_selection_title_text">Texto</string>
    <string name="exo_track_selection_title_video">Vídeo</string>
    <string name="exo_track_stereo">Estéreo</string>
    <string name="exo_track_surround">Sistema surround</string>
    <string name="exo_track_surround_5_point_1">Sistema surround 5.1</string>
    <string name="exo_track_surround_7_point_1">Sistema surround 7.1</string>
    <string name="exo_track_unknown">Desconhecido</string>
    <string name="fallback_menu_item_copy_link">Copiar link</string>
    <string name="fallback_menu_item_open_in_browser">Abrir no navegador</string>
    <string name="fallback_menu_item_share_link">Compartilhar link</string>
    <string name="search_menu_title">Pesquisar</string>
    <string name="status_bar_notification_info_overflow">999+</string>
</resources>