<?xml version='1.0' encoding='utf-8' ?>
<resources>
    <string name="abc_action_bar_up_description">Gå opp</string>
    <string name="abc_action_mode_done">Ferdig</string>
    <string name="abc_capital_off">AV</string>
    <string name="abc_capital_on">PÅ</string>
    <string name="abc_menu_alt_shortcut_label">Alt+</string>
    <string name="abc_menu_ctrl_shortcut_label">Ctrl+</string>
    <string name="abc_menu_delete_shortcut_label">slett</string>
    <string name="abc_menu_enter_shortcut_label">enter</string>
    <string name="abc_menu_function_shortcut_label">Funksjon+</string>
    <string name="abc_menu_meta_shortcut_label">Meta+</string>
    <string name="abc_menu_shift_shortcut_label">Shift+</string>
    <string name="abc_menu_space_shortcut_label">mellomrom</string>
    <string name="abc_menu_sym_shortcut_label">Sym+</string>
    <string name="abc_prepend_shortcut_label">Meny+</string>
    <string name="abc_search_hint">Søk</string>
    <string name="abc_searchview_description_clear">Slett søket</string>
    <string name="abc_searchview_description_search">Søk</string>
    <string name="abc_searchview_description_submit">Utfør søket</string>
    <string name="abc_searchview_description_voice">Talesøk</string>
    <string name="abc_toolbar_collapse_description">Skjul</string>
    <string name="bottomsheet_action_collapse">Skjul feltet nederst</string>
    <string name="bottomsheet_action_expand">Vis feltet nederst</string>
    <string name="bottomsheet_action_expand_halfway">Vis halve feltet nederst</string>
    <string name="bottomsheet_drag_handle_clicked">Dobbelttrykket på håndtaket</string>
    <string name="bottomsheet_drag_handle_content_description">Håndtak</string>
    <string name="call_notification_answer_action">Svar</string>
    <string name="call_notification_answer_video_action">Video</string>
    <string name="call_notification_decline_action">Avvis</string>
    <string name="call_notification_hang_up_action">Legg på</string>
    <string name="call_notification_incoming_text">Innkommende anrop</string>
    <string name="call_notification_ongoing_text">Pågående samtale</string>
    <string name="call_notification_screening_text">Filtrerer et innkommende anrop</string>
    <string name="character_counter_content_description">%1$d av %2$d tegn er skrevet inn</string>
    <string name="character_counter_overflowed_content_description">Tegngrensen er overskredet – %1$d av %2$d</string>
    <string name="clear_text_end_icon_content_description">Fjern teksten</string>
    <string name="common_google_play_services_enable_button">Aktivér</string>
    <string name="common_google_play_services_enable_text">%1$s fungerer ikke med mindre du slår på Google Play-tjenester.</string>
    <string name="common_google_play_services_enable_title">Slå på Google Play-tjenester</string>
    <string name="common_google_play_services_install_button">Installer</string>
    <string name="common_google_play_services_install_text">%1$s kan ikke kjøre uten Google Play-tjenester, som ikke er installert på enheten din.</string>
    <string name="common_google_play_services_install_title">Installer Google Play-tjenester</string>
    <string name="common_google_play_services_notification_channel_name">Google Play Tjenester-tilgjengelighet</string>
    <string name="common_google_play_services_notification_ticker">Google Play Tjenester-feil</string>
    <string name="common_google_play_services_unknown_issue">%1$s har problemer med Google Play-tjenester. Prøv på nytt.</string>
    <string name="common_google_play_services_unsupported_text">%1$s kan ikke kjøre uten Google Play-tjenester, som ikke støttes av enheten din.</string>
    <string name="common_google_play_services_update_button">Oppdater</string>
    <string name="common_google_play_services_update_text">%1$s kjører ikke med mindre du oppdaterer Google Play Tjenester.</string>
    <string name="common_google_play_services_update_title">Oppdater Google Play-tjenester</string>
    <string name="common_google_play_services_updating_text">%1$s kjører ikke uten Google Play-tjenester, som oppdateres akkurat nå.</string>
    <string name="common_google_play_services_wear_update_text">Du må installere en ny versjon av Google Play-tjenester. Appen oppdateres automatisk om en kort stund.</string>
    <string name="common_open_on_phone">Åpne på telefonen</string>
    <string name="common_signin_button_text">Logg på</string>
    <string name="common_signin_button_text_long">Logg på med Google</string>
    <string name="error_icon_content_description">Feil</string>
    <string name="exo_controls_fastforward_description">Spol forover</string>
    <string name="exo_controls_hide">Skjul avspillingskontrollene</string>
    <string name="exo_controls_next_description">Neste</string>
    <string name="exo_controls_pause_description">Sett på pause</string>
    <string name="exo_controls_play_description">Spill av</string>
    <string name="exo_controls_previous_description">Forrige</string>
    <string name="exo_controls_repeat_all_description">Modus: gjenta alle. Endre gjentakelsesmodus.</string>
    <string name="exo_controls_repeat_off_description">Modus: gjenta ingen. Endre gjentakelsesmodus.</string>
    <string name="exo_controls_repeat_one_description">Modus: gjenta én. Endre gjentakelsesmodus.</string>
    <string name="exo_controls_rewind_description">Spol tilbake</string>
    <string name="exo_controls_show">Vis avspillingskontrollene</string>
    <string name="exo_controls_shuffle_off_description">Slå på modus for tilfeldig rekkefølge</string>
    <string name="exo_controls_shuffle_on_description">Slå av modus for tilfeldig rekkefølge</string>
    <string name="exo_controls_vr_description">VR-modus</string>
    <string name="exo_item_list">%1$s, %2$s</string>
    <string name="exo_track_bitrate">%1$.2f Mbps</string>
    <string name="exo_track_mono">Mono</string>
    <string name="exo_track_resolution">%1$d × %2$d</string>
    <string name="exo_track_role_alternate">Alternativt spor</string>
    <string name="exo_track_role_closed_captions">Teksting</string>
    <string name="exo_track_role_commentary">Kommentarer</string>
    <string name="exo_track_role_supplementary">Tilleggsspor</string>
    <string name="exo_track_selection_auto">Automatisk</string>
    <string name="exo_track_selection_none">Ingen</string>
    <string name="exo_track_selection_title_audio">Lyd</string>
    <string name="exo_track_selection_title_text">Tekst</string>
    <string name="exo_track_selection_title_video">Video</string>
    <string name="exo_track_stereo">Stereo</string>
    <string name="exo_track_surround">Surround-lyd</string>
    <string name="exo_track_surround_5_point_1">5.1 surround-lyd</string>
    <string name="exo_track_surround_7_point_1">7.1 surround-lyd</string>
    <string name="exo_track_unknown">Ukjent</string>
    <string name="exposed_dropdown_menu_content_description">Vis rullegardinmenyen</string>
    <string name="fallback_menu_item_copy_link">Kopiér linken</string>
    <string name="fallback_menu_item_open_in_browser">Åpne i nettleseren</string>
    <string name="fallback_menu_item_share_link">Del link</string>
    <string name="icon_content_description">Dialogboksikon</string>
    <string name="item_view_role_description">Fane</string>
    <string name="material_clock_toggle_content_description">Velg AM eller PM</string>
    <string name="material_hour_24h_suffix">%1$s timer</string>
    <string name="material_hour_selection">Velg time</string>
    <string name="material_hour_suffix">%1$s null-null</string>
    <string name="material_minute_selection">Angi minutter</string>
    <string name="material_minute_suffix">%1$s minutter</string>
    <string name="material_timepicker_am">AM</string>
    <string name="material_timepicker_clock_mode_description">Bytt til klokkemodus for tidsinndata.</string>
    <string name="material_timepicker_hour">Time</string>
    <string name="material_timepicker_minute">Minutt</string>
    <string name="material_timepicker_pm">PM</string>
    <string name="material_timepicker_select_time">Velg tidspunkt</string>
    <string name="material_timepicker_text_input_mode_description">Bytt til tekstinndatamodus for tidsinndata.</string>
    <string name="mtrl_badge_numberless_content_description">Nytt varsel</string>
    <string name="mtrl_chip_close_icon_content_description">Fjern %1$s</string>
    <string name="mtrl_exceed_max_badge_number_content_description">Flere enn %1$d nye varsler</string>
    <string name="mtrl_picker_a11y_next_month">Endre til neste måned</string>
    <string name="mtrl_picker_a11y_prev_month">Endre til forrige måned</string>
    <string name="mtrl_picker_cancel">Avbryt</string>
    <string name="mtrl_picker_confirm">OK</string>
    <string name="mtrl_picker_day_of_week_column_header">Kolonne for dager: %1$s</string>
    <string name="mtrl_picker_navigate_to_year_description">Naviger til år %1$s</string>
    <string name="mtrl_picker_save">Lagre</string>
    <string name="mtrl_picker_toggle_to_calendar_input_mode">Bytt til kalenderinndatamodus</string>
    <string name="mtrl_picker_toggle_to_day_selection">Trykk for å bytte til å velge dag</string>
    <string name="mtrl_picker_toggle_to_text_input_mode">Bytt til tekstinndatamodus</string>
    <string name="mtrl_picker_toggle_to_year_selection">Trykk for å bytte til å velge år</string>
    <string name="mtrl_timepicker_cancel">Avbryt</string>
    <string name="mtrl_timepicker_confirm">OK</string>
    <string name="native_body">Tekst</string>
    <string name="native_headline">Overskrift</string>
    <string name="native_media_view">Medieinnhold</string>
    <string name="notifications_permission_confirm">Tillat</string>
    <string name="notifications_permission_decline">Ikke tillat</string>
    <string name="notifications_permission_title">Vil du la appen sende deg varsler?</string>
    <string name="offline_dialog_image_description">Ikon</string>
    <string name="offline_dialog_text">Takk for interessen.
Vi deler mer når du er på nettet igjen.</string>
    <string name="offline_notification_title">Du er på nettet igjen. La oss fortsette der vi slapp</string>
    <string name="offline_notification_title_with_advertiser">Du er på nettet igjen. Fortsett å lære om %s</string>
    <string name="offline_opt_in_confirm">OK</string>
    <string name="offline_opt_in_decline">Nei takk</string>
    <string name="offline_opt_in_message">Vi sender deg et varsel med en link til annonsørnettstedet.</string>
    <string name="offline_opt_in_title">Åpne annonsen når du er på nettet igjen.</string>
    <string name="password_toggle_content_description">Vis passordet</string>
    <string name="s1">Lagre bilde</string>
    <string name="s2">Vil du la annonsen lagre bildet i bildegalleriet?</string>
    <string name="s3">Godta</string>
    <string name="s4">Avslå</string>
    <string name="s5">Opprett kalenderaktivitet</string>
    <string name="s6">Vil du la annonsen opprette en kalenderaktivitet?</string>
    <string name="s7">Testannonse</string>
    <string name="search_menu_title">Søk</string>
    <string name="status_bar_notification_info_overflow">999+</string>
    <string name="watermark_label_prefix">AdMob –</string>
</resources>