<?xml version='1.0' encoding='utf-8' ?>
<resources>
    <string name="abc_action_bar_up_description">Перейти вгору</string>
    <string name="abc_action_mode_done">Готово</string>
    <string name="abc_capital_off">ВИМКНЕНО</string>
    <string name="abc_capital_on">УВІМКНЕНО</string>
    <string name="abc_menu_alt_shortcut_label">Alt+</string>
    <string name="abc_menu_ctrl_shortcut_label">Ctrl+</string>
    <string name="abc_menu_delete_shortcut_label">delete</string>
    <string name="abc_menu_enter_shortcut_label">enter</string>
    <string name="abc_menu_function_shortcut_label">Function+</string>
    <string name="abc_menu_meta_shortcut_label">Meta+</string>
    <string name="abc_menu_shift_shortcut_label">Shift+</string>
    <string name="abc_menu_space_shortcut_label">пробіл</string>
    <string name="abc_menu_sym_shortcut_label">Sym+</string>
    <string name="abc_prepend_shortcut_label">Menu+</string>
    <string name="abc_search_hint">Введіть пошуковий запит…</string>
    <string name="abc_searchview_description_clear">Очистити запит</string>
    <string name="abc_searchview_description_search">Пошук</string>
    <string name="abc_searchview_description_submit">Наіслати запит</string>
    <string name="abc_searchview_description_voice">Голосовий пошук</string>
    <string name="abc_toolbar_collapse_description">Згорнути</string>
    <string name="bottomsheet_action_collapse">Згорнути нижній екран</string>
    <string name="bottomsheet_action_expand">Розгорнути нижній екран</string>
    <string name="bottomsheet_action_expand_halfway">Розгорнути нижню половину</string>
    <string name="bottomsheet_drag_handle_clicked">Маркер переміщення активовано подвійним дотиком</string>
    <string name="bottomsheet_drag_handle_content_description">Маркер переміщення</string>
    <string name="call_notification_answer_action">Відповісти</string>
    <string name="call_notification_answer_video_action">Відео</string>
    <string name="call_notification_decline_action">Відхилити</string>
    <string name="call_notification_hang_up_action">Завершити</string>
    <string name="call_notification_incoming_text">Вхідний виклик</string>
    <string name="call_notification_ongoing_text">Активний виклик</string>
    <string name="call_notification_screening_text">Вхідний виклик (Фільтр)</string>
    <string name="character_counter_content_description">Введено символів: %1$d з %2$d</string>
    <string name="character_counter_overflowed_content_description">Перевищено ліміт символів: %1$d з %2$d</string>
    <string name="clear_text_end_icon_content_description">Видалити текст</string>
    <string name="common_google_play_services_enable_button">Увімкнути</string>
    <string name="common_google_play_services_enable_text">Додаток %1$s не працюватиме, якщо не ввімкнути сервіси Google Play.</string>
    <string name="common_google_play_services_enable_title">Увімкнути сервіси Google Play</string>
    <string name="common_google_play_services_install_button">Установити</string>
    <string name="common_google_play_services_install_text">Додаток %1$s не працюватиме без сервісів Google Play, яких немає на вашому пристрої.</string>
    <string name="common_google_play_services_install_title">Установити сервіси Google Play</string>
    <string name="common_google_play_services_notification_channel_name">Доступність сервісів Google Play</string>
    <string name="common_google_play_services_notification_ticker">Помилка сервісів Google Play</string>
    <string name="common_google_play_services_unknown_issue">У додатку %1$s виникла проблема із сервісами Google Play. Повторіть спробу.</string>
    <string name="common_google_play_services_unsupported_text">Додаток %1$s не працюватиме без сервісів Google Play, які не підтримуються на вашому пристрої.</string>
    <string name="common_google_play_services_update_button">Оновити</string>
    <string name="common_google_play_services_update_text">Додаток %1$s не працюватиме, якщо не оновити сервіси Google Play.</string>
    <string name="common_google_play_services_update_title">Оновіть сервіси Google Play</string>
    <string name="common_google_play_services_updating_text">Додаток %1$s не працюватиме без сервісів Google Play, які зараз оновлюються.</string>
    <string name="common_google_play_services_wear_update_text">Потрібна нова версія сервісів Google Play. Вони невдовзі оновляться.</string>
    <string name="common_open_on_phone">Відкрити на телефоні</string>
    <string name="common_signin_button_text">Увійти</string>
    <string name="common_signin_button_text_long">Увійти в облік. запис Google</string>
    <string name="error_icon_content_description">Помилка</string>
    <string name="exo_controls_fastforward_description">Перемотати вперед</string>
    <string name="exo_controls_hide">Сховати елементи керування програвачем</string>
    <string name="exo_controls_next_description">Далі</string>
    <string name="exo_controls_pause_description">Призупинити</string>
    <string name="exo_controls_play_description">Відтворити</string>
    <string name="exo_controls_previous_description">Назад</string>
    <string name="exo_controls_repeat_all_description">Поточний режим: повторювати все. Перемкнути режим повторення.</string>
    <string name="exo_controls_repeat_off_description">Поточний режим: не повторювати. Перемкнути режим повторення.</string>
    <string name="exo_controls_repeat_one_description">Поточний режим: повторювати один медіафайл. Перемкнути режим повторення.</string>
    <string name="exo_controls_rewind_description">Перемотати назад</string>
    <string name="exo_controls_show">Показувати елементи керування програвачем</string>
    <string name="exo_controls_shuffle_off_description">Увімкнути режим перемішування</string>
    <string name="exo_controls_shuffle_on_description">Вимкнути режим перемішування</string>
    <string name="exo_controls_vr_description">Режим віртуальної реальності</string>
    <string name="exo_item_list">%1$s, %2$s</string>
    <string name="exo_track_bitrate">%1$.2f Мбіт/с</string>
    <string name="exo_track_mono">Моно</string>
    <string name="exo_track_resolution">%1$d × %2$d</string>
    <string name="exo_track_role_alternate">Альтернативна</string>
    <string name="exo_track_role_closed_captions">Субтитри</string>
    <string name="exo_track_role_commentary">Коментарі</string>
    <string name="exo_track_role_supplementary">Додаткова</string>
    <string name="exo_track_selection_auto">Автоматично</string>
    <string name="exo_track_selection_none">Нічого</string>
    <string name="exo_track_selection_title_audio">Аудіо</string>
    <string name="exo_track_selection_title_text">Текст</string>
    <string name="exo_track_selection_title_video">Відео</string>
    <string name="exo_track_stereo">Стерео</string>
    <string name="exo_track_surround">Об’ємний звук</string>
    <string name="exo_track_surround_5_point_1">Об’ємний звук у форматі 5.1</string>
    <string name="exo_track_surround_7_point_1">Об’ємний звук у форматі 7.1</string>
    <string name="exo_track_unknown">Невідомо</string>
    <string name="exposed_dropdown_menu_content_description">Показати спадне меню</string>
    <string name="fallback_menu_item_copy_link">Копіювати посилання</string>
    <string name="fallback_menu_item_open_in_browser">Відкрити у веб-переглядачі</string>
    <string name="fallback_menu_item_share_link">Надіслати посилання</string>
    <string name="icon_content_description">Значок вікна</string>
    <string name="item_view_role_description">Вкладка</string>
    <string name="material_clock_toggle_content_description">Виберіть ДП чи ПП</string>
    <string name="material_hour_24h_suffix">%1$s год</string>
    <string name="material_hour_selection">Вибрати годину</string>
    <string name="material_hour_suffix">%1$s год</string>
    <string name="material_minute_selection">Виберіть хвилини</string>
    <string name="material_minute_suffix">%1$s хв</string>
    <string name="material_timepicker_am">дп</string>
    <string name="material_timepicker_clock_mode_description">Перейти в режим годинника, щоб ввести час.</string>
    <string name="material_timepicker_hour">Година</string>
    <string name="material_timepicker_minute">Хвилина</string>
    <string name="material_timepicker_pm">пп</string>
    <string name="material_timepicker_select_time">Виберіть час</string>
    <string name="material_timepicker_text_input_mode_description">Перейти в текстовий режим, щоб ввести час.</string>
    <string name="mtrl_badge_numberless_content_description">Нове сповіщення</string>
    <string name="mtrl_chip_close_icon_content_description">Видалити %1$s</string>
    <string name="mtrl_exceed_max_badge_number_content_description">Нових сповіщень більше ніж %1$d</string>
    <string name="mtrl_picker_a11y_next_month">Перейти до наступного місяця</string>
    <string name="mtrl_picker_a11y_prev_month">Перейти до попереднього місяця</string>
    <string name="mtrl_picker_cancel">Скасувати</string>
    <string name="mtrl_picker_confirm">OK</string>
    <string name="mtrl_picker_day_of_week_column_header">Стовпець із днями: %1$s</string>
    <string name="mtrl_picker_navigate_to_year_description">Перейти до %1$s року</string>
    <string name="mtrl_picker_save">Зберегти</string>
    <string name="mtrl_picker_toggle_to_calendar_input_mode">Перейти в режим введення в календарі</string>
    <string name="mtrl_picker_toggle_to_day_selection">Натисніть, щоб вибрати день</string>
    <string name="mtrl_picker_toggle_to_text_input_mode">Перейти в режим введення тексту</string>
    <string name="mtrl_picker_toggle_to_year_selection">Натисніть, щоб вибрати рік</string>
    <string name="mtrl_timepicker_cancel">Скасувати</string>
    <string name="mtrl_timepicker_confirm">OK</string>
    <string name="native_body">Основний текст</string>
    <string name="native_headline">Заголовок</string>
    <string name="native_media_view">Графічний контент</string>
    <string name="notifications_permission_confirm">Дозволити</string>
    <string name="notifications_permission_decline">Не дозволяти</string>
    <string name="notifications_permission_title">Дозволити додатку надсилати вам сповіщення?</string>
    <string name="offline_dialog_image_description">Значок</string>
    <string name="offline_dialog_text">Дякуємо, що зацікавилися.
Ми поділимося додатковою інформацією, щойно ви підключитеся до Інтернету.</string>
    <string name="offline_notification_title">Ви знову в мережі! Продовжуйте перегляд із місця де зупинились</string>
    <string name="offline_notification_title_with_advertiser">Ви знову в мережі! Продовжуйте знайомитися з компанією %s</string>
    <string name="offline_opt_in_confirm">OK</string>
    <string name="offline_opt_in_decline">Не потрібно</string>
    <string name="offline_opt_in_message">Ми надішлемо сповіщення з посиланням на сайт рекламодавця.</string>
    <string name="offline_opt_in_title">Відкрийте оголошення, коли знову будете в мережі.</string>
    <string name="password_toggle_content_description">Показувати пароль</string>
    <string name="s1">Зберегти зображення</string>
    <string name="s2">Дозволити оголошенню зберегти зображення в галереї?</string>
    <string name="s3">Прийняти</string>
    <string name="s4">Відхилити</string>
    <string name="s5">Створити подію календаря</string>
    <string name="s6">Дозволити оголошенню створити подію календаря?</string>
    <string name="s7">Тестове оголошення</string>
    <string name="search_menu_title">Пошук</string>
    <string name="status_bar_notification_info_overflow">999+</string>
    <string name="watermark_label_prefix">AdMob –</string>
</resources>