<?xml version='1.0' encoding='utf-8' ?>
<resources>
    <string name="abc_action_bar_up_description">Yukarı git</string>
    <string name="abc_action_mode_done">Bitti</string>
    <string name="abc_capital_off">KAPAT</string>
    <string name="abc_capital_on">AÇ</string>
    <string name="abc_menu_alt_shortcut_label">Alt+</string>
    <string name="abc_menu_ctrl_shortcut_label">Ctrl+</string>
    <string name="abc_menu_delete_shortcut_label">sil</string>
    <string name="abc_menu_enter_shortcut_label">enter</string>
    <string name="abc_menu_function_shortcut_label">Function+</string>
    <string name="abc_menu_meta_shortcut_label">Meta+</string>
    <string name="abc_menu_shift_shortcut_label">Üst Karakter+</string>
    <string name="abc_menu_space_shortcut_label">boşluk</string>
    <string name="abc_menu_sym_shortcut_label">Sym+</string>
    <string name="abc_prepend_shortcut_label">Menü+</string>
    <string name="abc_search_hint">Ara…</string>
    <string name="abc_searchview_description_clear">Sorguyu temizle</string>
    <string name="abc_searchview_description_search">Ara</string>
    <string name="abc_searchview_description_submit">Sorguyu gönder</string>
    <string name="abc_searchview_description_voice">Sesli arama</string>
    <string name="abc_toolbar_collapse_description">Daralt</string>
    <string name="bottomsheet_action_collapse">Alt sayfayı daralt</string>
    <string name="bottomsheet_action_expand">Alt sayfayı genişlet</string>
    <string name="bottomsheet_action_expand_halfway">Yarım genişlet</string>
    <string name="bottomsheet_drag_handle_clicked">Sürükleme tutamacına iki kez dokunuldu</string>
    <string name="bottomsheet_drag_handle_content_description">Sürükleme tutamacı</string>
    <string name="call_notification_answer_action">Yanıtla</string>
    <string name="call_notification_answer_video_action">Video</string>
    <string name="call_notification_decline_action">Reddet</string>
    <string name="call_notification_hang_up_action">Kapat</string>
    <string name="call_notification_incoming_text">Gelen arama</string>
    <string name="call_notification_ongoing_text">Devam eden arama</string>
    <string name="call_notification_screening_text">Gelen arama süzülüyor</string>
    <string name="character_counter_content_description">Girilen karakter: %1$d / %2$d</string>
    <string name="character_counter_overflowed_content_description">Karakter sınırı aşıldı %1$d / %2$d</string>
    <string name="clear_text_end_icon_content_description">Metni temizle</string>
    <string name="common_google_play_services_enable_button">Etkinleştir</string>
    <string name="common_google_play_services_enable_text">Google Play hizmetlerini etkinleştirmezseniz %1$s çalışmaz.</string>
    <string name="common_google_play_services_enable_title">Google Play hizmetlerini etkinleştirin</string>
    <string name="common_google_play_services_install_button">Yükle</string>
    <string name="common_google_play_services_install_text">%1$s, şu anda cihazınızda bulunmayan Google Play hizmetleri olmadan çalışmaz.</string>
    <string name="common_google_play_services_install_title">Google Play hizmetlerini edinin</string>
    <string name="common_google_play_services_notification_channel_name">Google Play hizmetlerinin kullanılabilirliği</string>
    <string name="common_google_play_services_notification_ticker">Google Play Hizmetleri hatası</string>
    <string name="common_google_play_services_unknown_issue">%1$s, Google Play hizmetleriyle ilgili sorun yaşıyor. Lütfen tekrar deneyin.</string>
    <string name="common_google_play_services_unsupported_text">%1$s, Google Play hizmetleri olmadan çalışmaz ve bu hizmetler cihazınız tarafından desteklenmiyor.</string>
    <string name="common_google_play_services_update_button">Güncelle</string>
    <string name="common_google_play_services_update_text">Google Play hizmetlerini güncellemezseniz %1$s çalışmayacak.</string>
    <string name="common_google_play_services_update_title">Google Play hizmetlerini güncelleyin</string>
    <string name="common_google_play_services_updating_text">%1$s, şu anda güncellenmekte olan Google Play hizmetleri olmadan çalışmaz.</string>
    <string name="common_google_play_services_wear_update_text">Google Play hizmetlerinin yeni sürümü gerekiyor. Kendisini kısa süre içinde güncelleyecektir.</string>
    <string name="common_open_on_phone">Telefonda aç</string>
    <string name="common_signin_button_text">Oturum aç</string>
    <string name="common_signin_button_text_long">Google'da oturum aç</string>
    <string name="error_icon_content_description">Hata</string>
    <string name="exo_controls_fastforward_description">İleri sar</string>
    <string name="exo_controls_hide">Oynatıcı kontrollerini gizle</string>
    <string name="exo_controls_next_description">Sonraki</string>
    <string name="exo_controls_pause_description">Duraklat</string>
    <string name="exo_controls_play_description">Çal</string>
    <string name="exo_controls_previous_description">Önceki</string>
    <string name="exo_controls_repeat_all_description">Geçerli mod: Tümünü tekrarla. Tekrarlamayı aç/kapat.</string>
    <string name="exo_controls_repeat_off_description">Geçerli mod: Tekrarlama. Tekrarlamayı aç/kapat.</string>
    <string name="exo_controls_repeat_one_description">Geçerli mod: Birini tekrarla. Tekrarlamayı aç/kapat.</string>
    <string name="exo_controls_rewind_description">Geri sar</string>
    <string name="exo_controls_show">Oynatıcı kontrollerini göster</string>
    <string name="exo_controls_shuffle_off_description">Karıştırma modunu etkinleştir</string>
    <string name="exo_controls_shuffle_on_description">Karıştırma modunu devre dışı bırak</string>
    <string name="exo_controls_vr_description">VR modu</string>
    <string name="exo_item_list">%1$s, %2$s</string>
    <string name="exo_track_bitrate">%1$.2f Mbps</string>
    <string name="exo_track_mono">Mono</string>
    <string name="exo_track_resolution">%1$d × %2$d</string>
    <string name="exo_track_role_alternate">Alternatif</string>
    <string name="exo_track_role_closed_captions">Altyazı</string>
    <string name="exo_track_role_commentary">Anlatım</string>
    <string name="exo_track_role_supplementary">Ek kanal</string>
    <string name="exo_track_selection_auto">Otomatik</string>
    <string name="exo_track_selection_none">Yok</string>
    <string name="exo_track_selection_title_audio">Ses</string>
    <string name="exo_track_selection_title_text">Metin</string>
    <string name="exo_track_selection_title_video">Video</string>
    <string name="exo_track_stereo">Stereo</string>
    <string name="exo_track_surround">Surround ses</string>
    <string name="exo_track_surround_5_point_1">5.1 surround ses</string>
    <string name="exo_track_surround_7_point_1">7.1 surround ses</string>
    <string name="exo_track_unknown">Bilinmiyor</string>
    <string name="exposed_dropdown_menu_content_description">Açılır menüyü göster</string>
    <string name="fallback_menu_item_copy_link">Bağlantıyı kopyala</string>
    <string name="fallback_menu_item_open_in_browser">Tarayıcıda aç</string>
    <string name="fallback_menu_item_share_link">Bağlantıyı paylaş</string>
    <string name="icon_content_description">İletişim kutusu simgesi</string>
    <string name="item_view_role_description">Sekme</string>
    <string name="material_clock_toggle_content_description">ÖÖ veya ÖS'yi seçin</string>
    <string name="material_hour_24h_suffix">%1$s saat</string>
    <string name="material_hour_selection">Saat seçin</string>
    <string name="material_hour_suffix">Saat %1$s</string>
    <string name="material_minute_selection">Dakikayı seçin</string>
    <string name="material_minute_suffix">%1$s dakika</string>
    <string name="material_timepicker_am">AM</string>
    <string name="material_timepicker_clock_mode_description">Zaman girişi için saat moduna geçin.</string>
    <string name="material_timepicker_hour">Saat</string>
    <string name="material_timepicker_minute">Dakika</string>
    <string name="material_timepicker_pm">PM</string>
    <string name="material_timepicker_select_time">Zamanı seçin</string>
    <string name="material_timepicker_text_input_mode_description">Zaman girişi için metin girişi moduna geçin.</string>
    <string name="mtrl_badge_numberless_content_description">Yeni bildirim</string>
    <string name="mtrl_chip_close_icon_content_description">%1$s içeriğini kaldır</string>
    <string name="mtrl_exceed_max_badge_number_content_description">%1$d adetten fazla yeni bildirim</string>
    <string name="mtrl_picker_a11y_next_month">Sonraki aya değiştir</string>
    <string name="mtrl_picker_a11y_prev_month">Önceki aya değiştir</string>
    <string name="mtrl_picker_cancel">İptal</string>
    <string name="mtrl_picker_confirm">Tamam</string>
    <string name="mtrl_picker_day_of_week_column_header">Gün sütunu: %1$s</string>
    <string name="mtrl_picker_navigate_to_year_description">%1$s yılına git</string>
    <string name="mtrl_picker_save">Kaydet</string>
    <string name="mtrl_picker_toggle_to_calendar_input_mode">Takvim giriş moduna geç</string>
    <string name="mtrl_picker_toggle_to_day_selection">Gün seçmeye geçmek için dokunun</string>
    <string name="mtrl_picker_toggle_to_text_input_mode">Metin giriş moduna geç</string>
    <string name="mtrl_picker_toggle_to_year_selection">Yıl seçmeye geçmek için dokunun</string>
    <string name="mtrl_timepicker_cancel">İptal</string>
    <string name="mtrl_timepicker_confirm">Tamam</string>
    <string name="native_body">Metin</string>
    <string name="native_headline">Başlık</string>
    <string name="native_media_view">Medya Görünümü</string>
    <string name="notifications_permission_confirm">İzin ver</string>
    <string name="notifications_permission_decline">İzin verme</string>
    <string name="notifications_permission_title">Uygulamanın size bildirim göndermesine izin verilsin mi?</string>
    <string name="offline_dialog_image_description">Simge</string>
    <string name="offline_dialog_text">İlginiz için teşekkür ederiz.
Tekrar internete bağlandığınızda daha fazla bilgi paylaşacağız.</string>
    <string name="offline_notification_title">İnternete tekrar bağlandınız. Bıraktığımız yerden devam edelim</string>
    <string name="offline_notification_title_with_advertiser">İnternete tekrar bağlandınız. %s hakkında bilgi edinmeye devam edin</string>
    <string name="offline_opt_in_confirm">Tamam</string>
    <string name="offline_opt_in_decline">Hayır</string>
    <string name="offline_opt_in_message">Size reklamverenin sitesine bir bağlantının olduğu bildirim göndereceğiz.</string>
    <string name="offline_opt_in_title">İnternete tekrar bağlandığınızda reklamı açın.</string>
    <string name="password_toggle_content_description">Şifreyi göster</string>
    <string name="s1">Resmi kaydet</string>
    <string name="s2">Reklamın, Resim galerisine resim kaydetmesine izin verilsin mi?</string>
    <string name="s3">Kabul et</string>
    <string name="s4">Reddet</string>
    <string name="s5">Takvim etkinliği oluştur</string>
    <string name="s6">Reklamın, takvim etkinliği oluşturmasına izin verilsin mi?</string>
    <string name="s7">Test Reklamı</string>
    <string name="search_menu_title">Ara</string>
    <string name="status_bar_notification_info_overflow">999+</string>
    <string name="watermark_label_prefix">AdMob -</string>
</resources>