<?xml version='1.0' encoding='utf-8' ?>
<resources>
    <string name="abc_action_bar_up_description">Navegar para cima</string>
    <string name="abc_action_mode_done">Concluído</string>
    <string name="abc_capital_off">DESATIVADO</string>
    <string name="abc_capital_on">ATIVADO</string>
    <string name="abc_menu_alt_shortcut_label">Alt+</string>
    <string name="abc_menu_ctrl_shortcut_label">Ctrl+</string>
    <string name="abc_menu_delete_shortcut_label">delete</string>
    <string name="abc_menu_enter_shortcut_label">enter</string>
    <string name="abc_menu_function_shortcut_label">Function+</string>
    <string name="abc_menu_meta_shortcut_label">Meta+</string>
    <string name="abc_menu_shift_shortcut_label">Shift+</string>
    <string name="abc_menu_space_shortcut_label">espaço</string>
    <string name="abc_menu_sym_shortcut_label">Sym+</string>
    <string name="abc_prepend_shortcut_label">Menu+</string>
    <string name="abc_search_hint">Pesquisar…</string>
    <string name="abc_searchview_description_clear">Limpar consulta</string>
    <string name="abc_searchview_description_search">Pesquisar</string>
    <string name="abc_searchview_description_submit">Enviar consulta</string>
    <string name="abc_searchview_description_voice">Pesquisa por voz</string>
    <string name="abc_toolbar_collapse_description">Recolher</string>
    <string name="bottomsheet_action_collapse">Fechar a página inferior</string>
    <string name="bottomsheet_action_expand">Abrir a página inferior</string>
    <string name="bottomsheet_action_expand_halfway">Expandir até a metade</string>
    <string name="bottomsheet_drag_handle_clicked">Alça de arrastar tocada duas vezes</string>
    <string name="bottomsheet_drag_handle_content_description">Alça de arrastar</string>
    <string name="call_notification_answer_action">Atender</string>
    <string name="call_notification_answer_video_action">Vídeo</string>
    <string name="call_notification_decline_action">Recusar</string>
    <string name="call_notification_hang_up_action">Desligar</string>
    <string name="call_notification_incoming_text">Chamada recebida</string>
    <string name="call_notification_ongoing_text">Chamada em andamento</string>
    <string name="call_notification_screening_text">Filtrando uma ligação recebida</string>
    <string name="character_counter_content_description">Caracteres inseridos: %1$d de %2$d</string>
    <string name="character_counter_overflowed_content_description">Limite de %2$d caracteres excedido em %1$d</string>
    <string name="clear_text_end_icon_content_description">Limpar texto</string>
    <string name="common_google_play_services_enable_button">Ativar</string>
    <string name="common_google_play_services_enable_text">%1$s só funciona com o Google Play Services ativado.</string>
    <string name="common_google_play_services_enable_title">Ativar o Google Play Services</string>
    <string name="common_google_play_services_install_button">Instalar</string>
    <string name="common_google_play_services_install_text">O app %1$s não funciona sem o Google Play Services, o qual não está instalado no seu dispositivo.</string>
    <string name="common_google_play_services_install_title">Instalar o Google Play Services</string>
    <string name="common_google_play_services_notification_channel_name">Disponibilidade do Google Play Services</string>
    <string name="common_google_play_services_notification_ticker">Erro do Google Play Services</string>
    <string name="common_google_play_services_unknown_issue">O app %1$s está com problemas com o Google Play Services. Tente novamente.</string>
    <string name="common_google_play_services_unsupported_text">O app %1$s não funciona sem o Google Play Services, o qual não é compatível com seu dispositivo.</string>
    <string name="common_google_play_services_update_button">Atualizar</string>
    <string name="common_google_play_services_update_text">%1$s só funciona com uma versão atualizada do Google Play Services.</string>
    <string name="common_google_play_services_update_title">Atualizar o Google Play Services</string>
    <string name="common_google_play_services_updating_text">%1$s não funciona sem o Google Play Services, o qual está sendo atualizado no momento.</string>
    <string name="common_google_play_services_wear_update_text">É necessária uma nova versão do Google Play Services. Ele será atualizado em breve.</string>
    <string name="common_open_on_phone">Abrir no smartphone</string>
    <string name="common_signin_button_text">Fazer login</string>
    <string name="common_signin_button_text_long">Fazer login com o Google</string>
    <string name="error_icon_content_description">Erro</string>
    <string name="exposed_dropdown_menu_content_description">Mostrar menu suspenso</string>
    <string name="fallback_menu_item_copy_link">Copiar link</string>
    <string name="fallback_menu_item_open_in_browser">Abrir no navegador</string>
    <string name="fallback_menu_item_share_link">Compartilhar link</string>
    <string name="icon_content_description">Ícone de caixa de diálogo</string>
    <string name="item_view_role_description">Guia</string>
    <string name="material_clock_toggle_content_description">Selecionar AM ou PM</string>
    <string name="material_hour_24h_suffix">%1$s horas</string>
    <string name="material_hour_selection">Selecionar horário</string>
    <string name="material_hour_suffix">%1$s em ponto</string>
    <string name="material_minute_selection">Selecione os minutos</string>
    <string name="material_minute_suffix">%1$s minutos</string>
    <string name="material_timepicker_am">AM</string>
    <string name="material_timepicker_clock_mode_description">Alterne para o modo de relógio para informar o horário.</string>
    <string name="material_timepicker_hour">Hora</string>
    <string name="material_timepicker_minute">Minuto</string>
    <string name="material_timepicker_pm">PM</string>
    <string name="material_timepicker_select_time">Selecionar horário</string>
    <string name="material_timepicker_text_input_mode_description">Alterne para o modo de entrada de texto para informar o horário.</string>
    <string name="mtrl_badge_numberless_content_description">Nova notificação</string>
    <string name="mtrl_chip_close_icon_content_description">Remover %1$s</string>
    <string name="mtrl_exceed_max_badge_number_content_description">Mais de %1$d novas notificações</string>
    <string name="mtrl_picker_a11y_next_month">Alterar para o próximo mês</string>
    <string name="mtrl_picker_a11y_prev_month">Alterar para o mês anterior</string>
    <string name="mtrl_picker_cancel">Cancelar</string>
    <string name="mtrl_picker_confirm">OK</string>
    <string name="mtrl_picker_day_of_week_column_header">Coluna de dias: %1$s</string>
    <string name="mtrl_picker_navigate_to_year_description">Ir para o ano %1$s</string>
    <string name="mtrl_picker_save">Salvar</string>
    <string name="mtrl_picker_toggle_to_calendar_input_mode">Alternar para o modo de entrada da agenda</string>
    <string name="mtrl_picker_toggle_to_day_selection">Toque para alternar para a seleção de um dia</string>
    <string name="mtrl_picker_toggle_to_text_input_mode">Alternar para o modo de entrada de texto</string>
    <string name="mtrl_picker_toggle_to_year_selection">Toque para alternar para a seleção de um ano</string>
    <string name="mtrl_timepicker_cancel">Cancelar</string>
    <string name="mtrl_timepicker_confirm">OK</string>
    <string name="native_body">Corpo</string>
    <string name="native_headline">Título</string>
    <string name="native_media_view">Visualização de mídia</string>
    <string name="notifications_permission_confirm">Permitir</string>
    <string name="notifications_permission_decline">Não permitir</string>
    <string name="notifications_permission_title">Permitir que o app envie notificações?</string>
    <string name="offline_dialog_image_description">Ícone</string>
    <string name="offline_dialog_text">Agradecemos seu interesse.
Vamos compartilhar mais informações quando você estiver on-line de novo.</string>
    <string name="offline_notification_title">Você está on-line de novo. Vamos continuar de onde paramos</string>
    <string name="offline_notification_title_with_advertiser">Você está on-line de novo. Continue aprendendo sobre %s</string>
    <string name="offline_opt_in_confirm">OK</string>
    <string name="offline_opt_in_decline">Não</string>
    <string name="offline_opt_in_message">Enviaremos uma notificação com um link para o site do anunciante.</string>
    <string name="offline_opt_in_title">Abrir o anúncio quando você ficar on-line novamente.</string>
    <string name="password_toggle_content_description">Exibir senha</string>
    <string name="s1">Salvar imagem</string>
    <string name="s2">Permitir que os anúncios armazenem imagens na galeria de imagens?</string>
    <string name="s3">Aceitar</string>
    <string name="s4">Recusar</string>
    <string name="s5">Criar evento na agenda</string>
    <string name="s6">Permitir que os anúncios criem um evento na agenda?</string>
    <string name="s7">Anúncio de teste</string>
    <string name="search_menu_title">Pesquisar</string>
    <string name="status_bar_notification_info_overflow">999+</string>
    <string name="watermark_label_prefix">AdMob -</string>
</resources>