<?xml version='1.0' encoding='utf-8' ?>
<resources>
    <string name="abc_action_bar_up_description">ଉପରକୁ ନେଭିଗେଟ୍ କରନ୍ତୁ</string>
    <string name="abc_action_mode_done">ହୋଇଗଲା</string>
    <string name="abc_capital_off">ବନ୍ଦ</string>
    <string name="abc_capital_on">ଚାଲୁ ଅଛି</string>
    <string name="abc_menu_alt_shortcut_label">Alt+</string>
    <string name="abc_menu_ctrl_shortcut_label">Ctrl+</string>
    <string name="abc_menu_delete_shortcut_label">ଡିଲିଟ କରନ୍ତୁ</string>
    <string name="abc_menu_enter_shortcut_label">ଏଣ୍ଟର୍</string>
    <string name="abc_menu_function_shortcut_label">Function+</string>
    <string name="abc_menu_meta_shortcut_label">Meta+</string>
    <string name="abc_menu_shift_shortcut_label">Shift+</string>
    <string name="abc_menu_space_shortcut_label">ସ୍ପେସ୍‍</string>
    <string name="abc_menu_sym_shortcut_label">Sym+</string>
    <string name="abc_prepend_shortcut_label">ମେନୁ</string>
    <string name="abc_search_hint">ସର୍ଚ୍ଚ କରନ୍ତୁ…</string>
    <string name="abc_searchview_description_clear">କ୍ୱେରୀ ଖାଲି କରନ୍ତୁ</string>
    <string name="abc_searchview_description_search">ସର୍ଚ୍ଚ କରନ୍ତୁ</string>
    <string name="abc_searchview_description_submit">କ୍ୱେରୀ ଦାଖଲ କରନ୍ତୁ</string>
    <string name="abc_searchview_description_voice">ଭଏସ ସର୍ଚ୍ଚ</string>
    <string name="abc_toolbar_collapse_description">ସଂକୁଚିତ କରନ୍ତୁ</string>
    <string name="bottomsheet_action_collapse">Collapse the bottom sheet</string>
    <string name="bottomsheet_action_expand">Expand the bottom sheet</string>
    <string name="bottomsheet_action_expand_halfway">Expand halfway</string>
    <string name="bottomsheet_drag_handle_clicked">Drag handle double-tapped</string>
    <string name="bottomsheet_drag_handle_content_description">Drag handle</string>
    <string name="call_notification_answer_action">ଉତ୍ତର ଦିଅନ୍ତୁ</string>
    <string name="call_notification_answer_video_action">ଭିଡିଓ</string>
    <string name="call_notification_decline_action">ଅଗ୍ରାହ୍ୟ କର</string>
    <string name="call_notification_hang_up_action">ସମାପ୍ତ କରନ୍ତୁ</string>
    <string name="call_notification_incoming_text">ଇନକମିଂ କଲ୍</string>
    <string name="call_notification_ongoing_text">ଚାଲିଥିବା କଲ୍</string>
    <string name="call_notification_screening_text">ଏକ ଇନକମିଂ କଲକୁ ସ୍କ୍ରିନ୍ କରୁଛି</string>
    <string name="character_counter_content_description">%2$d ର %1$d ଅକ୍ଷର ଲେଖିଛନ୍ତି</string>
    <string name="character_counter_overflowed_content_description">%2$d ର %1$d ଅକ୍ଷର ଲେଖିଛନ୍ତି</string>
    <string name="clear_text_end_icon_content_description">Clear text</string>
    <string name="common_google_play_services_enable_button">ସକ୍ଷମ କରନ୍ତୁ</string>
    <string name="common_google_play_services_enable_text">ଆପଣ Google Play ସେବା ସକ୍ଷମ ନ କରିବା ପର୍ଯ୍ୟନ୍ତ %1$s କାମ କରିବ ନାହିଁ।</string>
    <string name="common_google_play_services_enable_title">Google Play ସେବାଗୁଡ଼ିକ ସକ୍ଷମ କରନ୍ତୁ</string>
    <string name="common_google_play_services_install_button">ଇନ୍‍ଷ୍ଟଲ୍‍ କରନ୍ତୁ</string>
    <string name="common_google_play_services_install_text">%1$s ଏହି Google Play ସେବାଗୁଡ଼ିକ ବିନା ଚାଲେ ନାହିଁ, ଏବଂ ସେଗୁଡ଼ିକ ଆପଣଙ୍କ ଡିଭାଇସ୍‌ରେ ନାହିଁ।</string>
    <string name="common_google_play_services_install_title">Google Play ସେବାଗୁଡ଼ିକ ପ୍ରାପ୍ତ କରନ୍ତୁ</string>
    <string name="common_google_play_services_notification_channel_name">Google Play ସେବାଗୁଡ଼ିକର ଉପଲବ୍ଧତା</string>
    <string name="common_google_play_services_notification_ticker">Google Play ସେବା ସମ୍ପର୍କିତ ସମସ୍ୟା</string>
    <string name="common_google_play_services_unknown_issue">%1$sର Google Play ସେବା ସହ ଏକ ସମସ୍ୟା ରହିଛି। ଦୟାକରି ପୁଣି ଚେଷ୍ଟା କରନ୍ତୁ।</string>
    <string name="common_google_play_services_unsupported_text">%1$s ଏହି Google Play ସେବାଗୁଡ଼ିକ ବିନା ଚାଲେ ନାହିଁ, ଏବଂ ସେଗୁଡ଼ିକ ଆପଣଙ୍କ ଡିଭାଇସ୍‌ରେ କାମ କରେ ନାହିଁ।</string>
    <string name="common_google_play_services_update_button">ଅପଡେଟ୍‍ କରନ୍ତୁ</string>
    <string name="common_google_play_services_update_text">ଆପଣ Google Play ସେବା ଅପଡେଟ୍‌ ନ କରିବା ପର୍ଯ୍ୟନ୍ତ %1$s ଚାଲିବ ନାହିଁ।</string>
    <string name="common_google_play_services_update_title">Google Play ସେବାଗୁଡ଼ିକ ଅପଡେଟ୍ କରନ୍ତୁ</string>
    <string name="common_google_play_services_updating_text">Google Play ସେବାଗୁଡ଼ିକ ବିନା %1$s ଚାଲିବ ନାହିଁ, ଯେଉଁଗୁଡ଼ିକ ବର୍ତ୍ତମାନ ଅପଡେଟ୍‌ ହେଉଛି।</string>
    <string name="common_google_play_services_wear_update_text">Google Play ସେବାଗୁଡ଼ିକର ନୂତନ ଭର୍ସନ୍‌ ଆବଶ୍ୟକ। ଏହା ନିଜକୁ କିଛି ସମୟ ମଧ୍ୟରେ ଅପଡେଟ୍‌ କରିବ।</string>
    <string name="common_open_on_phone">ଫୋନ୍‌ରେ ଖୋଲନ୍ତୁ</string>
    <string name="common_signin_button_text">ସାଇନ୍‌-ଇନ୍ କରନ୍ତୁ</string>
    <string name="common_signin_button_text_long">Google ସହ ସାଇନ୍‌-ଇନ୍ କରନ୍ତୁ</string>
    <string name="error_icon_content_description">Error</string>
    <string name="exposed_dropdown_menu_content_description">Show dropdown menu</string>
    <string name="fallback_menu_item_copy_link">ଲିଙ୍କ୍ କପି କରନ୍ତୁ</string>
    <string name="fallback_menu_item_open_in_browser">ବ୍ରାଉଜର୍‌ରେ ଖୋଲନ୍ତୁ</string>
    <string name="fallback_menu_item_share_link">ଲିଙ୍କ୍ ସେୟାର୍ କରନ୍ତୁ</string>
    <string name="icon_content_description">Dialog Icon</string>
    <string name="item_view_role_description">Tab</string>
    <string name="material_clock_toggle_content_description">Select AM or PM</string>
    <string name="material_hour_24h_suffix">%1$s hours</string>
    <string name="material_hour_selection">Select hour</string>
    <string name="material_hour_suffix">%1$s o'clock</string>
    <string name="material_minute_selection">ମିନିଟ୍‍ ଚୟନ କରନ୍ତୁ</string>
    <string name="material_minute_suffix">%1$s minutes</string>
    <string name="material_timepicker_am">AM</string>
    <string name="material_timepicker_clock_mode_description">ସମୟ ଇନପୁଟ୍‍ ପାଇଁ ଘଣ୍ଟା ମୋଡ୍‌କୁ ବଦଳାନ୍ତୁ।</string>
    <string name="material_timepicker_hour">Hour</string>
    <string name="material_timepicker_minute">Minute</string>
    <string name="material_timepicker_pm">PM</string>
    <string name="material_timepicker_select_time">Select time</string>
    <string name="material_timepicker_text_input_mode_description">ସମୟ ଇନପୁଟ୍‍ ପାଇଁ ଟେକ୍ସଟ୍‍ ଇନପୁଟ୍‌କୁ ବଦଳାନ୍ତୁ।</string>
    <string name="mtrl_badge_numberless_content_description">New notification</string>
    <string name="mtrl_chip_close_icon_content_description">%1$s କାଢ଼ିଦିଅନ୍ତୁ</string>
    <string name="mtrl_exceed_max_badge_number_content_description">More than %1$d new notifications</string>
    <string name="mtrl_picker_a11y_next_month">Change to next month</string>
    <string name="mtrl_picker_a11y_prev_month">Change to previous month</string>
    <string name="mtrl_picker_cancel">Cancel</string>
    <string name="mtrl_picker_confirm">OK</string>
    <string name="mtrl_picker_day_of_week_column_header">Column of days: %1$s</string>
    <string name="mtrl_picker_navigate_to_year_description">Navigate to year %1$s</string>
    <string name="mtrl_picker_save">Save</string>
    <string name="mtrl_picker_toggle_to_calendar_input_mode">Switch to calendar input mode</string>
    <string name="mtrl_picker_toggle_to_day_selection">Tap to switch to selecting a day</string>
    <string name="mtrl_picker_toggle_to_text_input_mode">Switch to text input mode</string>
    <string name="mtrl_picker_toggle_to_year_selection">Tap to switch to selecting a year</string>
    <string name="mtrl_timepicker_cancel">Cancel</string>
    <string name="mtrl_timepicker_confirm">OK</string>
    <string name="native_body">ବଡି</string>
    <string name="native_headline">ହେଡଲାଇନ</string>
    <string name="native_media_view">ମିଡିଆ ଭ୍ୟୁ</string>
    <string name="notifications_permission_confirm">ଅନୁମତି ଦିଅନ୍ତୁ</string>
    <string name="notifications_permission_decline">ଅନୁମତି ଦିଅନ୍ତୁ ନାହିଁ</string>
    <string name="notifications_permission_title">ଆପଣଙ୍କୁ ବିଜ୍ଞପ୍ତି ପଠାଇବାକୁ ଆପକୁ ଅନୁମତି ଦେବେ?</string>
    <string name="offline_dialog_image_description">ଆଇକନ</string>
    <string name="offline_dialog_text">ଆପଣଙ୍କ ଆଗ୍ରହ ପାଇଁ ଧନ୍ୟବାଦ।
ଆପଣ ପୁଣି ଅନଲାଇନ ହେବା ପରେ ଆମେ ଆଉ ଥରେ ସେୟାର କରିବୁ।</string>
    <string name="offline_notification_title">ଆପଣ ପୁଣି ଅନଲାଇନ ହୋଇଛନ୍ତି! ଚାଲନ୍ତୁ ଯେଉଁଠି ଦେଖିବା ଛାଡ଼ିଥିଲେ ସେଠାରୁ ପୁଣି ଆରମ୍ଭ କରିବା</string>
    <string name="offline_notification_title_with_advertiser">ଆପଣ ପୁଣି ଅନଲାଇନ ହୋଇଛନ୍ତି! %s ବିଷୟରେ ଜାଣିବା ଜାରି ରଖନ୍ତୁ</string>
    <string name="offline_opt_in_confirm">ଠିକ ଅଛି</string>
    <string name="offline_opt_in_decline">ନାଁ, ଥାଉ</string>
    <string name="offline_opt_in_message">ବିଜ୍ଞାପନଦାତାଙ୍କ ସାଇଟର ଏକ ଲିଙ୍କ୍ ସହ ଆମେ ଆପଣଙ୍କୁ ଏକ ବିଜ୍ଞପ୍ତି ପଠାଇବୁ।</string>
    <string name="offline_opt_in_title">ଆପଣ ପୁଣି ଅନଲାଇନ୍ ହେଲେ ବିଜ୍ଞାପନ ଖୋଲନ୍ତୁ।</string>
    <string name="password_toggle_content_description">ପାସ୍‍ୱାର୍ଡ ଦେଖାନ୍ତୁ</string>
    <string name="s1">ଇମେଜ୍ ସେଭ୍‌ କରନ୍ତୁ</string>
    <string name="s2">ପିକ୍‌ଚର୍‌ ଗ୍ୟାଲେରୀରେ ଇମେଜ୍‌ଗୁଡ଼ିକ ଷ୍ଟୋର୍‌ କରିବା ପାଇଁ ବିଜ୍ଞାପନକୁ ଅନୁମତି ଦେବେ?</string>
    <string name="s3">ଗ୍ରହଣ କରନ୍ତୁ</string>
    <string name="s4">ପ୍ରତ୍ୟାଖ୍ୟାନ କରନ୍ତୁ</string>
    <string name="s5">କ୍ୟାଲେଣ୍ଡର୍‌ ଇଭେଣ୍ଟ ତିଆରି କରନ୍ତୁ</string>
    <string name="s6">ଏକ କ୍ୟାଲେଣ୍ଡର୍ ଇଭେଣ୍ଟ ତିଆରି କରିବା ପାଇଁ ବିଜ୍ଞାପନକୁ ଅନୁମତି ଦେବେ କି?</string>
    <string name="s7">ପରୀକ୍ଷାମୂଳକ ବିଜ୍ଞାପନ</string>
    <string name="search_menu_title">ସର୍ଚ୍ଚ କରନ୍ତୁ</string>
    <string name="status_bar_notification_info_overflow">999+</string>
    <string name="watermark_label_prefix">AdMob</string>
</resources>