<?xml version='1.0' encoding='utf-8' ?>
<resources>
    <string name="abc_action_bar_up_description">التنقل إلى أعلى</string>
    <string name="abc_action_mode_done">تم</string>
    <string name="abc_capital_off">إيقاف</string>
    <string name="abc_capital_on">مفعّلة</string>
    <string name="abc_menu_alt_shortcut_label">Alt+</string>
    <string name="abc_menu_ctrl_shortcut_label">Ctrl+</string>
    <string name="abc_menu_delete_shortcut_label">حذف</string>
    <string name="abc_menu_enter_shortcut_label">enter</string>
    <string name="abc_menu_function_shortcut_label">Function+</string>
    <string name="abc_menu_meta_shortcut_label">Meta+</string>
    <string name="abc_menu_shift_shortcut_label">Shift+</string>
    <string name="abc_menu_space_shortcut_label">فضاء</string>
    <string name="abc_menu_sym_shortcut_label">Sym+</string>
    <string name="abc_prepend_shortcut_label">القائمة+</string>
    <string name="abc_search_hint">بحث…</string>
    <string name="abc_searchview_description_clear">محو طلب البحث</string>
    <string name="abc_searchview_description_search">البحث</string>
    <string name="abc_searchview_description_submit">إرسال طلب البحث</string>
    <string name="abc_searchview_description_voice">بحث صوتي</string>
    <string name="abc_toolbar_collapse_description">تصغير</string>
    <string name="bottomsheet_action_collapse">تصغير البطاقة السفلية</string>
    <string name="bottomsheet_action_expand">توسيع البطاقة السفلية</string>
    <string name="bottomsheet_action_expand_halfway">توسيع البطاقة السفلية</string>
    <string name="bottomsheet_drag_handle_clicked">تم النقر مرّتين على مقبض السحب.</string>
    <string name="bottomsheet_drag_handle_content_description">مقبض السحب</string>
    <string name="call_notification_answer_action">ردّ</string>
    <string name="call_notification_answer_video_action">فيديو</string>
    <string name="call_notification_decline_action">رفض</string>
    <string name="call_notification_hang_up_action">قطع الاتصال</string>
    <string name="call_notification_incoming_text">مكالمة واردة</string>
    <string name="call_notification_ongoing_text">مكالمة جارية</string>
    <string name="call_notification_screening_text">يتم فحص المكالمة الواردة</string>
    <string name="character_counter_content_description">تمّ إدخال %1$d حرف من إجمالي %2$d.</string>
    <string name="character_counter_overflowed_content_description">تجاوز عدد الأحرف المسموح به %1$d من %2$d.</string>
    <string name="clear_text_end_icon_content_description">محو النص</string>
    <string name="common_google_play_services_enable_button">تفعيل</string>
    <string name="common_google_play_services_enable_text">‏لن يعمل %1$s ما لم يتم تفعيل خدمات Google Play.</string>
    <string name="common_google_play_services_enable_title">‏تفعيل خدمات Google Play</string>
    <string name="common_google_play_services_install_button">تثبيت</string>
    <string name="common_google_play_services_install_text">‏لن يتم تشغيل %1$s بدون خدمات Google Play، والتي لا تتوفر على جهازك.</string>
    <string name="common_google_play_services_install_title">‏الحصول على خدمات Google Play</string>
    <string name="common_google_play_services_notification_channel_name">‏مدى توفّر خدمات Google Play</string>
    <string name="common_google_play_services_notification_ticker">‏خطأ في خدمات Google Play</string>
    <string name="common_google_play_services_unknown_issue">‏لدى %1$s مشكلة في خدمات Google Play. يُرجى إعادة المحاولة.</string>
    <string name="common_google_play_services_unsupported_text">‏لن يتم تشغيل %1$s بدون خدمات Google Play التي لا يوفرها جهازك.</string>
    <string name="common_google_play_services_update_button">تحديث</string>
    <string name="common_google_play_services_update_text">‏لن يتم تشغيل %1$s ما لم يتم تحديث خدمات Google Play.</string>
    <string name="common_google_play_services_update_title">‏تحديث خدمات Google Play</string>
    <string name="common_google_play_services_updating_text">‏لن يتم تشغيل %1$s بدون خدمات Google Play، والتي يتم تحديثها حاليًا.</string>
    <string name="common_google_play_services_wear_update_text">‏يجب توفر إصدار جديد من خدمات Google Play. سيتم تحديثها تلقائيًا قريبًا.</string>
    <string name="common_open_on_phone">فتح على الهاتف</string>
    <string name="common_signin_button_text">تسجل الدخول</string>
    <string name="common_signin_button_text_long">‏تسجيل الدخول عبر Google</string>
    <string name="error_icon_content_description">خطأ</string>
    <string name="exo_controls_fastforward_description">تقديم سريع</string>
    <string name="exo_controls_hide">إخفاء عناصر التحكم بالمشغّل</string>
    <string name="exo_controls_next_description">التالي</string>
    <string name="exo_controls_pause_description">إيقاف مؤقت</string>
    <string name="exo_controls_play_description">تشغيل</string>
    <string name="exo_controls_previous_description">السابق</string>
    <string name="exo_controls_repeat_all_description">الوضع الحالي: تكرار الكل. تبديل وضع التكرار</string>
    <string name="exo_controls_repeat_off_description">الوضع الحالي: عدم التكرار. تبديل وضع التكرار</string>
    <string name="exo_controls_repeat_one_description">الوضع الحالي: التكرار مرة واحدة. تبديل وضع التكرار</string>
    <string name="exo_controls_rewind_description">ترجيع</string>
    <string name="exo_controls_show">عرض عناصر التحكم بالمشغّل</string>
    <string name="exo_controls_shuffle_off_description">تفعيل وضع الترتيب العشوائي</string>
    <string name="exo_controls_shuffle_on_description">إيقاف وضع الترتيب العشوائي</string>
    <string name="exo_controls_vr_description">وضع VR</string>
    <string name="exo_item_list">%1$s، %2$s</string>
    <string name="exo_track_bitrate">%1$.2f ميغابت في الثانية</string>
    <string name="exo_track_mono">قناة أحادية</string>
    <string name="exo_track_resolution">%1$d × %2$d</string>
    <string name="exo_track_role_alternate">بديل</string>
    <string name="exo_track_role_closed_captions">الترجمة والشرح</string>
    <string name="exo_track_role_commentary">التعليقات</string>
    <string name="exo_track_role_supplementary">تكميلي</string>
    <string name="exo_track_selection_auto">تلقائي</string>
    <string name="exo_track_selection_none">بدون اختيار</string>
    <string name="exo_track_selection_title_audio">صوت</string>
    <string name="exo_track_selection_title_text">نص</string>
    <string name="exo_track_selection_title_video">فيديو</string>
    <string name="exo_track_stereo">استريو</string>
    <string name="exo_track_surround">صوت مجسّم</string>
    <string name="exo_track_surround_5_point_1">صوت مجسّم 5.1</string>
    <string name="exo_track_surround_7_point_1">صوت مجسّم 7.1</string>
    <string name="exo_track_unknown">غير معروف</string>
    <string name="exposed_dropdown_menu_content_description">عرض القائمة المنسدلة</string>
    <string name="fallback_menu_item_copy_link">نسخ الرابط</string>
    <string name="fallback_menu_item_open_in_browser">فتح في المتصفح</string>
    <string name="fallback_menu_item_share_link">مشاركة الرابط</string>
    <string name="icon_content_description">رمز مربع الحوار</string>
    <string name="item_view_role_description">علامة تبويب</string>
    <string name="material_clock_toggle_content_description">يُرجى اختيار صباحًا أو مساءً.</string>
    <string name="material_hour_24h_suffix">%1$s ساعة</string>
    <string name="material_hour_selection">تحديد الساعة</string>
    <string name="material_hour_suffix">الساعة %1$s</string>
    <string name="material_minute_selection">تحديد الدقائق</string>
    <string name="material_minute_suffix">%1$s دقيقة</string>
    <string name="material_timepicker_am">صباحًا</string>
    <string name="material_timepicker_clock_mode_description">يُرجى التبديل إلى وضع الساعة لإدخال الوقت.</string>
    <string name="material_timepicker_hour">الساعة</string>
    <string name="material_timepicker_minute">دقيقة</string>
    <string name="material_timepicker_pm">مساءً</string>
    <string name="material_timepicker_select_time">اختيار الوقت</string>
    <string name="material_timepicker_text_input_mode_description">يُرجى التبديل إلى وضع إدخال النص لإدخال الوقت.</string>
    <string name="mtrl_badge_numberless_content_description">إشعار جديد</string>
    <string name="mtrl_chip_close_icon_content_description">إزالة %1$s</string>
    <string name="mtrl_exceed_max_badge_number_content_description">يبلغ عدد الإشعارات الجديدة أكثر من %1$d.</string>
    <string name="mtrl_picker_a11y_next_month">التغيير إلى الشهر التالي</string>
    <string name="mtrl_picker_a11y_prev_month">التغيير إلى الشهر السابق</string>
    <string name="mtrl_picker_cancel">إلغاء</string>
    <string name="mtrl_picker_confirm">حسنًا</string>
    <string name="mtrl_picker_day_of_week_column_header">عمود الأيام: %1$s</string>
    <string name="mtrl_picker_navigate_to_year_description">التنقل إلى العام %1$s</string>
    <string name="mtrl_picker_save">حفظ</string>
    <string name="mtrl_picker_toggle_to_calendar_input_mode">التبديل إلى وضع "الإدخال في التقويم"</string>
    <string name="mtrl_picker_toggle_to_day_selection">انقر للتبديل إلى اختيار يوم</string>
    <string name="mtrl_picker_toggle_to_text_input_mode">التبديل إلى وضع "إدخال النص"</string>
    <string name="mtrl_picker_toggle_to_year_selection">انقر للتبديل إلى اختيار عام</string>
    <string name="mtrl_timepicker_cancel">إلغاء</string>
    <string name="mtrl_timepicker_confirm">حسنًا</string>
    <string name="native_body">النص</string>
    <string name="native_headline">العنوان</string>
    <string name="native_media_view">عرض الوسائط</string>
    <string name="notifications_permission_confirm">السماح</string>
    <string name="notifications_permission_decline">عدم السماح</string>
    <string name="notifications_permission_title">هل تريد السماح للتطبيق بإرسال إشعارات إليك؟</string>
    <string name="offline_dialog_image_description">رمز</string>
    <string name="offline_dialog_text">‏نشكرك على اهتمامك.
سنشارك المزيد من المعلومات بعد إعادة الاتصال بالإنترنت.</string>
    <string name="offline_notification_title">تمت إعادة الاتصال بالإنترنت وبإمكانك الآن الاستئناف من حيث توقفت</string>
    <string name="offline_notification_title_with_advertiser">تمت إعادة الاتصال بالإنترنت وبإمكانك الآن مواصلة التعرّف على "%s"</string>
    <string name="offline_opt_in_confirm">حسنًا</string>
    <string name="offline_opt_in_decline">لا، شكرًا</string>
    <string name="offline_opt_in_message">سنرسل إليك إشعارًا يحتوي على رابط إلى الموقع الإلكتروني للمعلِن.</string>
    <string name="offline_opt_in_title">فتح العنوان عند إعادة الاتصال بالإنترنت</string>
    <string name="password_toggle_content_description">عرض كلمة المرور</string>
    <string name="s1">حفظ الصورة</string>
    <string name="s2">هل تريد السماح للإعلان بتخزين الصورة في معرض الصور؟</string>
    <string name="s3">قبول</string>
    <string name="s4">رفض</string>
    <string name="s5">إنشاء حدث تقويم</string>
    <string name="s6">هل تريد السماح للإعلان بإنشاء حدث تقويم؟</string>
    <string name="s7">إعلان تجريبي</string>
    <string name="search_menu_title">البحث</string>
    <string name="status_bar_notification_info_overflow">999+</string>
    <string name="watermark_label_prefix">AdMob -</string>
</resources>