<?xml version='1.0' encoding='utf-8' ?>
<resources>
    <string name="abc_action_bar_up_description">Prejsť nahor</string>
    <string name="abc_action_mode_done">Hotovo</string>
    <string name="abc_capital_off">VYP.</string>
    <string name="abc_capital_on">ZAP.</string>
    <string name="abc_menu_alt_shortcut_label">Alt+</string>
    <string name="abc_menu_ctrl_shortcut_label">Ctrl+</string>
    <string name="abc_menu_delete_shortcut_label">odstrániť</string>
    <string name="abc_menu_enter_shortcut_label">enter</string>
    <string name="abc_menu_function_shortcut_label">Function+</string>
    <string name="abc_menu_meta_shortcut_label">Meta+</string>
    <string name="abc_menu_shift_shortcut_label">Shift+</string>
    <string name="abc_menu_space_shortcut_label">medzerník</string>
    <string name="abc_menu_sym_shortcut_label">Sym+</string>
    <string name="abc_prepend_shortcut_label">Menu+</string>
    <string name="abc_search_hint">Vyhľadať…</string>
    <string name="abc_searchview_description_clear">Vymazať dopyt</string>
    <string name="abc_searchview_description_search">Hľadať</string>
    <string name="abc_searchview_description_submit">Odoslať dopyt</string>
    <string name="abc_searchview_description_voice">Hlasové vyhľadávanie</string>
    <string name="abc_toolbar_collapse_description">Zbaliť</string>
    <string name="bottomsheet_action_collapse">Zbaliť dolný hárok</string>
    <string name="bottomsheet_action_expand">Rozbaliť dolný hárok</string>
    <string name="bottomsheet_action_expand_halfway">Rozbaliť napoly</string>
    <string name="bottomsheet_drag_handle_clicked">Dvojité klepnutie na presúvadlo</string>
    <string name="bottomsheet_drag_handle_content_description">Presúvadlo</string>
    <string name="call_notification_answer_action">Prijať</string>
    <string name="call_notification_answer_video_action">Video</string>
    <string name="call_notification_decline_action">Odmietnuť</string>
    <string name="call_notification_hang_up_action">Zložiť</string>
    <string name="call_notification_incoming_text">Prichádzajúci hovor</string>
    <string name="call_notification_ongoing_text">Prebiehajúci hovor</string>
    <string name="call_notification_screening_text">Preveruje sa prichádzajúci hovor</string>
    <string name="character_counter_content_description">Zadané znaky: %1$d z %2$d</string>
    <string name="character_counter_overflowed_content_description">Bol prekročený povolený počet znakov (%1$d z %2$d)</string>
    <string name="clear_text_end_icon_content_description">Vymazať text</string>
    <string name="common_google_play_services_enable_button">Povoliť</string>
    <string name="common_google_play_services_enable_text">Aplikácia %1$s bude fungovať až po povolení služieb Google Play.</string>
    <string name="common_google_play_services_enable_title">Povoliť služby Google Play</string>
    <string name="common_google_play_services_install_button">Inštalovať</string>
    <string name="common_google_play_services_install_text">Na spustenie aplikácie %1$s sa vyžadujú služby Google Play, ktoré na zariadení nemáte.</string>
    <string name="common_google_play_services_install_title">Inštalovať služby Google Play</string>
    <string name="common_google_play_services_notification_channel_name">Dostupnosť služieb Google Play</string>
    <string name="common_google_play_services_notification_ticker">Chyba služieb Google Play</string>
    <string name="common_google_play_services_unknown_issue">Aplikácia %1$s má problémy so službami Google Play. Skúste to znova.</string>
    <string name="common_google_play_services_unsupported_text">Aplikáciu %1$s nebude možné spustiť bez služieb Google Play, ktoré vaše zariadenie nepodporuje.</string>
    <string name="common_google_play_services_update_button">Aktualizovať</string>
    <string name="common_google_play_services_update_text">Aplikáciu %1$s bude možné spustiť až po aktualizácii služieb Google Play.</string>
    <string name="common_google_play_services_update_title">Aktualizácia služieb Google Play</string>
    <string name="common_google_play_services_updating_text">Na spustenie aplikácie %1$s sa vyžadujú služby Google Play, ktoré sa momentálne aktualizujú.</string>
    <string name="common_google_play_services_wear_update_text">Vyžaduje sa nová verzia služieb Google Play. Aktualizujú sa automaticky v najbližšom čase.</string>
    <string name="common_open_on_phone">Otvoriť v telefóne</string>
    <string name="common_signin_button_text">Prihlásiť sa</string>
    <string name="common_signin_button_text_long">Prihlásiť sa do účtu Google</string>
    <string name="error_icon_content_description">Chyba</string>
    <string name="exo_controls_fastforward_description">Pretočiť dopredu</string>
    <string name="exo_controls_hide">Skryť ovládacie prvky prehrávača</string>
    <string name="exo_controls_next_description">Ďalšia</string>
    <string name="exo_controls_pause_description">Pozastaviť</string>
    <string name="exo_controls_play_description">Prehrať</string>
    <string name="exo_controls_previous_description">Predchádzajúca</string>
    <string name="exo_controls_repeat_all_description">Aktuálny režim: Opakovať všetky. Prepnúť režim opakovania</string>
    <string name="exo_controls_repeat_off_description">Aktuálny režim: Neopakovať. Prepnúť režim opakovania</string>
    <string name="exo_controls_repeat_one_description">Aktuálny režim: Opakovať jedno. Prepnúť režim opakovania</string>
    <string name="exo_controls_rewind_description">Pretočiť späť</string>
    <string name="exo_controls_show">Zobraziť ovládacie prvky prehrávača</string>
    <string name="exo_controls_shuffle_off_description">Zapnúť režim náhodného prehrávania</string>
    <string name="exo_controls_shuffle_on_description">Vypnúť režim náhodného prehrávania</string>
    <string name="exo_controls_vr_description">režim VR</string>
    <string name="exo_item_list">%1$s, %2$s</string>
    <string name="exo_track_bitrate">%1$.2f MB/s</string>
    <string name="exo_track_mono">Mono</string>
    <string name="exo_track_resolution">%1$d × %2$d</string>
    <string name="exo_track_role_alternate">Alternatívna stopa</string>
    <string name="exo_track_role_closed_captions">Skryté titulky</string>
    <string name="exo_track_role_commentary">Komentár</string>
    <string name="exo_track_role_supplementary">Doplnková stopa</string>
    <string name="exo_track_selection_auto">Automaticky</string>
    <string name="exo_track_selection_none">Žiadne</string>
    <string name="exo_track_selection_title_audio">Zvuk</string>
    <string name="exo_track_selection_title_text">Text</string>
    <string name="exo_track_selection_title_video">Video</string>
    <string name="exo_track_stereo">Stereo</string>
    <string name="exo_track_surround">Priestorový zvuk</string>
    <string name="exo_track_surround_5_point_1">Priestorový zvuk 5.1</string>
    <string name="exo_track_surround_7_point_1">Priestorový zvuk 7.1</string>
    <string name="exo_track_unknown">Neznáme</string>
    <string name="exposed_dropdown_menu_content_description">Zobraziť rozbaľovaciu ponuku</string>
    <string name="fallback_menu_item_copy_link">Kopírovať odkaz</string>
    <string name="fallback_menu_item_open_in_browser">Otvoriť v prehliadači</string>
    <string name="fallback_menu_item_share_link">Zdieľať odkaz</string>
    <string name="icon_content_description">Ikona dialógového okna</string>
    <string name="item_view_role_description">Tabulátor</string>
    <string name="material_clock_toggle_content_description">Vyberte AM alebo PM</string>
    <string name="material_hour_24h_suffix">%1$s hodín</string>
    <string name="material_hour_selection">Vybrať hodinu</string>
    <string name="material_hour_suffix">%1$s</string>
    <string name="material_minute_selection">Vyberte minúty</string>
    <string name="material_minute_suffix">%1$s min</string>
    <string name="material_timepicker_am">AM</string>
    <string name="material_timepicker_clock_mode_description">Ak chcete zadať čas, prepnite na režim hodín.</string>
    <string name="material_timepicker_hour">Hodina</string>
    <string name="material_timepicker_minute">Minúta</string>
    <string name="material_timepicker_pm">PM</string>
    <string name="material_timepicker_select_time">Vyberte čas</string>
    <string name="material_timepicker_text_input_mode_description">Ak chcete zadať čas, prepnite na textový režim vstupu</string>
    <string name="mtrl_badge_numberless_content_description">Nové upozornenie</string>
    <string name="mtrl_chip_close_icon_content_description">Odstrániť položku %1$s</string>
    <string name="mtrl_exceed_max_badge_number_content_description">Viac než %1$d nových upozornení</string>
    <string name="mtrl_picker_a11y_next_month">Ďalší mesiac</string>
    <string name="mtrl_picker_a11y_prev_month">Predchádzajúci mesiac</string>
    <string name="mtrl_picker_cancel">Zrušiť</string>
    <string name="mtrl_picker_confirm">OK</string>
    <string name="mtrl_picker_day_of_week_column_header">Stĺpec dní: %1$s</string>
    <string name="mtrl_picker_navigate_to_year_description">Prejsť na rok %1$s</string>
    <string name="mtrl_picker_save">Uložiť</string>
    <string name="mtrl_picker_toggle_to_calendar_input_mode">Prepnúť na kalendárový režim vstupu</string>
    <string name="mtrl_picker_toggle_to_day_selection">Klepnutím prepnete na výber dňa</string>
    <string name="mtrl_picker_toggle_to_text_input_mode">Prepnúť na textový režim vstupu</string>
    <string name="mtrl_picker_toggle_to_year_selection">Klepnutím prepnete na výber roka</string>
    <string name="mtrl_timepicker_cancel">Zrušiť</string>
    <string name="mtrl_timepicker_confirm">OK</string>
    <string name="native_body">Text</string>
    <string name="native_headline">Nadpis</string>
    <string name="native_media_view">Zobrazenie média</string>
    <string name="notifications_permission_confirm">Povoliť</string>
    <string name="notifications_permission_decline">Nepovoliť</string>
    <string name="notifications_permission_title">Chcete povoliť aplikácii posielať vám upozornenia?</string>
    <string name="offline_dialog_image_description">Ikona</string>
    <string name="offline_dialog_text">Ďakujeme vám za záujem.
Ďalšie informácie s vami budeme zdieľať, keď budete opäť online.</string>
    <string name="offline_notification_title">Opäť ste online. Pokračujme, kde sme skončili.</string>
    <string name="offline_notification_title_with_advertiser">Opäť ste online. Pokračujte v zisťovaní ďalších informácií o inzerentovi %s.</string>
    <string name="offline_opt_in_confirm">OK</string>
    <string name="offline_opt_in_decline">Nie, ďakujem</string>
    <string name="offline_opt_in_message">Pošleme vám upozornenie s odkazom na web inzerenta.</string>
    <string name="offline_opt_in_title">Reklama sa otvorí, keď budete znova online.</string>
    <string name="password_toggle_content_description">Zobraziť heslo</string>
    <string name="s1">Uloženie obrázka</string>
    <string name="s2">Povoliť reklame uložiť obrázok do galérie obrázkov?</string>
    <string name="s3">Prijať</string>
    <string name="s4">Odmietnuť</string>
    <string name="s5">Vytvorenie udalosti v kalendári</string>
    <string name="s6">Povoliť reklame vytvoriť udalosť v kalendári?</string>
    <string name="s7">Testovacia reklama</string>
    <string name="search_menu_title">Hľadať</string>
    <string name="status_bar_notification_info_overflow">999+</string>
    <string name="watermark_label_prefix">AdMob –</string>
</resources>