<?xml version='1.0' encoding='utf-8' ?>
<resources>
    <string name="abc_action_bar_up_description">اوپر نیویگیٹ کریں</string>
    <string name="abc_action_mode_done">ہو گیا</string>
    <string name="abc_capital_off">آف</string>
    <string name="abc_capital_on">آن</string>
    <string name="abc_menu_alt_shortcut_label">Alt+‎</string>
    <string name="abc_menu_ctrl_shortcut_label">Ctrl+‎</string>
    <string name="abc_menu_delete_shortcut_label">delete</string>
    <string name="abc_menu_enter_shortcut_label">enter</string>
    <string name="abc_menu_function_shortcut_label">Function+‎</string>
    <string name="abc_menu_meta_shortcut_label">Meta+‎</string>
    <string name="abc_menu_shift_shortcut_label">Shift+‎</string>
    <string name="abc_menu_space_shortcut_label">space</string>
    <string name="abc_menu_sym_shortcut_label">Sym+‎</string>
    <string name="abc_prepend_shortcut_label">Menu+‎</string>
    <string name="abc_search_hint">تلاش کریں…</string>
    <string name="abc_searchview_description_clear">استفسار صاف کریں</string>
    <string name="abc_searchview_description_search">تلاش کریں</string>
    <string name="abc_searchview_description_submit">استفسار جمع کرائیں</string>
    <string name="abc_searchview_description_voice">صوتی تلاش</string>
    <string name="abc_toolbar_collapse_description">سکیڑیں</string>
    <string name="bottomsheet_action_collapse">نیچے کی شیٹ کو سکیڑیں</string>
    <string name="bottomsheet_action_expand">نیچے کی شیٹ کو پھیلائیں</string>
    <string name="bottomsheet_action_expand_halfway">نصف تک پھیلائیں</string>
    <string name="bottomsheet_drag_handle_clicked">گھسیٹنے کے ہینڈل کو دو بار تھپتھپائیں</string>
    <string name="bottomsheet_drag_handle_content_description">گھسیٹنے کا ہینڈل</string>
    <string name="call_notification_answer_action">جواب دیں</string>
    <string name="call_notification_answer_video_action">ویڈیو</string>
    <string name="call_notification_decline_action">مسترد کریں</string>
    <string name="call_notification_hang_up_action">منقطع کر دیں</string>
    <string name="call_notification_incoming_text">اِن کمنگ کال</string>
    <string name="call_notification_ongoing_text">جاری کال</string>
    <string name="call_notification_screening_text">اِن کمنگ کال کی اسکریننگ</string>
    <string name="character_counter_content_description">%2$d میں سے %1$d حروف درج کیے گئے</string>
    <string name="character_counter_overflowed_content_description">حروف کی تعداد کی حد %2$d سے %1$d پہنچ گئی</string>
    <string name="clear_text_end_icon_content_description">ٹیکسٹ صاف کریں</string>
    <string name="common_google_play_services_enable_button">فعال کریں</string>
    <string name="common_google_play_services_enable_text">‏جب تک آپ Google Play سروسز فعال نہیں کر لیتے، %1$s کام نہیں کرے گی۔</string>
    <string name="common_google_play_services_enable_title">‏Google Play سروسز فعال کریں</string>
    <string name="common_google_play_services_install_button">انسٹال کریں</string>
    <string name="common_google_play_services_install_text">‏%1$s Google Play سروسز کے بغیر نہیں چلے گی، جو آپ کے آلہ سے غائب ہیں۔</string>
    <string name="common_google_play_services_install_title">‏Google Play سروسز حاصل کریں</string>
    <string name="common_google_play_services_notification_channel_name">‏Google Play سروسز کی دستیابی</string>
    <string name="common_google_play_services_notification_ticker">‏Google Play سروسز کی خرابی</string>
    <string name="common_google_play_services_unknown_issue">‏%1$s کو Google Play سروسز کے ساتھ مسئلہ پیش آ رہا ہے۔ براہ کرم دوبارہ کوشش کریں۔</string>
    <string name="common_google_play_services_unsupported_text">‏%1$s Google Play سروسز کے بغیر نہیں چلے گی، جن کی آپ کا آلہ معاونت نہیں کرتا۔</string>
    <string name="common_google_play_services_update_button">اپ ڈیٹ کریں</string>
    <string name="common_google_play_services_update_text">‏جب تک آپ Google Play سروسز اپ ڈیٹ نہیں کر لیتے ہیں %1$s تب تک نہیں چلے گی۔</string>
    <string name="common_google_play_services_update_title">‏Google Play سروسز اپ ڈیٹ کریں</string>
    <string name="common_google_play_services_updating_text">‏%1$s Google Play سروسز کے بغیر نہیں چلے گی، جو فی الحال اپ ڈیٹ ہو رہی ہیں۔</string>
    <string name="common_google_play_services_wear_update_text">‏Google Play سروسز کے نئے ورژن کی ضرورت ہے۔ یہ تھوڑی دیر میں خود ہی اپنے آپ کو اپ ڈیٹ کر لے گا۔</string>
    <string name="common_open_on_phone">فون پر کھولیں</string>
    <string name="common_signin_button_text">سائن ان کریں</string>
    <string name="common_signin_button_text_long">‏Google کے ساتھ سائن ان کریں</string>
    <string name="error_icon_content_description">خرابی</string>
    <string name="exo_controls_fastforward_description">تیزی سے فارورڈ کریں</string>
    <string name="exo_controls_hide">پلیئر کنٹرولز چھپائیں</string>
    <string name="exo_controls_next_description">آگے</string>
    <string name="exo_controls_pause_description">موقوف کریں</string>
    <string name="exo_controls_play_description">چلائیں</string>
    <string name="exo_controls_previous_description">پیچھے</string>
    <string name="exo_controls_repeat_all_description">موجودہ موڈ: سبھی دہرائیں۔ رپیٹ موڈ ٹوگل کریں۔</string>
    <string name="exo_controls_repeat_off_description">موجودہ موڈ: کچھ نہ دہرائیں۔ رپیٹ موڈ ٹوگل کریں۔</string>
    <string name="exo_controls_repeat_one_description">موجودہ موڈ: ایک دہرائیں۔ رپیٹ موڈ ٹوگل کریں۔</string>
    <string name="exo_controls_rewind_description">ریوائینڈ کریں</string>
    <string name="exo_controls_show">پلیئر کنٹرولز دکھائیں</string>
    <string name="exo_controls_shuffle_off_description">شفل موڈ کو فعال کریں</string>
    <string name="exo_controls_shuffle_on_description">شفل موڈ کو غیر فعال کریں</string>
    <string name="exo_controls_vr_description">VR موڈ</string>
    <string name="exo_item_list">%1$s، %2$s</string>
    <string name="exo_track_bitrate">%1$.2f Mbps</string>
    <string name="exo_track_mono">مونو</string>
    <string name="exo_track_resolution">%1$d × %2$d</string>
    <string name="exo_track_role_alternate">متبادل</string>
    <string name="exo_track_role_closed_captions">سب ٹائٹلز</string>
    <string name="exo_track_role_commentary">تبصرہ</string>
    <string name="exo_track_role_supplementary">اضافی</string>
    <string name="exo_track_selection_auto">خودکار</string>
    <string name="exo_track_selection_none">کوئی نہیں</string>
    <string name="exo_track_selection_title_audio">آڈیو</string>
    <string name="exo_track_selection_title_text">متن</string>
    <string name="exo_track_selection_title_video">ویڈیو</string>
    <string name="exo_track_stereo">اسٹیریو</string>
    <string name="exo_track_surround">محیط آواز</string>
    <string name="exo_track_surround_5_point_1">5.1 محیط آواز</string>
    <string name="exo_track_surround_7_point_1">7.1 محیط آواز</string>
    <string name="exo_track_unknown">نامعلوم</string>
    <string name="exposed_dropdown_menu_content_description">ڈراپ ڈاؤن مینو دکھائیں</string>
    <string name="fallback_menu_item_copy_link">لنک کاپی کریں</string>
    <string name="fallback_menu_item_open_in_browser">براؤزر میں کھولیں</string>
    <string name="fallback_menu_item_share_link">لنک کا اشتراک کریں</string>
    <string name="icon_content_description">ڈائیلاگ کا آئیکن</string>
    <string name="item_view_role_description">ٹیب</string>
    <string name="material_clock_toggle_content_description">AM یا PM منتخب کریں</string>
    <string name="material_hour_24h_suffix">%1$s گھنٹے</string>
    <string name="material_hour_selection">گھنٹہ منتخب کریں</string>
    <string name="material_hour_suffix">%1$s بجے</string>
    <string name="material_minute_selection">منٹ منتخب کریں</string>
    <string name="material_minute_suffix">%1$s منٹ</string>
    <string name="material_timepicker_am">قبل از دوپہر</string>
    <string name="material_timepicker_clock_mode_description">وقت ان پٹ کے لیے گھڑی و‏ضع پر سوئچ کریں۔</string>
    <string name="material_timepicker_hour">گھنٹہ</string>
    <string name="material_timepicker_minute">منٹ</string>
    <string name="material_timepicker_pm">رات</string>
    <string name="material_timepicker_select_time">وقت منتخب کریں</string>
    <string name="material_timepicker_text_input_mode_description">وقت ان پٹ کے لیے ٹیکسٹ ان پٹ وضع پر سوئچ کریں۔</string>
    <string name="mtrl_badge_numberless_content_description">نئی اطلاع</string>
    <string name="mtrl_chip_close_icon_content_description">%1$s کو ہٹائیں</string>
    <string name="mtrl_exceed_max_badge_number_content_description">%1$d سے زیادہ نئی اطلاعات</string>
    <string name="mtrl_picker_a11y_next_month">اگلے مہینہ میں منتقل کریں</string>
    <string name="mtrl_picker_a11y_prev_month">گزشتہ ماہ میں منتقل کریں</string>
    <string name="mtrl_picker_cancel">منسوخ کریں</string>
    <string name="mtrl_picker_confirm">ٹھیک ہے</string>
    <string name="mtrl_picker_day_of_week_column_header">دنوں کا کالم: %1$s</string>
    <string name="mtrl_picker_navigate_to_year_description">%1$s سال پر نیویگیٹ کریں</string>
    <string name="mtrl_picker_save">محفوظ کریں</string>
    <string name="mtrl_picker_toggle_to_calendar_input_mode">کیلنڈر ان پٹ وضع پر سوئچ کریں</string>
    <string name="mtrl_picker_toggle_to_day_selection">دن کو منتخب کرنے کے ليے سوئچ پر تھپتھپائیں</string>
    <string name="mtrl_picker_toggle_to_text_input_mode">متنی ان پٹ وضع پر سوئچ کریں</string>
    <string name="mtrl_picker_toggle_to_year_selection">سال کو منتخب کرنے کے ليے سوئچ پر تھپتھپائیں</string>
    <string name="mtrl_timepicker_cancel">منسوخ کریں</string>
    <string name="mtrl_timepicker_confirm">ٹھیک ہے</string>
    <string name="native_body">نفسِ مضمون</string>
    <string name="native_headline">ہیڈ لائن</string>
    <string name="native_media_view">میڈیا منظر</string>
    <string name="notifications_permission_confirm">اجازت دیں</string>
    <string name="notifications_permission_decline">اجازت نہ دیں</string>
    <string name="notifications_permission_title">آپ کو اطلاعات بھیجنے کیلئے ایپ کو اجازت دیں؟</string>
    <string name="offline_dialog_image_description">آئیکن</string>
    <string name="offline_dialog_text">‏آپ کی دلچسپی کا شکریہ۔
آپ کے واپس آن لائن آنے کے بعد ہم مزید اشتراک کریں گے۔</string>
    <string name="offline_notification_title">آپ دوبارہ آن لائن ہیں! آئیے، جہاں ہم نے چھوڑا تھا وہیں سے شروع کریں</string>
    <string name="offline_notification_title_with_advertiser">آپ دوبارہ آن لائن ہیں! %s کے بارے میں جاننا جاری رکھیں</string>
    <string name="offline_opt_in_confirm">ٹھیک ہے</string>
    <string name="offline_opt_in_decline">نہیں شکریہ</string>
    <string name="offline_opt_in_message">ہم آپ کو مشتہر کی سائٹ کے لنک کے ساتھ اطلاع بھیجیں گے۔</string>
    <string name="offline_opt_in_title">آن لائن واپس آنے پر اشتہار کھولیں۔</string>
    <string name="password_toggle_content_description">پاس ورڈ دکھائیں</string>
    <string name="s1">تصویر محفوظ کریں</string>
    <string name="s2">اشتہار کو تصویری گیلری میں تصویر محفوظ کرنے کی اجازت دیں؟</string>
    <string name="s3">قبول کریں</string>
    <string name="s4">مسترد کریں</string>
    <string name="s5">کیلنڈر ایونٹ بنائیں</string>
    <string name="s6">اشتہار کو ایک کیلنڈر ایونٹ بنانے کی اجازت دیں؟</string>
    <string name="s7">اشتہار ٹیسٹ کریں</string>
    <string name="search_menu_title">تلاش کریں</string>
    <string name="status_bar_notification_info_overflow">+999</string>
    <string name="watermark_label_prefix">AdMob - ‎</string>
</resources>