<?xml version='1.0' encoding='utf-8' ?>
<resources>
    <string name="abc_action_bar_up_description">Перейти вверх</string>
    <string name="abc_action_mode_done">Готово</string>
    <string name="abc_capital_off">ВЫКЛ</string>
    <string name="abc_capital_on">ВКЛ</string>
    <string name="abc_menu_alt_shortcut_label">Alt +</string>
    <string name="abc_menu_ctrl_shortcut_label">Ctrl +</string>
    <string name="abc_menu_delete_shortcut_label">Delete</string>
    <string name="abc_menu_enter_shortcut_label">Ввод</string>
    <string name="abc_menu_function_shortcut_label">Fn +</string>
    <string name="abc_menu_meta_shortcut_label">Meta +</string>
    <string name="abc_menu_shift_shortcut_label">Shift +</string>
    <string name="abc_menu_space_shortcut_label">Пробел</string>
    <string name="abc_menu_sym_shortcut_label">Sym +</string>
    <string name="abc_prepend_shortcut_label">Меню +</string>
    <string name="abc_search_hint">Введите запрос</string>
    <string name="abc_searchview_description_clear">Удалить запрос</string>
    <string name="abc_searchview_description_search">Поиск</string>
    <string name="abc_searchview_description_submit">Отправить запрос</string>
    <string name="abc_searchview_description_voice">Голосовой поиск</string>
    <string name="abc_toolbar_collapse_description">Свернуть</string>
    <string name="bottomsheet_action_collapse">Свернуть нижний экран</string>
    <string name="bottomsheet_action_expand">Развернуть нижний экран</string>
    <string name="bottomsheet_action_expand_halfway">Развернуть наполовину</string>
    <string name="bottomsheet_drag_handle_clicked">Двойное нажатие на маркер перемещения</string>
    <string name="bottomsheet_drag_handle_content_description">Маркер перемещения</string>
    <string name="call_notification_answer_action">Ответить</string>
    <string name="call_notification_answer_video_action">Видео</string>
    <string name="call_notification_decline_action">Отклонить</string>
    <string name="call_notification_hang_up_action">Завершить</string>
    <string name="call_notification_incoming_text">Входящий вызов</string>
    <string name="call_notification_ongoing_text">Текущий вызов</string>
    <string name="call_notification_screening_text">Фильтрация входящего вызова</string>
    <string name="character_counter_content_description">Введено символов: %1$d из %2$d</string>
    <string name="character_counter_overflowed_content_description">Превышено ограничение на количество символов (%1$d из %2$d)</string>
    <string name="clear_text_end_icon_content_description">Очистить текстовое поле</string>
    <string name="common_google_play_services_enable_button">Включить</string>
    <string name="common_google_play_services_enable_text">Для работы приложения "%1$s" требуется включить сервисы Google Play.</string>
    <string name="common_google_play_services_enable_title">Включите сервисы Google Play</string>
    <string name="common_google_play_services_install_button">Установить</string>
    <string name="common_google_play_services_install_text">Для работы приложения "%1$s" требуется установить сервисы Google Play.</string>
    <string name="common_google_play_services_install_title">Установите сервисы Google Play</string>
    <string name="common_google_play_services_notification_channel_name">Доступность сервисов Google Play</string>
    <string name="common_google_play_services_notification_ticker">Ошибка сервисов Google Play</string>
    <string name="common_google_play_services_unknown_issue">Приложению "%1$s" не удается подключиться к сервисам Google Play. Повторите попытку.</string>
    <string name="common_google_play_services_unsupported_text">Для работы с приложением "%1$s" требуются сервисы Google Play. Они не поддерживаются на вашем устройстве.</string>
    <string name="common_google_play_services_update_button">Обновить</string>
    <string name="common_google_play_services_update_text">Чтобы запустить приложение "%1$s", обновите сервисы Google Play.</string>
    <string name="common_google_play_services_update_title">Обновите сервисы Google Play</string>
    <string name="common_google_play_services_updating_text">Сервисы Google Play, необходимые для работы приложения "%1$s", в настоящий момент обновляются.</string>
    <string name="common_google_play_services_wear_update_text">Версия сервисов Google Play устарела. Они автоматически обновятся в ближайшее время.</string>
    <string name="common_open_on_phone">Открыть на телефоне</string>
    <string name="common_signin_button_text">Войти</string>
    <string name="common_signin_button_text_long">Войти через аккаунт Google</string>
    <string name="error_icon_content_description">Ошибка</string>
    <string name="exo_controls_fastforward_description">Перемотать вперед</string>
    <string name="exo_controls_hide">Скрыть панель управления</string>
    <string name="exo_controls_next_description">Следующий трек</string>
    <string name="exo_controls_pause_description">Приостановить</string>
    <string name="exo_controls_play_description">Воспроизвести</string>
    <string name="exo_controls_previous_description">Предыдущий трек</string>
    <string name="exo_controls_repeat_all_description">Выбрано: повторять все. Изменить режим повтора.</string>
    <string name="exo_controls_repeat_off_description">Выбрано: не повторять. Изменить режим повтора.</string>
    <string name="exo_controls_repeat_one_description">Выбрано: повторять один раз. Изменить режим повтора.</string>
    <string name="exo_controls_rewind_description">Перемотать назад</string>
    <string name="exo_controls_show">Показать панель управления</string>
    <string name="exo_controls_shuffle_off_description">Включить перемешивание</string>
    <string name="exo_controls_shuffle_on_description">Отключить перемешивание</string>
    <string name="exo_controls_vr_description">VR-режим</string>
    <string name="exo_item_list">%1$s, %2$s</string>
    <string name="exo_track_bitrate">%1$.2f Мбит/сек</string>
    <string name="exo_track_mono">Моно</string>
    <string name="exo_track_resolution">%1$d × %2$d</string>
    <string name="exo_track_role_alternate">Другая запись</string>
    <string name="exo_track_role_closed_captions">Субтитры</string>
    <string name="exo_track_role_commentary">Комментарии</string>
    <string name="exo_track_role_supplementary">Дополнительные материалы</string>
    <string name="exo_track_selection_auto">Авто</string>
    <string name="exo_track_selection_none">Нет</string>
    <string name="exo_track_selection_title_audio">Аудио</string>
    <string name="exo_track_selection_title_text">Текст</string>
    <string name="exo_track_selection_title_video">Видео</string>
    <string name="exo_track_stereo">Стерео</string>
    <string name="exo_track_surround">Объемный звук</string>
    <string name="exo_track_surround_5_point_1">Система объемного звука 5.1</string>
    <string name="exo_track_surround_7_point_1">Система объемного звука 7.1</string>
    <string name="exo_track_unknown">Неизвестный трек</string>
    <string name="exposed_dropdown_menu_content_description">Показать раскрывающееся меню</string>
    <string name="fallback_menu_item_copy_link">Копировать ссылку</string>
    <string name="fallback_menu_item_open_in_browser">Открыть в браузере</string>
    <string name="fallback_menu_item_share_link">Отправить ссылку</string>
    <string name="icon_content_description">Значок диалогового окна</string>
    <string name="item_view_role_description">Вкладка</string>
    <string name="material_clock_toggle_content_description">Выберите AM (до полудня) или PM (после полудня)</string>
    <string name="material_hour_24h_suffix">%1$s ч.</string>
    <string name="material_hour_selection">Выберите час</string>
    <string name="material_hour_suffix">%1$s ч.</string>
    <string name="material_minute_selection">Выберите минуты</string>
    <string name="material_minute_suffix">%1$s мин.</string>
    <string name="material_timepicker_am">AM</string>
    <string name="material_timepicker_clock_mode_description">Чтобы ввести время, перейдите в режим часов.</string>
    <string name="material_timepicker_hour">Час</string>
    <string name="material_timepicker_minute">Минуты</string>
    <string name="material_timepicker_pm">PM</string>
    <string name="material_timepicker_select_time">Выбор времени</string>
    <string name="material_timepicker_text_input_mode_description">Чтобы ввести время, перейдите в режим ввода текста.</string>
    <string name="mtrl_badge_numberless_content_description">Новое уведомление</string>
    <string name="mtrl_chip_close_icon_content_description">Удалить "%1$s"</string>
    <string name="mtrl_exceed_max_badge_number_content_description">Новых уведомлений больше %1$d</string>
    <string name="mtrl_picker_a11y_next_month">Перейти к следующему месяцу</string>
    <string name="mtrl_picker_a11y_prev_month">Перейти к предыдущему месяцу</string>
    <string name="mtrl_picker_cancel">Отмена</string>
    <string name="mtrl_picker_confirm">ОК</string>
    <string name="mtrl_picker_day_of_week_column_header">Столбец со днями недели: %1$s</string>
    <string name="mtrl_picker_navigate_to_year_description">Перейти к %1$s году</string>
    <string name="mtrl_picker_save">Сохранить</string>
    <string name="mtrl_picker_toggle_to_calendar_input_mode">Перейти в режим выбора дней</string>
    <string name="mtrl_picker_toggle_to_day_selection">Нажмите, чтобы перейти к выбору дня</string>
    <string name="mtrl_picker_toggle_to_text_input_mode">Перейти в режим ввода текста</string>
    <string name="mtrl_picker_toggle_to_year_selection">Нажмите, чтобы перейти к выбору года</string>
    <string name="mtrl_timepicker_cancel">Отмена</string>
    <string name="mtrl_timepicker_confirm">ОК</string>
    <string name="native_body">Текст</string>
    <string name="native_headline">Заголовок</string>
    <string name="native_media_view">Просмотр мультимедиа</string>
    <string name="notifications_permission_confirm">Разрешить</string>
    <string name="notifications_permission_decline">Запретить</string>
    <string name="notifications_permission_title">Разрешить приложению отправлять уведомления?</string>
    <string name="offline_dialog_image_description">Значок</string>
    <string name="offline_dialog_text">Благодарим за интерес к объявлению.
Мы отправим вам больше информации, как только вы снова подключитесь к интернету.</string>
    <string name="offline_notification_title">Вы подключились к интернету. Давайте продолжим с того момента, на котором остановились</string>
    <string name="offline_notification_title_with_advertiser">Вы подключились к интернету. Узнайте больше о рекламодателе (%s)</string>
    <string name="offline_opt_in_confirm">ОК</string>
    <string name="offline_opt_in_decline">Нет, спасибо</string>
    <string name="offline_opt_in_message">Когда вы подключитесь к Интернету, мы отправим вам уведомление со ссылкой на сайт рекламодателя.</string>
    <string name="offline_opt_in_title">Посмотрите объявление, когда будете в Сети</string>
    <string name="password_toggle_content_description">Показать пароль</string>
    <string name="s1">Сохранить изображение</string>
    <string name="s2">Разрешить объявлению сохранить изображение в галерее?</string>
    <string name="s3">Разрешить</string>
    <string name="s4">Отклонить</string>
    <string name="s5">Создать мероприятие</string>
    <string name="s6">Разрешить объявлению создать мероприятие в календаре?</string>
    <string name="s7">Тестовое объявление</string>
    <string name="search_menu_title">Поиск</string>
    <string name="status_bar_notification_info_overflow">&gt;999</string>
    <string name="watermark_label_prefix">AdMob –</string>
</resources>