<?xml version='1.0' encoding='utf-8' ?>
<resources>
    <string name="abc_action_bar_up_description">Mag-navigate pataas</string>
    <string name="abc_action_mode_done">Tapos na</string>
    <string name="abc_capital_off">I-OFF</string>
    <string name="abc_capital_on">I-ON</string>
    <string name="abc_menu_alt_shortcut_label">Alt+</string>
    <string name="abc_menu_ctrl_shortcut_label">Ctrl+</string>
    <string name="abc_menu_delete_shortcut_label">delete</string>
    <string name="abc_menu_enter_shortcut_label">enter</string>
    <string name="abc_menu_function_shortcut_label">Function+</string>
    <string name="abc_menu_meta_shortcut_label">Meta+</string>
    <string name="abc_menu_shift_shortcut_label">Shift+</string>
    <string name="abc_menu_space_shortcut_label">space</string>
    <string name="abc_menu_sym_shortcut_label">Sym+</string>
    <string name="abc_prepend_shortcut_label">Menu+</string>
    <string name="abc_search_hint">Maghanap…</string>
    <string name="abc_searchview_description_clear">I-clear ang query</string>
    <string name="abc_searchview_description_search">Maghanap</string>
    <string name="abc_searchview_description_submit">Isumite ang query</string>
    <string name="abc_searchview_description_voice">Paghahanap gamit ang boses</string>
    <string name="abc_toolbar_collapse_description">I-collapse</string>
    <string name="bottomsheet_action_collapse">I-collapse ang bottom sheet</string>
    <string name="bottomsheet_action_expand">I-expand ang bottom sheet</string>
    <string name="bottomsheet_action_expand_halfway">I-expand hanggang gitna</string>
    <string name="bottomsheet_drag_handle_clicked">Na-double tap ang handle sa pag-drag</string>
    <string name="bottomsheet_drag_handle_content_description">I-drag ang handle</string>
    <string name="call_notification_answer_action">Sagutin</string>
    <string name="call_notification_answer_video_action">Video</string>
    <string name="call_notification_decline_action">Tanggihan</string>
    <string name="call_notification_hang_up_action">Ibaba</string>
    <string name="call_notification_incoming_text">Papasok na tawag</string>
    <string name="call_notification_ongoing_text">Kasalukuyang tawag</string>
    <string name="call_notification_screening_text">Nagsi-screen ng papasok na tawag</string>
    <string name="character_counter_content_description">Mga character na nailagay %1$d sa %2$d</string>
    <string name="character_counter_overflowed_content_description">Lumampas sa limitasyon sa bilang ng character %1$d sa %2$d</string>
    <string name="clear_text_end_icon_content_description">I-clear ang text</string>
    <string name="common_google_play_services_enable_button">I-enable</string>
    <string name="common_google_play_services_enable_text">Hindi gagana ang %1$s maliban kung ie-enable mo ang mga serbisyo ng Google Play.</string>
    <string name="common_google_play_services_enable_title">I-enable ang mga serbisyo ng Google Play</string>
    <string name="common_google_play_services_install_button">I-install</string>
    <string name="common_google_play_services_install_text">Hindi gagana ang %1$s nang wala ang mga serbisyo ng Google Play na wala sa iyong device.</string>
    <string name="common_google_play_services_install_title">Kunin ang mga serbisyo ng Google Play</string>
    <string name="common_google_play_services_notification_channel_name">Availability ng serbisyo ng Google Play</string>
    <string name="common_google_play_services_notification_ticker">Error sa Mga Serbisyo ng Google Play</string>
    <string name="common_google_play_services_unknown_issue">Nagkakaproblema ang %1$s sa mga serbisyo ng Google Play. Pakisubukan ulit.</string>
    <string name="common_google_play_services_unsupported_text">Hindi gagana ang %1$s nang wala ang mga serbisyo ng Google Play, na hindi nasusuportahan ng iyong device.</string>
    <string name="common_google_play_services_update_button">I-update</string>
    <string name="common_google_play_services_update_text">Hindi gagana ang %1$s maliban kung i-a-update mo ang mga serbisyo ng Google Play.</string>
    <string name="common_google_play_services_update_title">I-update ang mga serbisyo ng Google Play</string>
    <string name="common_google_play_services_updating_text">Hindi gagana ang %1$s nang wala ang mga serbisyo ng Google Play na kasalukuyang ina-update.</string>
    <string name="common_google_play_services_wear_update_text">Kailangan ang bagong bersyon ng mga serbisyo ng Google Play. Mag-a-update itong mag-isa sa ilang sandali.</string>
    <string name="common_open_on_phone">Buksan sa telepono</string>
    <string name="common_signin_button_text">Mag-sign in</string>
    <string name="common_signin_button_text_long">Mag-sign in sa Google</string>
    <string name="error_icon_content_description">Error</string>
    <string name="exo_controls_fastforward_description">I-fast forward</string>
    <string name="exo_controls_hide">Itago ang mga kontrol ng player</string>
    <string name="exo_controls_next_description">Susunod</string>
    <string name="exo_controls_pause_description">I-pause</string>
    <string name="exo_controls_play_description">I-play</string>
    <string name="exo_controls_previous_description">Nakaraan</string>
    <string name="exo_controls_repeat_all_description">Current mode: Ulitin lahat. I-toggle ang repeat mode.</string>
    <string name="exo_controls_repeat_off_description">Current mode: Walang uulitin. I-toggle ang repeat mode.</string>
    <string name="exo_controls_repeat_one_description">Current mode: Walang uulitin. I-toggle ang repeat mode.</string>
    <string name="exo_controls_rewind_description">I-rewind</string>
    <string name="exo_controls_show">Ipakita ang mga kontrol ng player</string>
    <string name="exo_controls_shuffle_off_description">I-enable ang shuffle mode</string>
    <string name="exo_controls_shuffle_on_description">I-disable ang shuffle mode</string>
    <string name="exo_controls_vr_description">VR mode</string>
    <string name="exo_item_list">%1$s, %2$s</string>
    <string name="exo_track_bitrate">%1$.2f Mbps</string>
    <string name="exo_track_mono">Mono</string>
    <string name="exo_track_resolution">%1$d × %2$d</string>
    <string name="exo_track_role_alternate">Alternatibo</string>
    <string name="exo_track_role_closed_captions">CC</string>
    <string name="exo_track_role_commentary">Komentaryo</string>
    <string name="exo_track_role_supplementary">Karagdagan</string>
    <string name="exo_track_selection_auto">Awtomatiko</string>
    <string name="exo_track_selection_none">Wala</string>
    <string name="exo_track_selection_title_audio">Audio</string>
    <string name="exo_track_selection_title_text">Text</string>
    <string name="exo_track_selection_title_video">Video</string>
    <string name="exo_track_stereo">Stereo</string>
    <string name="exo_track_surround">Surround sound</string>
    <string name="exo_track_surround_5_point_1">5.1 na surround sound</string>
    <string name="exo_track_surround_7_point_1">7.1 na surround sound</string>
    <string name="exo_track_unknown">Hindi Alam</string>
    <string name="exposed_dropdown_menu_content_description">Ipakita ang dropdown na menu</string>
    <string name="fallback_menu_item_copy_link">Kopyahin ang link</string>
    <string name="fallback_menu_item_open_in_browser">Buksan sa browser</string>
    <string name="fallback_menu_item_share_link">Ibahagi ang link</string>
    <string name="icon_content_description">Icon ng Dialog</string>
    <string name="item_view_role_description">Tab</string>
    <string name="material_clock_toggle_content_description">Piliin ang AM o PM</string>
    <string name="material_hour_24h_suffix">%1$s (na) oras</string>
    <string name="material_hour_selection">Pumili ng oras</string>
    <string name="material_hour_suffix">%1$s o'clock</string>
    <string name="material_minute_selection">Pumili ng mga minuto</string>
    <string name="material_minute_suffix">%1$s (na) minuto</string>
    <string name="material_timepicker_am">AM</string>
    <string name="material_timepicker_clock_mode_description">Lumipat sa mode ng orasan para sa input na oras.</string>
    <string name="material_timepicker_hour">Oras</string>
    <string name="material_timepicker_minute">Minuto</string>
    <string name="material_timepicker_pm">PM</string>
    <string name="material_timepicker_select_time">Pumili ng oras</string>
    <string name="material_timepicker_text_input_mode_description">Lumipat sa pamamaraan ng pag-input ng text para sa input na oras.</string>
    <string name="mtrl_badge_numberless_content_description">Bagong notification</string>
    <string name="mtrl_chip_close_icon_content_description">Alisin ang %1$s</string>
    <string name="mtrl_exceed_max_badge_number_content_description">Mahigit %1$d (na) bagong notification</string>
    <string name="mtrl_picker_a11y_next_month">Lumipat sa susunod na buwan</string>
    <string name="mtrl_picker_a11y_prev_month">Lumipat sa nakaraang buwan</string>
    <string name="mtrl_picker_cancel">Kanselahin</string>
    <string name="mtrl_picker_confirm">OK</string>
    <string name="mtrl_picker_day_of_week_column_header">Column ng mga araw: %1$s</string>
    <string name="mtrl_picker_navigate_to_year_description">Mag-navigate patungo sa taong %1$s</string>
    <string name="mtrl_picker_save">I-save</string>
    <string name="mtrl_picker_toggle_to_calendar_input_mode">Lumipat sa pamamaraan ng pag-input ng kalendaryo</string>
    <string name="mtrl_picker_toggle_to_day_selection">I-tap para lumipat sa pagpili ng araw</string>
    <string name="mtrl_picker_toggle_to_text_input_mode">Lumipat sa pamamaraan ng pag-input ng text</string>
    <string name="mtrl_picker_toggle_to_year_selection">I-tap para lumipat sa pagpili ng taon</string>
    <string name="mtrl_timepicker_cancel">Kanselahin</string>
    <string name="mtrl_timepicker_confirm">OK</string>
    <string name="native_body">Nilalaman</string>
    <string name="native_headline">Headline</string>
    <string name="native_media_view">View ng Media</string>
    <string name="notifications_permission_confirm">Payagan</string>
    <string name="notifications_permission_decline">Huwag payagan</string>
    <string name="notifications_permission_title">Payagan ang app na magpadala sa iyo ng mga notification?</string>
    <string name="offline_dialog_image_description">Icon</string>
    <string name="offline_dialog_text">Salamat sa iyong interes.
Magbabahagi pa kami kapag online ka na ulit.</string>
    <string name="offline_notification_title">Online ka na ulit! Balikan natin kung saan ka umalis</string>
    <string name="offline_notification_title_with_advertiser">Online ka na ulit! Magpatuloy sa pag-alam tungkol sa %s</string>
    <string name="offline_opt_in_confirm">OK</string>
    <string name="offline_opt_in_decline">Huwag na lang</string>
    <string name="offline_opt_in_message">Papadalhan ka namin ng notification na may link sa site ng advertiser.</string>
    <string name="offline_opt_in_title">Buksan ang ad kapag online ka na ulit.</string>
    <string name="password_toggle_content_description">Ipakita ang password</string>
    <string name="s1">I-save ang larawan</string>
    <string name="s2">Pahintulutan ang Ad na iimbak ang larawan sa Gallery ng larawan?</string>
    <string name="s3">Tanggapin</string>
    <string name="s4">Tanggihan</string>
    <string name="s5">Gumawa ng event sa kalendaryo</string>
    <string name="s6">Pahintulutan ang Ad na gumawa ng event sa kalendaryo?</string>
    <string name="s7">Pansubok na Ad</string>
    <string name="search_menu_title">Maghanap</string>
    <string name="status_bar_notification_info_overflow">999+</string>
    <string name="watermark_label_prefix">AdMob -</string>
</resources>