<?xml version='1.0' encoding='utf-8' ?>
<resources>
    <string name="abc_action_bar_up_description">Gå op</string>
    <string name="abc_action_mode_done">Udfør</string>
    <string name="abc_capital_off">FRA</string>
    <string name="abc_capital_on">TIL</string>
    <string name="abc_menu_alt_shortcut_label">Alt+</string>
    <string name="abc_menu_ctrl_shortcut_label">Ctrl+</string>
    <string name="abc_menu_delete_shortcut_label">slet</string>
    <string name="abc_menu_enter_shortcut_label">enter</string>
    <string name="abc_menu_function_shortcut_label">Fn+</string>
    <string name="abc_menu_meta_shortcut_label">Meta+</string>
    <string name="abc_menu_shift_shortcut_label">Shift+</string>
    <string name="abc_menu_space_shortcut_label">mellemrum</string>
    <string name="abc_menu_sym_shortcut_label">Sym+</string>
    <string name="abc_prepend_shortcut_label">Menu+</string>
    <string name="abc_search_hint">Søg…</string>
    <string name="abc_searchview_description_clear">Ryd forespørgsel</string>
    <string name="abc_searchview_description_search">Søg</string>
    <string name="abc_searchview_description_submit">Indsend forespørgsel</string>
    <string name="abc_searchview_description_voice">Talesøgning</string>
    <string name="abc_toolbar_collapse_description">Skjul</string>
    <string name="bottomsheet_action_collapse">Skjul feltet i bunden</string>
    <string name="bottomsheet_action_expand">Udvid feltet i bunden</string>
    <string name="bottomsheet_action_expand_halfway">Udvid halvdelen</string>
    <string name="bottomsheet_drag_handle_clicked">Du har trykket to gange på håndtaget</string>
    <string name="bottomsheet_drag_handle_content_description">Håndtag</string>
    <string name="call_notification_answer_action">Besvar</string>
    <string name="call_notification_answer_video_action">Video</string>
    <string name="call_notification_decline_action">Afvis</string>
    <string name="call_notification_hang_up_action">Læg på</string>
    <string name="call_notification_incoming_text">Indgående opkald</string>
    <string name="call_notification_ongoing_text">Igangværende opkald</string>
    <string name="call_notification_screening_text">Et indgående opkald screenes</string>
    <string name="character_counter_content_description">Du har brugt %1$d ud af %2$d tegn</string>
    <string name="character_counter_overflowed_content_description">Du har brugt %1$d tegn og dermed overskredet tegnbegrænsningen på %2$d.</string>
    <string name="clear_text_end_icon_content_description">Ryd tekst</string>
    <string name="common_google_play_services_enable_button">Aktivér</string>
    <string name="common_google_play_services_enable_text">Du skal aktivere Google Play-tjenester, for at %1$s kan fungere.</string>
    <string name="common_google_play_services_enable_title">Aktivér Google Play-tjenester</string>
    <string name="common_google_play_services_install_button">Installer</string>
    <string name="common_google_play_services_install_text">Du skal installere Google Play-tjenester, før %1$s kan køre på din enhed.</string>
    <string name="common_google_play_services_install_title">Hent Google Play-tjenester</string>
    <string name="common_google_play_services_notification_channel_name">Google Play-tjenesters tilgængelighed</string>
    <string name="common_google_play_services_notification_ticker">Fejl i Google Play-tjenester</string>
    <string name="common_google_play_services_unknown_issue">%1$s har problemer med Google Play-tjenester. Prøv igen.</string>
    <string name="common_google_play_services_unsupported_text">%1$s fungerer ikke uden Google Play-tjenester, som ikke understøttes på din enhed.</string>
    <string name="common_google_play_services_update_button">Opdater</string>
    <string name="common_google_play_services_update_text">%1$s kan ikke køre, medmindre du opdaterer Google Play-tjenester.</string>
    <string name="common_google_play_services_update_title">Opdater Google Play-tjenester</string>
    <string name="common_google_play_services_updating_text">%1$s kan ikke køre uden Google Play-tjenester, som i øjeblikket opdateres.</string>
    <string name="common_google_play_services_wear_update_text">Du skal bruge en ny version af Google Play-tjenester. Opdateringen gennemføres automatisk om et øjeblik.</string>
    <string name="common_open_on_phone">Åbn på telefonen</string>
    <string name="common_signin_button_text">Log ind</string>
    <string name="common_signin_button_text_long">Log ind med Google</string>
    <string name="error_icon_content_description">Fejl</string>
    <string name="exo_controls_fastforward_description">Spol frem</string>
    <string name="exo_controls_hide">Skjul afspilningsknapper</string>
    <string name="exo_controls_next_description">Næste</string>
    <string name="exo_controls_pause_description">Sæt på pause</string>
    <string name="exo_controls_play_description">Afspil</string>
    <string name="exo_controls_previous_description">Forrige</string>
    <string name="exo_controls_repeat_all_description">Tilstand: Gentag alle. Slå Gentag til/fra.</string>
    <string name="exo_controls_repeat_off_description">Tilstand: Gentag ikke. Slå Gentag til/fra.</string>
    <string name="exo_controls_repeat_one_description">Tilstand: Gentag én. Slå Gentag til/fra.</string>
    <string name="exo_controls_rewind_description">Spol tilbage</string>
    <string name="exo_controls_show">Vis afspilningsknapper</string>
    <string name="exo_controls_shuffle_off_description">Aktivér Bland</string>
    <string name="exo_controls_shuffle_on_description">Deaktiver Bland</string>
    <string name="exo_controls_vr_description">VR-tilstand</string>
    <string name="exo_item_list">%1$s, %2$s</string>
    <string name="exo_track_bitrate">%1$.2f Mbps</string>
    <string name="exo_track_mono">Mono</string>
    <string name="exo_track_resolution">%1$d × %2$d</string>
    <string name="exo_track_role_alternate">Alternativt spor</string>
    <string name="exo_track_role_closed_captions">Undertekster</string>
    <string name="exo_track_role_commentary">Kommentarspor</string>
    <string name="exo_track_role_supplementary">Supplerende spor</string>
    <string name="exo_track_selection_auto">Automatisk</string>
    <string name="exo_track_selection_none">Ingen</string>
    <string name="exo_track_selection_title_audio">Lyd</string>
    <string name="exo_track_selection_title_text">Undertekst</string>
    <string name="exo_track_selection_title_video">Video</string>
    <string name="exo_track_stereo">Stereo</string>
    <string name="exo_track_surround">Surroundsound</string>
    <string name="exo_track_surround_5_point_1">5.1 surround sound</string>
    <string name="exo_track_surround_7_point_1">7.1 surroundsound</string>
    <string name="exo_track_unknown">Ukendt</string>
    <string name="exposed_dropdown_menu_content_description">Vis rullemenuen</string>
    <string name="fallback_menu_item_copy_link">Kopiér link</string>
    <string name="fallback_menu_item_open_in_browser">Åbn i browser</string>
    <string name="fallback_menu_item_share_link">Del link</string>
    <string name="icon_content_description">Ikon for dialogboks</string>
    <string name="item_view_role_description">Fane</string>
    <string name="material_clock_toggle_content_description">Vælg AM eller PM</string>
    <string name="material_hour_24h_suffix">%1$s timer</string>
    <string name="material_hour_selection">Vælg time</string>
    <string name="material_hour_suffix">klokken %1$s</string>
    <string name="material_minute_selection">Vælg minutter</string>
    <string name="material_minute_suffix">%1$s minutter</string>
    <string name="material_timepicker_am">f.m.</string>
    <string name="material_timepicker_clock_mode_description">Skift til urtilstand for at angive klokkeslæt.</string>
    <string name="material_timepicker_hour">Time</string>
    <string name="material_timepicker_minute">Minut</string>
    <string name="material_timepicker_pm">e.m.</string>
    <string name="material_timepicker_select_time">Vælg tidspunkt</string>
    <string name="material_timepicker_text_input_mode_description">Skift til teksttilstand for at angive klokkeslæt.</string>
    <string name="mtrl_badge_numberless_content_description">Ny notifikation</string>
    <string name="mtrl_chip_close_icon_content_description">Fjern %1$s</string>
    <string name="mtrl_exceed_max_badge_number_content_description">Flere end %1$d nye notifikationer</string>
    <string name="mtrl_picker_a11y_next_month">Skift til næste måned</string>
    <string name="mtrl_picker_a11y_prev_month">Skift til forrige måned</string>
    <string name="mtrl_picker_cancel">Annuller</string>
    <string name="mtrl_picker_confirm">OK</string>
    <string name="mtrl_picker_day_of_week_column_header">Kolonne med dage: %1$s</string>
    <string name="mtrl_picker_navigate_to_year_description">Gå til år %1$s</string>
    <string name="mtrl_picker_save">Gem</string>
    <string name="mtrl_picker_toggle_to_calendar_input_mode">Skift til input-tilstand for kalender</string>
    <string name="mtrl_picker_toggle_to_day_selection">Tryk for at gå til valg af dag</string>
    <string name="mtrl_picker_toggle_to_text_input_mode">Skift til input-tilstand for tekst</string>
    <string name="mtrl_picker_toggle_to_year_selection">Tryk for at gå til valg af år</string>
    <string name="mtrl_timepicker_cancel">Annuller</string>
    <string name="mtrl_timepicker_confirm">OK</string>
    <string name="native_body">Brødtekst</string>
    <string name="native_headline">Overskrift</string>
    <string name="native_media_view">Medievisning</string>
    <string name="notifications_permission_confirm">Tillad</string>
    <string name="notifications_permission_decline">Tillad ikke</string>
    <string name="notifications_permission_title">Vil du tillade, at appen sender dig notifikationer?</string>
    <string name="offline_dialog_image_description">Ikon</string>
    <string name="offline_dialog_text">Tak for din interesse.
Vi deler mere, når du er online igen.</string>
    <string name="offline_notification_title">Du er online igen Lad os fortsætte, hvor vi slap</string>
    <string name="offline_notification_title_with_advertiser">Du er online igen Fortsæt med at få flere oplysninger om %s</string>
    <string name="offline_opt_in_confirm">OK</string>
    <string name="offline_opt_in_decline">Nej tak</string>
    <string name="offline_opt_in_message">Vi sender dig en notifikation med et link til annoncørens website.</string>
    <string name="offline_opt_in_title">Åbn annoncen, når du er online igen.</string>
    <string name="password_toggle_content_description">Vis adgangskode</string>
    <string name="s1">Gem billede</string>
    <string name="s2">Vil du tillade, at annoncen gemmer billedet i Galleri?</string>
    <string name="s3">Acceptér</string>
    <string name="s4">Afvis</string>
    <string name="s5">Opret kalenderbegivenhed</string>
    <string name="s6">Vil du tillade, at annoncen opretter en kalenderbegivenhed?</string>
    <string name="s7">Testannonce</string>
    <string name="search_menu_title">Søg</string>
    <string name="status_bar_notification_info_overflow">999+</string>
    <string name="watermark_label_prefix">AdMob –</string>
</resources>