<?xml version='1.0' encoding='utf-8' ?>
<resources>
    <string name="abc_action_bar_up_description">ওপৰলৈ যাওক</string>
    <string name="abc_action_mode_done">সম্পন্ন হ’ল</string>
    <string name="abc_capital_off">অফ</string>
    <string name="abc_capital_on">অন</string>
    <string name="abc_menu_alt_shortcut_label">Alt+</string>
    <string name="abc_menu_ctrl_shortcut_label">Ctrl+</string>
    <string name="abc_menu_delete_shortcut_label">delete</string>
    <string name="abc_menu_enter_shortcut_label">enter</string>
    <string name="abc_menu_function_shortcut_label">Function+</string>
    <string name="abc_menu_meta_shortcut_label">Meta+</string>
    <string name="abc_menu_shift_shortcut_label">Shift+</string>
    <string name="abc_menu_space_shortcut_label">space</string>
    <string name="abc_menu_sym_shortcut_label">Sym+</string>
    <string name="abc_prepend_shortcut_label">Menu+</string>
    <string name="abc_search_hint">সন্ধান কৰক…</string>
    <string name="abc_searchview_description_clear">সন্ধান কৰা প্ৰশ্ন মচক</string>
    <string name="abc_searchview_description_search">সন্ধান কৰক</string>
    <string name="abc_searchview_description_submit">প্ৰশ্ন দাখিল কৰক</string>
    <string name="abc_searchview_description_voice">কণ্ঠধ্বনিৰ দ্বাৰা সন্ধান</string>
    <string name="abc_toolbar_collapse_description">সংকোচন কৰক</string>
    <string name="bottomsheet_action_collapse">Collapse the bottom sheet</string>
    <string name="bottomsheet_action_expand">Expand the bottom sheet</string>
    <string name="bottomsheet_action_expand_halfway">Expand halfway</string>
    <string name="bottomsheet_drag_handle_clicked">Drag handle double-tapped</string>
    <string name="bottomsheet_drag_handle_content_description">Drag handle</string>
    <string name="call_notification_answer_action">উত্তৰ দিয়ক</string>
    <string name="call_notification_answer_video_action">ভিডিঅ’</string>
    <string name="call_notification_decline_action">প্ৰত্যাখ্যান কৰক</string>
    <string name="call_notification_hang_up_action">কল কাটি দিয়ক</string>
    <string name="call_notification_incoming_text">অন্তৰ্গামী কল</string>
    <string name="call_notification_ongoing_text">চলি থকা কল</string>
    <string name="call_notification_screening_text">এটা অন্তৰ্গামী কলৰ পৰীক্ষা কৰি থকা হৈছে</string>
    <string name="character_counter_content_description">%2$dটাৰ ভিতৰত %1$dটা বৰ্ণ লিখা হৈছে</string>
    <string name="character_counter_overflowed_content_description">%2$dটাৰ ভিতৰত %1$dটা বৰ্ণৰ সীমা অতিক্ৰম কৰিছে</string>
    <string name="clear_text_end_icon_content_description">Clear text</string>
    <string name="common_google_play_services_enable_button">সক্ষম কৰক</string>
    <string name="common_google_play_services_enable_text">আপুনি Google Play সেৱাবোৰ সক্ষম নকৰালৈকে %1$sএ কাম নকৰিব।</string>
    <string name="common_google_play_services_enable_title">Google প্লে সেৱাসক্ষম কৰক</string>
    <string name="common_google_play_services_install_button">ইনষ্টল কৰক</string>
    <string name="common_google_play_services_install_text">%1$s Google প্লে সেৱাৰ অবিহনে নচলে, যিটো আপোনাৰ ডিভাইচত নাই।</string>
    <string name="common_google_play_services_install_title">Google প্লে সেৱালাভ কৰক</string>
    <string name="common_google_play_services_notification_channel_name">Google প্লে সেৱাসমূহৰ উপলব্ধতা</string>
    <string name="common_google_play_services_notification_ticker">Google Playৰ সেৱা সম্পৰ্কীয় আসোঁৱাহ</string>
    <string name="common_google_play_services_unknown_issue">Google প্লে সেৱাত %1$s ত সমস্যা হৈ আছে। আকৌ চেষ্টা কৰক।</string>
    <string name="common_google_play_services_unsupported_text">%1$s Google প্লে সেৱাৰ অবিহনে নচলে, যিবোৰ আপোনাৰ ডিভাইচত চলিব নোৱাৰে।</string>
    <string name="common_google_play_services_update_button">আপডে’ট কৰক</string>
    <string name="common_google_play_services_update_text">আপুনি Google Play সেৱাবোৰ আপডে’ট নকৰালৈকে %1$s নচলিব।</string>
    <string name="common_google_play_services_update_title">Google Play সেৱা আপডে’ট কৰক</string>
    <string name="common_google_play_services_updating_text">বৰ্তমান আপডে’ট হৈ থকা Google Play সেৱাসমূহৰ অবিহনে %1$s নচলিব৷</string>
    <string name="common_google_play_services_wear_update_text">Google Play সেৱাসমূহৰ নতুন সংস্কৰণৰ প্ৰয়োজন৷ এইটো শীঘ্ৰেই নিজে-নিজে আপডে’ট হ’ব৷</string>
    <string name="common_open_on_phone">ফ'নত খোলক</string>
    <string name="common_signin_button_text">ছাইন ইন কৰক</string>
    <string name="common_signin_button_text_long">Googleৰ জৰিয়তে ছাইন ইন কৰক</string>
    <string name="error_icon_content_description">Error</string>
    <string name="exposed_dropdown_menu_content_description">Show dropdown menu</string>
    <string name="fallback_menu_item_copy_link">লিংক প্ৰতিলিপি কৰক</string>
    <string name="fallback_menu_item_open_in_browser">ব্ৰাউজাৰত খোলক</string>
    <string name="fallback_menu_item_share_link">লিংক শ্বেয়াৰ কৰক</string>
    <string name="icon_content_description">Dialog Icon</string>
    <string name="item_view_role_description">Tab</string>
    <string name="material_clock_toggle_content_description">Select AM or PM</string>
    <string name="material_hour_24h_suffix">%1$s hours</string>
    <string name="material_hour_selection">Select hour</string>
    <string name="material_hour_suffix">%1$s o'clock</string>
    <string name="material_minute_selection">মিনিট বাছনি কৰক</string>
    <string name="material_minute_suffix">%1$s minutes</string>
    <string name="material_timepicker_am">AM</string>
    <string name="material_timepicker_clock_mode_description">সময়ৰ ইনপুটৰ বাবে ঘড়ী ম'ডলৈ যাওক।</string>
    <string name="material_timepicker_hour">Hour</string>
    <string name="material_timepicker_minute">Minute</string>
    <string name="material_timepicker_pm">PM</string>
    <string name="material_timepicker_select_time">Select time</string>
    <string name="material_timepicker_text_input_mode_description">সময়ৰ ইনপুটৰ বাবে পাঠৰ ইনপুট ম'ডলৈ যাওক।</string>
    <string name="mtrl_badge_numberless_content_description">New notification</string>
    <string name="mtrl_chip_close_icon_content_description">%1$sক আঁতৰাওক</string>
    <string name="mtrl_exceed_max_badge_number_content_description">More than %1$d new notifications</string>
    <string name="mtrl_picker_a11y_next_month">Change to next month</string>
    <string name="mtrl_picker_a11y_prev_month">Change to previous month</string>
    <string name="mtrl_picker_cancel">Cancel</string>
    <string name="mtrl_picker_confirm">OK</string>
    <string name="mtrl_picker_day_of_week_column_header">Column of days: %1$s</string>
    <string name="mtrl_picker_navigate_to_year_description">Navigate to year %1$s</string>
    <string name="mtrl_picker_save">Save</string>
    <string name="mtrl_picker_toggle_to_calendar_input_mode">Switch to calendar input mode</string>
    <string name="mtrl_picker_toggle_to_day_selection">Tap to switch to selecting a day</string>
    <string name="mtrl_picker_toggle_to_text_input_mode">Switch to text input mode</string>
    <string name="mtrl_picker_toggle_to_year_selection">Tap to switch to selecting a year</string>
    <string name="mtrl_timepicker_cancel">Cancel</string>
    <string name="mtrl_timepicker_confirm">OK</string>
    <string name="native_body">মূল অংশ</string>
    <string name="native_headline">শিৰোনাম</string>
    <string name="native_media_view">মিডিয়া ভিউ</string>
    <string name="notifications_permission_confirm">অনুমতি দিয়ক</string>
    <string name="notifications_permission_decline">অনুমতি নিদিব</string>
    <string name="notifications_permission_title">এপক আপোনালৈ জাননী পঠিয়াবলৈ অনুমতি দিবনে?</string>
    <string name="offline_dialog_image_description">চিহ্ন</string>
    <string name="offline_dialog_text">আপোনাৰ আগ্ৰহৰ বাবে ধন্যবাদ।
আপুনি পুনৰ অনলাইন হ’লে আমি অধিক শ্বেয়াৰ কৰিম।</string>
    <string name="offline_notification_title">আপুনি পুনৰ অনলাইন হৈছে! আমি য’ত এৰিছিলো তাতে আৰম্ভ কৰোঁ আহক</string>
    <string name="offline_notification_title_with_advertiser">আপুনি পুনৰ অনলাইন হৈছে! %sৰ বিষয়ে শিকি থকাটো অব্যাহত ৰাখক</string>
    <string name="offline_opt_in_confirm">ঠিক আছে</string>
    <string name="offline_opt_in_decline">নালাগে দিয়ক</string>
    <string name="offline_opt_in_message">বিজ্ঞাপনদাতাৰ ছাইটৰ এটা লিংকৰ সৈতে আমি আপোনালৈ এটা জাননী পঠিয়াম।</string>
    <string name="offline_opt_in_title">আপুনি পুনৰাই অনলাইন হ’লে বিজ্ঞাপন খোলে।</string>
    <string name="password_toggle_content_description">পাছৱৰ্ড দেখুৱাওক</string>
    <string name="s1">ছবি ছেভ কৰক</string>
    <string name="s2">বিজ্ঞাপনক চিত্ৰৰ গেলাৰীত ছবি ষ্ট’ৰ কৰিবলৈ অনুমতি দিবনে?</string>
    <string name="s3">স্বীকাৰ কৰক</string>
    <string name="s4">প্ৰত্যাখ্যান কৰক</string>
    <string name="s5">কেলেণ্ডাৰৰ কাৰ্যক্ৰম সৃষ্টি কৰক</string>
    <string name="s6">বিজ্ঞাপনক কোনো কেলেণ্ডাৰৰ কাৰ্যক্ৰম সৃষ্টি কৰিবলৈ অনুমতি দিবনে?</string>
    <string name="s7">পৰীক্ষণ বিজ্ঞাপন</string>
    <string name="search_menu_title">সন্ধান</string>
    <string name="status_bar_notification_info_overflow">৯৯৯+</string>
    <string name="watermark_label_prefix">AdMob -</string>
</resources>