<?xml version='1.0' encoding='utf-8' ?>
<resources>
    <string name="abc_action_bar_up_description">Жоғары қарай өту</string>
    <string name="abc_action_mode_done">Дайын</string>
    <string name="abc_capital_off">ӨШІРУ</string>
    <string name="abc_capital_on">ҚОСУ</string>
    <string name="abc_menu_alt_shortcut_label">Alt+</string>
    <string name="abc_menu_ctrl_shortcut_label">Ctrl+</string>
    <string name="abc_menu_delete_shortcut_label">delete</string>
    <string name="abc_menu_enter_shortcut_label">enter</string>
    <string name="abc_menu_function_shortcut_label">Function+</string>
    <string name="abc_menu_meta_shortcut_label">Meta+</string>
    <string name="abc_menu_shift_shortcut_label">Shift+</string>
    <string name="abc_menu_space_shortcut_label">бос орын</string>
    <string name="abc_menu_sym_shortcut_label">Sym+</string>
    <string name="abc_prepend_shortcut_label">Menu+</string>
    <string name="abc_search_hint">Іздеу…</string>
    <string name="abc_searchview_description_clear">Сұрауды өшіру</string>
    <string name="abc_searchview_description_search">Іздеу</string>
    <string name="abc_searchview_description_submit">Сұрауды жіберу</string>
    <string name="abc_searchview_description_voice">Дауыспен іздеу</string>
    <string name="abc_toolbar_collapse_description">Жию</string>
    <string name="bottomsheet_action_collapse">Төменгі парақшаны жию</string>
    <string name="bottomsheet_action_expand">Төменгі парақшаны жаю</string>
    <string name="bottomsheet_action_expand_halfway">Жартылай кеңейту</string>
    <string name="bottomsheet_drag_handle_clicked">Сүйрейтін тетік екі рет түртілді.</string>
    <string name="bottomsheet_drag_handle_content_description">Сүйрейтін тетік</string>
    <string name="call_notification_answer_action">Жауап</string>
    <string name="call_notification_answer_video_action">Бейне</string>
    <string name="call_notification_decline_action">Қабылдамау</string>
    <string name="call_notification_hang_up_action">Тұтқаны қою</string>
    <string name="call_notification_incoming_text">Кіріс қоңырау</string>
    <string name="call_notification_ongoing_text">Қоңырау</string>
    <string name="call_notification_screening_text">Келген қоңырауды сүзу</string>
    <string name="character_counter_content_description">%1$d/%2$d таңба енгізілді</string>
    <string name="character_counter_overflowed_content_description">Таңба саны шегінен асты: %1$d/%2$d</string>
    <string name="clear_text_end_icon_content_description">Мәтінді өшіру</string>
    <string name="common_google_play_services_enable_button">Қосу</string>
    <string name="common_google_play_services_enable_text">Google Play қызметтерін қоспасаңыз, %1$s жұмыс істемейді.</string>
    <string name="common_google_play_services_enable_title">Google Play қызметтерін қосу</string>
    <string name="common_google_play_services_install_button">Орнату</string>
    <string name="common_google_play_services_install_text">Google Play қызметтері құрылғыда болмағандықтан, %1$s іске қосылмайды.</string>
    <string name="common_google_play_services_install_title">Google Play қызметтерін алу</string>
    <string name="common_google_play_services_notification_channel_name">Google Play қызметтерінің қолжетімділігі</string>
    <string name="common_google_play_services_notification_ticker">Google Play қызметтерінің қатесі</string>
    <string name="common_google_play_services_unknown_issue">%1$s қолданбасында Google Play қызметіне байланысты белгісіз қате шықты. Әрекетті қайталаңыз.</string>
    <string name="common_google_play_services_unsupported_text">%1$s қолданбасы құрылғыңызда қолдау көрсетілмейтін Google Play қызметінсіз жұмыс істемейді.</string>
    <string name="common_google_play_services_update_button">Жаңарту</string>
    <string name="common_google_play_services_update_text">Google Play қызметтерін жаңартпасаңыз, %1$s іске қосылмайды.</string>
    <string name="common_google_play_services_update_title">Google Play қызметтерін жаңарту</string>
    <string name="common_google_play_services_updating_text">Қазіргі уақытта жаңартылып жатқан Google Play қызметтерінсіз %1$s іске қосылмайды.</string>
    <string name="common_google_play_services_wear_update_text">Google Play қызметтерінің жаңа нұсқасы қажет. Ол қысқа уақыттан кейін өзі жаңарады.</string>
    <string name="common_open_on_phone">Телефонда ашу</string>
    <string name="common_signin_button_text">Кіру</string>
    <string name="common_signin_button_text_long">Google арқылы кіру</string>
    <string name="error_icon_content_description">Қате</string>
    <string name="exo_controls_fastforward_description">Жылдам алға айналдыру</string>
    <string name="exo_controls_hide">Ойнатқышты басқару элементтерін жасыру</string>
    <string name="exo_controls_next_description">Келесі</string>
    <string name="exo_controls_pause_description">Кідірту</string>
    <string name="exo_controls_play_description">Ойнату</string>
    <string name="exo_controls_previous_description">Алдыңғы</string>
    <string name="exo_controls_repeat_all_description">Қазіргі режим: барлық мазмұн қайталанады Қайталау режимін ауыстыру.</string>
    <string name="exo_controls_repeat_off_description">Қазіргі режим: еш мазмұн қайталанбайды. Қайталау режимін ауыстыру.</string>
    <string name="exo_controls_repeat_one_description">Қазіргі режим: бір мазмұн қайталанады. Қайталау режимін ауыстыру.</string>
    <string name="exo_controls_rewind_description">Артқа айналдыру</string>
    <string name="exo_controls_show">Ойнатқышты басқару элементтерін көрсету</string>
    <string name="exo_controls_shuffle_off_description">Араластыру режимін қосу</string>
    <string name="exo_controls_shuffle_on_description">Араластыру режимін өшіру</string>
    <string name="exo_controls_vr_description">VR режимі</string>
    <string name="exo_item_list">%1$s, %2$s</string>
    <string name="exo_track_bitrate">%1$.2f МБ/сек</string>
    <string name="exo_track_mono">Моно</string>
    <string name="exo_track_resolution">%1$d × %2$d</string>
    <string name="exo_track_role_alternate">Балама</string>
    <string name="exo_track_role_closed_captions">Субтитр</string>
    <string name="exo_track_role_commentary">Түсіндірме</string>
    <string name="exo_track_role_supplementary">Қосымша</string>
    <string name="exo_track_selection_auto">Автоматты</string>
    <string name="exo_track_selection_none">Жоқ</string>
    <string name="exo_track_selection_title_audio">Aудиомазмұн</string>
    <string name="exo_track_selection_title_text">Мәтін</string>
    <string name="exo_track_selection_title_video">Бейне</string>
    <string name="exo_track_stereo">Стерео</string>
    <string name="exo_track_surround">Көлемді дыбыс</string>
    <string name="exo_track_surround_5_point_1">5.1 көлемді дыбыс жүйесі</string>
    <string name="exo_track_surround_7_point_1">7.1 көлемді дыбыс жүйесі</string>
    <string name="exo_track_unknown">Белгісіз</string>
    <string name="exposed_dropdown_menu_content_description">Ашылмалы мәзірді көрсету</string>
    <string name="fallback_menu_item_copy_link">Сілтемені көшіру</string>
    <string name="fallback_menu_item_open_in_browser">Браузерден ашу</string>
    <string name="fallback_menu_item_share_link">Сілтемені бөлісу</string>
    <string name="icon_content_description">Диалог белгішесі</string>
    <string name="item_view_role_description">Қойынды</string>
    <string name="material_clock_toggle_content_description">"AM" немесе "PM" форматын таңдау</string>
    <string name="material_hour_24h_suffix">Сағат: %1$s</string>
    <string name="material_hour_selection">Сағатты таңдау</string>
    <string name="material_hour_suffix">Сағат: %1$s</string>
    <string name="material_minute_selection">Минут таңдау</string>
    <string name="material_minute_suffix">%1$s минут</string>
    <string name="material_timepicker_am">AM</string>
    <string name="material_timepicker_clock_mode_description">Уақытты енгізу үшін сағат режиміне өтіңіз.</string>
    <string name="material_timepicker_hour">Сағат</string>
    <string name="material_timepicker_minute">Mинут</string>
    <string name="material_timepicker_pm">PM</string>
    <string name="material_timepicker_select_time">Уақытты таңдау</string>
    <string name="material_timepicker_text_input_mode_description">Уақытты енгізу үшін мәтін енгізу режиміне өтіңіз.</string>
    <string name="mtrl_badge_numberless_content_description">Жаңа хабарландыру</string>
    <string name="mtrl_chip_close_icon_content_description">%1$s мазмұнын өшіру</string>
    <string name="mtrl_exceed_max_badge_number_content_description">%1$d санынан көп жаңа хабарландыру</string>
    <string name="mtrl_picker_a11y_next_month">Келесі айға өту</string>
    <string name="mtrl_picker_a11y_prev_month">Алдыңғы айға өту</string>
    <string name="mtrl_picker_cancel">Бас тарту</string>
    <string name="mtrl_picker_confirm">Жарайды</string>
    <string name="mtrl_picker_day_of_week_column_header">Күндер бағаны: %1$s</string>
    <string name="mtrl_picker_navigate_to_year_description">%1$s жылына жылжу</string>
    <string name="mtrl_picker_save">Сақтау</string>
    <string name="mtrl_picker_toggle_to_calendar_input_mode">Күнтізбенің енгізу режиміне ауысу</string>
    <string name="mtrl_picker_toggle_to_day_selection">Күнді таңдауға ауысу үшін түртіңіз.</string>
    <string name="mtrl_picker_toggle_to_text_input_mode">Мәтін енгізу режиміне ауысу</string>
    <string name="mtrl_picker_toggle_to_year_selection">Жылды таңдауға ауысу үшін түртіңіз.</string>
    <string name="mtrl_timepicker_cancel">Бас тарту</string>
    <string name="mtrl_timepicker_confirm">Жарайды</string>
    <string name="native_body">Негізгі мәтіні</string>
    <string name="native_headline">Тақырыбы</string>
    <string name="native_media_view">Медиа көрінісі</string>
    <string name="notifications_permission_confirm">Рұқсат беру</string>
    <string name="notifications_permission_decline">Рұқсат бермеу</string>
    <string name="notifications_permission_title">Қолданбаның хабарландырулар жіберуіне рұқсат берілсін бе?</string>
    <string name="offline_dialog_image_description">Белгіше</string>
    <string name="offline_dialog_text">Қызығушылық танытқаныңыз үшін рақмет.
Сіз желіге қайта қосылған кезде, қосымша ақпарат жібереміз.</string>
    <string name="offline_notification_title">Желіге қайта қосылдыңыз. Тоқтаған жеріңізден қайта жалғастырайық.</string>
    <string name="offline_notification_title_with_advertiser">Желіге қайта қосылдыңыз. %s туралы ақпарат алуды жалғастырыңыз.</string>
    <string name="offline_opt_in_confirm">Жарайды</string>
    <string name="offline_opt_in_decline">Жоқ, рақмет</string>
    <string name="offline_opt_in_message">Сізге жарнама беруші сайтына сілтемесі бар хабарландыру жібереміз.</string>
    <string name="offline_opt_in_title">Онлайн режимге оралғанда, жарнаманы ашыңыз</string>
    <string name="password_toggle_content_description">Құпия сөзді көрсету</string>
    <string name="s1">Кескінді сақтау</string>
    <string name="s2">Жарнамаға кескінді сурет галереясында сақтауға рұқсат берілсін бе?</string>
    <string name="s3">Қабылдау</string>
    <string name="s4">Қабылдамау</string>
    <string name="s5">Күнтізбе оқиғасын жасау</string>
    <string name="s6">Жарнамаға күнтізбе оқиғасын жасауға рұқсат берілсін бе?</string>
    <string name="s7">Сынақ жарнама</string>
    <string name="search_menu_title">Іздеу</string>
    <string name="status_bar_notification_info_overflow">999+</string>
    <string name="watermark_label_prefix">AdMob –</string>
</resources>