<?xml version='1.0' encoding='utf-8' ?>
<resources>
    <string name="abc_action_bar_up_description">Navega cap amunt</string>
    <string name="abc_action_mode_done">Fet</string>
    <string name="abc_capital_off">DESACTIVA</string>
    <string name="abc_capital_on">ACTIVA</string>
    <string name="abc_menu_alt_shortcut_label">Alt+</string>
    <string name="abc_menu_ctrl_shortcut_label">Ctrl+</string>
    <string name="abc_menu_delete_shortcut_label">Supr</string>
    <string name="abc_menu_enter_shortcut_label">Retorn</string>
    <string name="abc_menu_function_shortcut_label">Funció+</string>
    <string name="abc_menu_meta_shortcut_label">Meta+</string>
    <string name="abc_menu_shift_shortcut_label">Maj+</string>
    <string name="abc_menu_space_shortcut_label">Espai</string>
    <string name="abc_menu_sym_shortcut_label">Sym+</string>
    <string name="abc_prepend_shortcut_label">Menú+</string>
    <string name="abc_search_hint">Cerca…</string>
    <string name="abc_searchview_description_clear">Esborra la consulta</string>
    <string name="abc_searchview_description_search">Cerca</string>
    <string name="abc_searchview_description_submit">Envia la consulta</string>
    <string name="abc_searchview_description_voice">Cerca per veu</string>
    <string name="abc_toolbar_collapse_description">Replega</string>
    <string name="bottomsheet_action_collapse">Replega el full inferior</string>
    <string name="bottomsheet_action_expand">Desplega el full inferior</string>
    <string name="bottomsheet_action_expand_halfway">Desplega fins a la meitat</string>
    <string name="bottomsheet_drag_handle_clicked">Has fet doble toc a l'ansa per arrossegar</string>
    <string name="bottomsheet_drag_handle_content_description">Ansa per arrossegar</string>
    <string name="call_notification_answer_action">Respon</string>
    <string name="call_notification_answer_video_action">Vídeo</string>
    <string name="call_notification_decline_action">Rebutja</string>
    <string name="call_notification_hang_up_action">Penja</string>
    <string name="call_notification_incoming_text">Trucada entrant</string>
    <string name="call_notification_ongoing_text">Trucada en curs</string>
    <string name="call_notification_screening_text">S'està filtrant una trucada entrant</string>
    <string name="character_counter_content_description">Caràcters introduïts: %1$d de %2$d</string>
    <string name="character_counter_overflowed_content_description">S'ha superat el límit de caràcters (%1$d de %2$d)</string>
    <string name="clear_text_end_icon_content_description">Esborra el text</string>
    <string name="common_google_play_services_enable_button">Activa</string>
    <string name="common_google_play_services_enable_text">%1$s no funcionarà si no actives Serveis de Google Play.</string>
    <string name="common_google_play_services_enable_title">Activa Serveis de Google Play</string>
    <string name="common_google_play_services_install_button">Instal·la</string>
    <string name="common_google_play_services_install_text">%1$s no s'executarà si Serveis de Google Play no està instal·lat al dispositiu.</string>
    <string name="common_google_play_services_install_title">Obtén Serveis de Google Play</string>
    <string name="common_google_play_services_notification_channel_name">Disponibilitat de serveis de Google Play</string>
    <string name="common_google_play_services_notification_ticker">Error de Serveis de Google Play</string>
    <string name="common_google_play_services_unknown_issue">%1$s té problemes amb Serveis de Google Play. Torna-ho a provar.</string>
    <string name="common_google_play_services_unsupported_text">%1$s no es pot executar sense Serveis de Google Play, que no és compatible amb el teu dispositiu.</string>
    <string name="common_google_play_services_update_button">Actualitza</string>
    <string name="common_google_play_services_update_text">%1$s no s'executarà si no actualitzes Serveis de Google Play.</string>
    <string name="common_google_play_services_update_title">Actualitza Serveis de Google Play</string>
    <string name="common_google_play_services_updating_text">%1$s no s'executarà sense Serveis de Google Play, que s'està actualitzant en aquest moment.</string>
    <string name="common_google_play_services_wear_update_text">Cal una nova versió de Serveis de Google Play. S'actualitzarà automàticament aviat.</string>
    <string name="common_open_on_phone">Obre al telèfon</string>
    <string name="common_signin_button_text">Inicia sessió</string>
    <string name="common_signin_button_text_long">Inicia la sessió amb Google</string>
    <string name="error_icon_content_description">Error</string>
    <string name="exo_controls_fastforward_description">Avança ràpidament</string>
    <string name="exo_controls_hide">Amaga els controls del reproductor</string>
    <string name="exo_controls_next_description">Següent</string>
    <string name="exo_controls_pause_description">Posa en pausa</string>
    <string name="exo_controls_play_description">Reprodueix</string>
    <string name="exo_controls_previous_description">Anterior</string>
    <string name="exo_controls_repeat_all_description">Actual: repeteix tot. Commuta mode repetició.</string>
    <string name="exo_controls_repeat_off_description">Actual: no repeteixis. Commuta mode repetició.</string>
    <string name="exo_controls_repeat_one_description">Actual: repeteix un. Commuta mode repetició.</string>
    <string name="exo_controls_rewind_description">Rebobina</string>
    <string name="exo_controls_show">Mostra els controls del reproductor</string>
    <string name="exo_controls_shuffle_off_description">Activa el mode aleatori</string>
    <string name="exo_controls_shuffle_on_description">Desactiva el mode aleatori</string>
    <string name="exo_controls_vr_description">Mode RV</string>
    <string name="exo_item_list">%1$s, %2$s</string>
    <string name="exo_track_bitrate">%1$.2f Mbps</string>
    <string name="exo_track_mono">Mono</string>
    <string name="exo_track_resolution">%1$d × %2$d</string>
    <string name="exo_track_role_alternate">Alternativa</string>
    <string name="exo_track_role_closed_captions">Subtítols</string>
    <string name="exo_track_role_commentary">Comentaris</string>
    <string name="exo_track_role_supplementary">Complementària</string>
    <string name="exo_track_selection_auto">Automàtica</string>
    <string name="exo_track_selection_none">Cap</string>
    <string name="exo_track_selection_title_audio">Àudio</string>
    <string name="exo_track_selection_title_text">Text</string>
    <string name="exo_track_selection_title_video">Vídeo</string>
    <string name="exo_track_stereo">Estèreo</string>
    <string name="exo_track_surround">So envoltant</string>
    <string name="exo_track_surround_5_point_1">So envoltant 5.1</string>
    <string name="exo_track_surround_7_point_1">So envoltant 7.1</string>
    <string name="exo_track_unknown">Desconegut</string>
    <string name="exposed_dropdown_menu_content_description">Mostra el menú desplegable</string>
    <string name="fallback_menu_item_copy_link">Copia l'enllaç</string>
    <string name="fallback_menu_item_open_in_browser">Obre al navegador</string>
    <string name="fallback_menu_item_share_link">Comparteix l'enllaç</string>
    <string name="icon_content_description">Icona del quadre de diàleg</string>
    <string name="item_view_role_description">Tabulador</string>
    <string name="material_clock_toggle_content_description">Selecciona a. m. o p. m.</string>
    <string name="material_hour_24h_suffix">%1$s hores</string>
    <string name="material_hour_selection">Seleccioneu l'hora</string>
    <string name="material_hour_suffix">%1$s en punt</string>
    <string name="material_minute_selection">Selecciona els minuts</string>
    <string name="material_minute_suffix">%1$s minuts</string>
    <string name="material_timepicker_am">a. m.</string>
    <string name="material_timepicker_clock_mode_description">Canvia al mode de rellotge per introduir l'hora.</string>
    <string name="material_timepicker_hour">Hora</string>
    <string name="material_timepicker_minute">Minut</string>
    <string name="material_timepicker_pm">p. m.</string>
    <string name="material_timepicker_select_time">Selecció de l'hora</string>
    <string name="material_timepicker_text_input_mode_description">Canvia al mode d'introducció de text per introduir l'hora.</string>
    <string name="mtrl_badge_numberless_content_description">Notificació nova</string>
    <string name="mtrl_chip_close_icon_content_description">Suprimeix %1$s</string>
    <string name="mtrl_exceed_max_badge_number_content_description">Més de %1$d notificacions noves</string>
    <string name="mtrl_picker_a11y_next_month">Canvia al mes següent</string>
    <string name="mtrl_picker_a11y_prev_month">Canvia al mes anterior</string>
    <string name="mtrl_picker_cancel">Cancel·la</string>
    <string name="mtrl_picker_confirm">D’acord</string>
    <string name="mtrl_picker_day_of_week_column_header">Columna de dies: %1$s</string>
    <string name="mtrl_picker_navigate_to_year_description">Canvia a l'any %1$s</string>
    <string name="mtrl_picker_save">Desa</string>
    <string name="mtrl_picker_toggle_to_calendar_input_mode">Canvia al mode d'introducció de dades del calendari</string>
    <string name="mtrl_picker_toggle_to_day_selection">Toca per canviar a la selecció del dia</string>
    <string name="mtrl_picker_toggle_to_text_input_mode">Canvia al mode d'introducció de text</string>
    <string name="mtrl_picker_toggle_to_year_selection">Toca per canviar a la selecció de l'any</string>
    <string name="mtrl_timepicker_cancel">Cancel·la</string>
    <string name="mtrl_timepicker_confirm">D’acord</string>
    <string name="native_body">Cos</string>
    <string name="native_headline">Títol</string>
    <string name="native_media_view">Visualització del contingut multimèdia</string>
    <string name="notifications_permission_confirm">Permet</string>
    <string name="notifications_permission_decline">No permetis</string>
    <string name="notifications_permission_title">Vols permetre que l'aplicació t'enviï notificacions?</string>
    <string name="offline_dialog_image_description">Icona</string>
    <string name="offline_dialog_text">Gràcies pel teu interès.
Et proporcionarem més informació quan tornis a estar en línia.</string>
    <string name="offline_notification_title">Tornes a estar en línia. Continua a partir del punt on ho has deixat.</string>
    <string name="offline_notification_title_with_advertiser">Tornes a estar en línia. Descobreix més sobre %s.</string>
    <string name="offline_opt_in_confirm">D'acord</string>
    <string name="offline_opt_in_decline">No, gràcies</string>
    <string name="offline_opt_in_message">T'enviarem una notificació amb un enllaç al lloc web de l'anunciant.</string>
    <string name="offline_opt_in_title">Obre l'anunci quan tornis a tenir connexió.</string>
    <string name="password_toggle_content_description">Mostra la contrasenya</string>
    <string name="s1">Desa la imatge</string>
    <string name="s2">Vols permetre que l'anunci desi imatges a la galeria d'imatges?</string>
    <string name="s3">Accepta</string>
    <string name="s4">Rebutja</string>
    <string name="s5">Crea un esdeveniment de calendari</string>
    <string name="s6">Vols permetre que l'anunci creï un esdeveniment de calendari?</string>
    <string name="s7">Anunci de prova</string>
    <string name="search_menu_title">Cerca</string>
    <string name="status_bar_notification_info_overflow">999+</string>
    <string name="watermark_label_prefix">AdMob -</string>
</resources>