<?xml version='1.0' encoding='utf-8' ?>
<resources>
    <string name="abc_action_bar_up_description">前に戻る</string>
    <string name="abc_action_mode_done">完了</string>
    <string name="abc_capital_off">OFF</string>
    <string name="abc_capital_on">ON</string>
    <string name="abc_menu_alt_shortcut_label">Alt+</string>
    <string name="abc_menu_ctrl_shortcut_label">Ctrl+</string>
    <string name="abc_menu_delete_shortcut_label">Delete</string>
    <string name="abc_menu_enter_shortcut_label">Enter</string>
    <string name="abc_menu_function_shortcut_label">Function+</string>
    <string name="abc_menu_meta_shortcut_label">Meta+</string>
    <string name="abc_menu_shift_shortcut_label">Shift+</string>
    <string name="abc_menu_space_shortcut_label">Space</string>
    <string name="abc_menu_sym_shortcut_label">Sym+</string>
    <string name="abc_prepend_shortcut_label">Menu+</string>
    <string name="abc_search_hint">検索…</string>
    <string name="abc_searchview_description_clear">検索キーワードを削除</string>
    <string name="abc_searchview_description_search">検索</string>
    <string name="abc_searchview_description_submit">検索キーワードを送信</string>
    <string name="abc_searchview_description_voice">音声検索</string>
    <string name="abc_toolbar_collapse_description">折りたたむ</string>
    <string name="applovin_agree_message">アプリを利用するために「次へ」をクリックしてください。</string>
    <string name="applovin_alt_privacy_policy_text"></string>
    <string name="applovin_continue_button_text">次へ</string>
    <string name="applovin_gdpr_advertising_partners_screen_message">プライバシーポリシーで説明されているように、お客様の同意を得て、このデータを次のパートナーと共有し、パーソナライズド広告またはコンテンツを提供できるようにする場合があります。</string>
    <string name="applovin_gdpr_advertising_partners_screen_title">パーソナライズド広告とコンテンツ</string>
    <string name="applovin_gdpr_analytics_partners_screen_message">プライバシーポリシーで説明されているように、お客様の同意を得て、パフォーマンス測定とプロダクトおよびサービスの改善を支援するために、このデータを次のパートナーと共有する場合があります。</string>
    <string name="applovin_gdpr_analytics_partners_screen_title">パフォーマンス測定とプロダクト開発</string>
    <string name="applovin_gdpr_are_you_sure_screen_message">当社または当社のパートナーが、プライバシーポリシーに記載されているように、パーソナライズド広告やコンテンツ、およびその他の目的でこのデータを利用できるようにします。

• より関連性の高いエクスペリエンス、パーソナライズド広告、コンテンツを提供します

• プロダクトの改善と開発をサポートします

• アプリ内のプロモーションに参加できるようになります</string>
    <string name="applovin_gdpr_are_you_sure_screen_title">確認しましたか？</string>
    <string name="applovin_gdpr_back_button_text">戻る</string>
    <string name="applovin_gdpr_learn_more_screen_bullet_1">アプリを無料で提供することができます！</string>
    <string name="applovin_gdpr_learn_more_screen_bullet_2">パーソナライズド広告やコンテンツなど、より関連性の高いエクスペリエンスを提供します</string>
    <string name="applovin_gdpr_learn_more_screen_bullet_3">プロダクトの改善と開発をサポートします</string>
    <string name="applovin_gdpr_learn_more_screen_bullet_4">アプリ内のプロモーションに参加できるようになります</string>
    <string name="applovin_gdpr_learn_more_screen_message_1">当社のアプリをダウンロードしていただきありがとうございます！ 当社とパートナーがこのデータを利用できるようにすることで、以下のようなより良い体験を提供することが出来ます。</string>
    <string name="applovin_gdpr_learn_more_screen_message_2">選択は後からでも変更可能です。お客様がデータを共有しないと選択した場合でもアプリ内で広告は表示されます。 ただし、こちらの広告はお客様との関連性が低い場合があります。</string>
    <string name="applovin_gdpr_main_screen_analytics_purposes_switch_text">パフォーマンス測定とプロダクト開発</string>
    <string name="applovin_gdpr_main_screen_learn_more_button_text">さらに詳しく</string>
    <string name="applovin_gdpr_main_screen_message">プライバシーポリシーで説明されているように、お客様の同意を得て、IPアドレスやデジタル識別子などのデバイスに関する特定の情報を収集させていただいております。 このデータにより、より関連性の高いパーソナライズド広告を提供させていただいております。

以下では、当社または当社のパートナーが利用できるデータをを選択できます。</string>
    <string name="applovin_gdpr_main_screen_personalized_advertising_purposes_switch_text">パーソナライズド広告とコンテンツ</string>
    <string name="applovin_gdpr_main_screen_pp_and_tos_switch_text">16歳以上であり、利用規約に同意し、プライバシーポリシーを承認しました。</string>
    <string name="applovin_gdpr_main_screen_privacy_policy_switch_text">16歳以上であり、プライバシーポリシーを読み、同意します。</string>
    <string name="applovin_gdpr_main_screen_title">%sをダウンロードしていただきありがとうございます！</string>
    <string name="applovin_gdpr_understand_and_continue_button_text">理解し、同意します</string>
    <string name="applovin_learn_more_screen_title">%sを無料で楽しめるよう、サポートをお願い致します！</string>
    <string name="applovin_pp_and_tos_title">%s を使用するためには利用規約への同意およびプライバシーポリシーの確認が必要です。</string>
    <string name="applovin_pp_title">%sを使用するためにはプライバシーポリシーを慎重に確認し、承認する必要があります。</string>
    <string name="applovin_privacy_policy_text">プライバシーポリシー</string>
    <string name="applovin_terms_of_service_text">利用規約</string>
    <string name="applovin_terms_of_use_text">利用規約</string>
    <string name="bottomsheet_action_collapse">ボトムシートを閉じる</string>
    <string name="bottomsheet_action_expand">ボトムシートを開く</string>
    <string name="bottomsheet_action_expand_halfway">下半分を展開</string>
    <string name="bottomsheet_drag_handle_clicked">ドラッグ ハンドルをダブルタップしました</string>
    <string name="bottomsheet_drag_handle_content_description">ドラッグ ハンドル</string>
    <string name="call_notification_answer_action">応答</string>
    <string name="call_notification_answer_video_action">ビデオ</string>
    <string name="call_notification_decline_action">拒否</string>
    <string name="call_notification_hang_up_action">通話終了</string>
    <string name="call_notification_incoming_text">着信</string>
    <string name="call_notification_ongoing_text">通話中</string>
    <string name="call_notification_screening_text">着信をスクリーニング中</string>
    <string name="character_counter_content_description">入力済み文字数: %1$d/%2$d</string>
    <string name="character_counter_overflowed_content_description">文字数制限を超えています（%1$d/%2$d 文字）</string>
    <string name="clear_text_end_icon_content_description">テキストを消去</string>
    <string name="common_google_play_services_enable_button">有効にする</string>
    <string name="common_google_play_services_enable_text">%1$sの実行には、Google Play開発者サービスの有効化が必要です。</string>
    <string name="common_google_play_services_enable_title">Google Play開発者サービスの有効化</string>
    <string name="common_google_play_services_install_button">インストール</string>
    <string name="common_google_play_services_install_text">「%1$s」の実行には Google Play 開発者サービスが必要ですが、お使いのデバイスにはインストールされていません。</string>
    <string name="common_google_play_services_install_title">Google Play開発者サービスの入手</string>
    <string name="common_google_play_services_notification_channel_name">Google Play 開発者サービスの利用</string>
    <string name="common_google_play_services_notification_ticker">Google Play開発者サービスのエラー</string>
    <string name="common_google_play_services_unknown_issue">「%1$s」で Google Play 開発者サービスに問題が発生しています。もう一度お試しください。</string>
    <string name="common_google_play_services_unsupported_text">「%1$s」の実行には Google Play 開発者サービスが必要ですが、お使いのデバイスではサポートされていません。</string>
    <string name="common_google_play_services_update_button">更新</string>
    <string name="common_google_play_services_update_text">%1$sの実行にはGoogle Play開発者サービスの更新が必要です。</string>
    <string name="common_google_play_services_update_title">Google Play開発者サービスの更新</string>
    <string name="common_google_play_services_updating_text">%1$sの実行にはGoogle Play開発者サービスが必要ですが、このサービスは現在更新中です。</string>
    <string name="common_google_play_services_wear_update_text">Google Play開発者サービスの新しいバージョンが必要です。まもなく自動更新されます。</string>
    <string name="common_open_on_phone">スマートフォンで開く</string>
    <string name="common_signin_button_text">ログイン</string>
    <string name="common_signin_button_text_long">Googleにログイン</string>
    <string name="error_icon_content_description">エラー</string>
    <string name="exo_controls_fastforward_description">早送り</string>
    <string name="exo_controls_hide">プレーヤーのコントロールを非表示にする</string>
    <string name="exo_controls_next_description">次へ</string>
    <string name="exo_controls_pause_description">一時停止</string>
    <string name="exo_controls_play_description">再生</string>
    <string name="exo_controls_previous_description">前へ</string>
    <string name="exo_controls_repeat_all_description">現在: 全曲リピート。モードを切り替えます。</string>
    <string name="exo_controls_repeat_off_description">現在: リピートなし。モードを切り替えます。</string>
    <string name="exo_controls_repeat_one_description">現在: 1 曲リピート。モードを切り替えます。</string>
    <string name="exo_controls_rewind_description">巻き戻し</string>
    <string name="exo_controls_show">プレーヤーのコントロールを表示する</string>
    <string name="exo_controls_shuffle_off_description">シャッフル モードを有効にする</string>
    <string name="exo_controls_shuffle_on_description">シャッフル モードを無効にする</string>
    <string name="exo_controls_vr_description">VR モード</string>
    <string name="exo_item_list">%1$s、%2$s</string>
    <string name="exo_track_bitrate">%1$.2f Mbps</string>
    <string name="exo_track_mono">モノラル</string>
    <string name="exo_track_resolution">%1$d × %2$d</string>
    <string name="exo_track_role_alternate">代替</string>
    <string name="exo_track_role_closed_captions">字幕</string>
    <string name="exo_track_role_commentary">解説</string>
    <string name="exo_track_role_supplementary">補足</string>
    <string name="exo_track_selection_auto">自動</string>
    <string name="exo_track_selection_none">なし</string>
    <string name="exo_track_selection_title_audio">音声</string>
    <string name="exo_track_selection_title_text">文字</string>
    <string name="exo_track_selection_title_video">動画</string>
    <string name="exo_track_stereo">ステレオ</string>
    <string name="exo_track_surround">サラウンド サウンド</string>
    <string name="exo_track_surround_5_point_1">5.1 サラウンド サウンド</string>
    <string name="exo_track_surround_7_point_1">7.1 サラウンド サウンド</string>
    <string name="exo_track_unknown">不明</string>
    <string name="exposed_dropdown_menu_content_description">プルダウン メニューを表示</string>
    <string name="fallback_menu_item_copy_link">リンクをコピー</string>
    <string name="fallback_menu_item_open_in_browser">ブラウザで開く</string>
    <string name="fallback_menu_item_share_link">リンクの共有</string>
    <string name="icon_content_description">ダイアログ アイコン</string>
    <string name="item_view_role_description">タブ</string>
    <string name="material_clock_toggle_content_description">午前または午後を選択</string>
    <string name="material_hour_24h_suffix">%1$s 時間</string>
    <string name="material_hour_selection">時刻を選択してください</string>
    <string name="material_hour_suffix">%1$s時</string>
    <string name="material_minute_selection">分を選択</string>
    <string name="material_minute_suffix">%1$s分</string>
    <string name="material_timepicker_am">AM</string>
    <string name="material_timepicker_clock_mode_description">時刻を時計で入力するモードに切り替えます。</string>
    <string name="material_timepicker_hour">時間</string>
    <string name="material_timepicker_minute">分</string>
    <string name="material_timepicker_pm">PM</string>
    <string name="material_timepicker_select_time">時間を選択</string>
    <string name="material_timepicker_text_input_mode_description">時刻をテキストで入力するモードに切り替えます。</string>
    <string name="mtrl_badge_numberless_content_description">新しい通知</string>
    <string name="mtrl_chip_close_icon_content_description">%1$s を削除します</string>
    <string name="mtrl_exceed_max_badge_number_content_description">%1$d 件以上の新しい通知</string>
    <string name="mtrl_picker_a11y_next_month">翌月に変更</string>
    <string name="mtrl_picker_a11y_prev_month">前月に変更</string>
    <string name="mtrl_picker_cancel">キャンセル</string>
    <string name="mtrl_picker_confirm">OK</string>
    <string name="mtrl_picker_day_of_week_column_header">曜日の列: %1$s</string>
    <string name="mtrl_picker_navigate_to_year_description">%1$s 年に移動</string>
    <string name="mtrl_picker_save">保存</string>
    <string name="mtrl_picker_toggle_to_calendar_input_mode">カレンダー入力モードに切り替え</string>
    <string name="mtrl_picker_toggle_to_day_selection">タップすると、日の選択に切り替わります</string>
    <string name="mtrl_picker_toggle_to_text_input_mode">テキスト入力モードに切り替え</string>
    <string name="mtrl_picker_toggle_to_year_selection">タップすると、年の選択に切り替わります</string>
    <string name="mtrl_timepicker_cancel">キャンセル</string>
    <string name="mtrl_timepicker_confirm">OK</string>
    <string name="native_body">本文</string>
    <string name="native_headline">見出し</string>
    <string name="native_media_view">メディアビュー</string>
    <string name="notifications_permission_confirm">許可</string>
    <string name="notifications_permission_decline">許可しない</string>
    <string name="notifications_permission_title">通知の送信をアプリに許可しますか？</string>
    <string name="offline_dialog_image_description">アイコン</string>
    <string name="offline_dialog_text">関心をお寄せいただきありがとうございます。
再度オンラインになりましたら、追加情報をご案内します。</string>
    <string name="offline_notification_title">オンラインになりました: 続きをご覧ください</string>
    <string name="offline_notification_title_with_advertiser">オンラインになりました: %sについて続きをご確認ください</string>
    <string name="offline_opt_in_confirm">OK</string>
    <string name="offline_opt_in_decline">設定しない</string>
    <string name="offline_opt_in_message">広告主のサイトへのリンクが記載された通知が届きます。</string>
    <string name="offline_opt_in_title">ネットワークに接続したときに、広告を表示します。</string>
    <string name="password_toggle_content_description">パスワードを表示</string>
    <string name="s1">画像の保存</string>
    <string name="s2">広告が画像ギャラリーに画像を保存することを許可しますか？</string>
    <string name="s3">許可する</string>
    <string name="s4">許可しない</string>
    <string name="s5">カレンダーの予定の作成</string>
    <string name="s6">広告がカレンダーの予定を作成することを許可しますか？</string>
    <string name="s7">テスト広告</string>
    <string name="search_menu_title">検索</string>
    <string name="status_bar_notification_info_overflow">999+</string>
    <string name="watermark_label_prefix">AdMob -</string>
</resources>