<?xml version='1.0' encoding='utf-8' ?>
<resources>
    <string name="abc_action_bar_up_description">Desplazarse hacia arriba</string>
    <string name="abc_action_mode_done">Hecho</string>
    <string name="abc_capital_off">DESACTIVADO</string>
    <string name="abc_capital_on">ACTIVADO</string>
    <string name="abc_menu_alt_shortcut_label">Alt +</string>
    <string name="abc_menu_ctrl_shortcut_label">Ctrl +</string>
    <string name="abc_menu_delete_shortcut_label">Suprimir</string>
    <string name="abc_menu_enter_shortcut_label">Intro</string>
    <string name="abc_menu_function_shortcut_label">Función +</string>
    <string name="abc_menu_meta_shortcut_label">Meta +</string>
    <string name="abc_menu_shift_shortcut_label">Mayús +</string>
    <string name="abc_menu_space_shortcut_label">Espacio</string>
    <string name="abc_menu_sym_shortcut_label">Sym +</string>
    <string name="abc_prepend_shortcut_label">Menú +</string>
    <string name="abc_search_hint">Buscar…</string>
    <string name="abc_searchview_description_clear">Borrar consulta</string>
    <string name="abc_searchview_description_search">Buscar</string>
    <string name="abc_searchview_description_submit">Enviar consulta</string>
    <string name="abc_searchview_description_voice">Búsqueda por voz</string>
    <string name="abc_toolbar_collapse_description">Ocultar</string>
    <string name="applovin_agree_message">Por favor, presione "Continuar" si elige comenzar a usar nuestra aplicación.</string>
    <string name="applovin_alt_privacy_policy_text">Política de Privacidad</string>
    <string name="applovin_continue_button_text">Continuar</string>
    <string name="applovin_gdpr_advertising_partners_screen_message">Como se explica en nuestra Políza de Privacidad, con su consentimiento, podemos compartir estos datos con los siguientes socios para permitirles publicar anuncios o contenido personalizados:</string>
    <string name="applovin_gdpr_advertising_partners_screen_title">Anuncios y contenido personalizados</string>
    <string name="applovin_gdpr_analytics_partners_screen_message">Como se explica en nuestra Políza de Privacidad, con su consentimiento, podemos compartir estos datos con los siguientes socios para ayudar a medir el rendimiento y mejorar nuestros productos y servicios:</string>
    <string name="applovin_gdpr_analytics_partners_screen_title">Mediciones de rendimiento y desarrollo de productos</string>
    <string name="applovin_gdpr_are_you_sure_screen_message">Permitirnos a nosotros y/o a nuestros socios usar estos datos para anuncios y contenido personalizados y otros propósitos, como se describe en nuestra Políza de Privacidad:

• Le brinda una experiencia, anuncios, y contenido más personalizados

• Ayuda a respaldar mejoras y desarrollos de productos

• Te permite participar en promociones.</string>
    <string name="applovin_gdpr_are_you_sure_screen_title">¿Estas seguro?</string>
    <string name="applovin_gdpr_back_button_text">De vuelta</string>
    <string name="applovin_gdpr_learn_more_screen_bullet_1">¡Ayudando a mantener nuestra aplicación gratis!</string>
    <string name="applovin_gdpr_learn_more_screen_bullet_2">Dandote una experiencia más personal, incluidos anuncios y contenido personalizados</string>
    <string name="applovin_gdpr_learn_more_screen_bullet_3">Ayudar a respaldar mejoras y desarrollos de productos</string>
    <string name="applovin_gdpr_learn_more_screen_bullet_4">Permitirle participar en promociones</string>
    <string name="applovin_gdpr_learn_more_screen_message_1">¡Gracias por descargar nuestra aplicación! Permitiéndo a nosotros y a nuestros socios, usar estos datos, nos ayuda a crear una experiencia de aplicación única, incluso al:</string>
    <string name="applovin_gdpr_learn_more_screen_message_2">Siempre puede cambiar sus selecciones más adelante. Si elige no compartir sus datos, aún podrá acceder a la aplicación y seguirá recibiendo anuncios. Sin embargo, esos anuncios pueden ser menos relevantes para sus intereses.</string>
    <string name="applovin_gdpr_main_screen_analytics_purposes_switch_text">Mediciones de rendimiento y desarrollo de productos.</string>
    <string name="applovin_gdpr_main_screen_learn_more_button_text">Aprende más</string>
    <string name="applovin_gdpr_main_screen_message">Como se explica en nuestra Políza de Privacidad, con su consentimiento, recopilamos cierta información sobre su dispositivo, como la dirección IP y los identificadores de publicidad. Estos datos nos permiten a nosotros y a nuestros socios ofrecer anuncios y contenido personalizados y realizar mejoras.

A continuación, puede optar por permitirnos a nosotros y/o a nuestros socios utilizar estos datos para los siguientes propósitos:</string>
    <string name="applovin_gdpr_main_screen_personalized_advertising_purposes_switch_text">Anuncios y contenido personalizados</string>
    <string name="applovin_gdpr_main_screen_pp_and_tos_switch_text">Tengo más de dieciséis años, acepto los Términos de Uso y reconozco que se aplica la Política de Privacidad.</string>
    <string name="applovin_gdpr_main_screen_privacy_policy_switch_text">Certifico que soy mayor de dieciséis años y que he leído y entendido la Políza de Privacidad.</string>
    <string name="applovin_gdpr_main_screen_title">¡Gracias por descargar 
%s!</string>
    <string name="applovin_gdpr_understand_and_continue_button_text">Entiendo y confirmo</string>
    <string name="applovin_learn_more_screen_title">¡Ayúdanos a mantener %s gratis y más divertido para ti!</string>
    <string name="applovin_pp_and_tos_title">Para usar %s debe aceptar nuestros Términos y Condiciones Y afirmar que ha revisado nuestra Políza de Privacidad.</string>
    <string name="applovin_pp_title">Para usar %s, debe afirmar que ha revisado y aceptado nuestra Políza de Privacidad.</string>
    <string name="applovin_privacy_policy_text">Políza de Privacidad</string>
    <string name="applovin_terms_of_service_text">Términos y Condiciones</string>
    <string name="applovin_terms_of_use_text">Términos de Uso</string>
    <string name="bottomsheet_action_collapse">Ocultar la hoja inferior</string>
    <string name="bottomsheet_action_expand">Mostrar la hoja inferior</string>
    <string name="bottomsheet_action_expand_halfway">Desplegar hasta la mitad</string>
    <string name="bottomsheet_drag_handle_clicked">Controlador de arrastre tocado dos veces</string>
    <string name="bottomsheet_drag_handle_content_description">Controlador de arrastre</string>
    <string name="call_notification_answer_action">Responder</string>
    <string name="call_notification_answer_video_action">Vídeo</string>
    <string name="call_notification_decline_action">Rechazar</string>
    <string name="call_notification_hang_up_action">Colgar</string>
    <string name="call_notification_incoming_text">Llamada entrante</string>
    <string name="call_notification_ongoing_text">Llamada en curso</string>
    <string name="call_notification_screening_text">Filtrando una llamada entrante</string>
    <string name="character_counter_content_description">Caracteres introducidos: %1$d de %2$d</string>
    <string name="character_counter_overflowed_content_description">Límite de caracteres superado (%1$d de %2$d)</string>
    <string name="clear_text_end_icon_content_description">Borrar texto</string>
    <string name="common_google_play_services_enable_button">Habilitar</string>
    <string name="common_google_play_services_enable_text">%1$s no funcionará hasta que no habilites Servicios de Google Play.</string>
    <string name="common_google_play_services_enable_title">Habilita Servicios de Google Play</string>
    <string name="common_google_play_services_install_button">Instalar</string>
    <string name="common_google_play_services_install_text">%1$s no se ejecutará si los Servicios de Google Play no están instalados en tu dispositivo.</string>
    <string name="common_google_play_services_install_title">Descargar Servicios de Google Play</string>
    <string name="common_google_play_services_notification_channel_name">Disponibilidad Servicios de Google Play</string>
    <string name="common_google_play_services_notification_ticker">Error de Servicios de Google Play</string>
    <string name="common_google_play_services_unknown_issue">La aplicación %1$s tiene problemas con los Servicios de Google Play. Vuelve a intentarlo.</string>
    <string name="common_google_play_services_unsupported_text">No es posible ejecutar la aplicación %1$s sin los Servicios de Google Play, que no son compatibles con tu dispositivo.</string>
    <string name="common_google_play_services_update_button">Actualizar</string>
    <string name="common_google_play_services_update_text">%1$s no funcionará hasta que no actualices Servicios de Google Play.</string>
    <string name="common_google_play_services_update_title">Actualiza Servicios de Google Play</string>
    <string name="common_google_play_services_updating_text">%1$s no se ejecutará hasta que finalice la actualización en curso de Servicios de Google Play.</string>
    <string name="common_google_play_services_wear_update_text">Se necesita una nueva versión de Servicios de Google Play. Se actualizará en breve.</string>
    <string name="common_open_on_phone">Abrir en teléfono</string>
    <string name="common_signin_button_text">Iniciar sesión</string>
    <string name="common_signin_button_text_long">Iniciar sesión con Google</string>
    <string name="error_icon_content_description">Error</string>
    <string name="exo_controls_fastforward_description">Avanzar rápidamente</string>
    <string name="exo_controls_hide">Ocultar controles de jugador</string>
    <string name="exo_controls_next_description">Siguiente</string>
    <string name="exo_controls_pause_description">Pausar</string>
    <string name="exo_controls_play_description">Reproducir</string>
    <string name="exo_controls_previous_description">Anterior</string>
    <string name="exo_controls_repeat_all_description">Modo actual: Repetir todo. Cambiar de modo.</string>
    <string name="exo_controls_repeat_off_description">Modo actual: No repetir. Cambiar de modo.</string>
    <string name="exo_controls_repeat_one_description">Modo actual: Repetir uno. Cambiar de modo.</string>
    <string name="exo_controls_rewind_description">Rebobinar</string>
    <string name="exo_controls_show">Mostrar controles del reproductor</string>
    <string name="exo_controls_shuffle_off_description">Habilitar modo aleatorio</string>
    <string name="exo_controls_shuffle_on_description">Inhabilitar modo aleatorio</string>
    <string name="exo_controls_vr_description">Modo RV</string>
    <string name="exo_item_list">%1$s, %2$s</string>
    <string name="exo_track_bitrate">%1$.2f Mbps</string>
    <string name="exo_track_mono">Mono</string>
    <string name="exo_track_resolution">%1$d×%2$d</string>
    <string name="exo_track_role_alternate">Alternativa</string>
    <string name="exo_track_role_closed_captions">CC</string>
    <string name="exo_track_role_commentary">Comentarios</string>
    <string name="exo_track_role_supplementary">Complementaria</string>
    <string name="exo_track_selection_auto">Automático</string>
    <string name="exo_track_selection_none">Ninguna</string>
    <string name="exo_track_selection_title_audio">Audio</string>
    <string name="exo_track_selection_title_text">Texto</string>
    <string name="exo_track_selection_title_video">Vídeo</string>
    <string name="exo_track_stereo">Estéreo</string>
    <string name="exo_track_surround">Sonido envolvente</string>
    <string name="exo_track_surround_5_point_1">Sonido envolvente 5.1</string>
    <string name="exo_track_surround_7_point_1">Sonido envolvente 7.1</string>
    <string name="exo_track_unknown">Desconocido</string>
    <string name="exposed_dropdown_menu_content_description">Mostrar menú desplegable</string>
    <string name="fallback_menu_item_copy_link">Copiar enlace</string>
    <string name="fallback_menu_item_open_in_browser">Abrir en el navegador</string>
    <string name="fallback_menu_item_share_link">Compartir enlace</string>
    <string name="icon_content_description">Icono del cuadro de diálogo</string>
    <string name="item_view_role_description">Pestaña</string>
    <string name="material_clock_toggle_content_description">Selecciona AM o PM</string>
    <string name="material_hour_24h_suffix">%1$s horas</string>
    <string name="material_hour_selection">Seleccionar hora</string>
    <string name="material_hour_suffix">%1$s en punto</string>
    <string name="material_minute_selection">Seleccionar minutos</string>
    <string name="material_minute_suffix">%1$s minutos</string>
    <string name="material_timepicker_am">A.M.</string>
    <string name="material_timepicker_clock_mode_description">Cambia al modo de reloj para escribir la hora.</string>
    <string name="material_timepicker_hour">Hora</string>
    <string name="material_timepicker_minute">Minuto</string>
    <string name="material_timepicker_pm">P.M.</string>
    <string name="material_timepicker_select_time">Seleccionar la hora</string>
    <string name="material_timepicker_text_input_mode_description">Cambia al modo de introducción de texto para escribir la hora.</string>
    <string name="mtrl_badge_numberless_content_description">Notificación nueva</string>
    <string name="mtrl_chip_close_icon_content_description">Retirar %1$s</string>
    <string name="mtrl_exceed_max_badge_number_content_description">Más de %1$d notificaciones nuevas</string>
    <string name="mtrl_picker_a11y_next_month">Cambiar al mes siguiente</string>
    <string name="mtrl_picker_a11y_prev_month">Cambiar al mes anterior</string>
    <string name="mtrl_picker_cancel">Cancelar</string>
    <string name="mtrl_picker_confirm">Aceptar</string>
    <string name="mtrl_picker_day_of_week_column_header">Columna de días: %1$s</string>
    <string name="mtrl_picker_navigate_to_year_description">Ir al año %1$s</string>
    <string name="mtrl_picker_save">Guardar</string>
    <string name="mtrl_picker_toggle_to_calendar_input_mode">Cambiar al modo de introducción Calendario</string>
    <string name="mtrl_picker_toggle_to_day_selection">Toca para seleccionar un día</string>
    <string name="mtrl_picker_toggle_to_text_input_mode">Cambiar al modo de introducción Texto</string>
    <string name="mtrl_picker_toggle_to_year_selection">Toca para seleccionar un año</string>
    <string name="mtrl_timepicker_cancel">Cancelar</string>
    <string name="mtrl_timepicker_confirm">Aceptar</string>
    <string name="native_body">Cuerpo</string>
    <string name="native_headline">Título</string>
    <string name="native_media_view">Vista del contenido multimedia</string>
    <string name="notifications_permission_confirm">Permitir</string>
    <string name="notifications_permission_decline">No permitir</string>
    <string name="notifications_permission_title">¿Permitir que la aplicación te envíe notificaciones?</string>
    <string name="offline_dialog_image_description">Icono</string>
    <string name="offline_dialog_text">Gracias por tu interés.
Te daremos más información cuando vuelvas a estar online.</string>
    <string name="offline_notification_title">Vuelves a estar online. ¿Seguimos por donde lo dejamos?</string>
    <string name="offline_notification_title_with_advertiser">Vuelves a estar online. Sigue informándote sobre %s.</string>
    <string name="offline_opt_in_confirm">Aceptar</string>
    <string name="offline_opt_in_decline">No, gracias</string>
    <string name="offline_opt_in_message">Te enviaremos una notificación que incluirá un enlace al sitio web del anunciante.</string>
    <string name="offline_opt_in_title">Se abrirá el anuncio cuando recuperes la conexión.</string>
    <string name="password_toggle_content_description">Mostrar contraseña</string>
    <string name="s1">Guardar imagen</string>
    <string name="s2">¿Permitir que el anuncio almacene imágenes en la galería de imágenes?</string>
    <string name="s3">Aceptar</string>
    <string name="s4">Rechazar</string>
    <string name="s5">Crear evento de calendario</string>
    <string name="s6">¿Permitir que el anuncio cree un evento de calendario?</string>
    <string name="s7">Anuncio de prueba</string>
    <string name="search_menu_title">Buscar</string>
    <string name="status_bar_notification_info_overflow">999+</string>
    <string name="watermark_label_prefix">AdMob -</string>
</resources>