<?xml version='1.0' encoding='utf-8' ?>
<resources>
    <string name="abc_action_bar_up_description">Navigasi ke atas</string>
    <string name="abc_action_mode_done">Selesai</string>
    <string name="abc_capital_off">MATI</string>
    <string name="abc_capital_on">HIDUP</string>
    <string name="abc_menu_alt_shortcut_label">Alt+</string>
    <string name="abc_menu_ctrl_shortcut_label">Ctrl+</string>
    <string name="abc_menu_delete_shortcut_label">delete</string>
    <string name="abc_menu_enter_shortcut_label">enter</string>
    <string name="abc_menu_function_shortcut_label">Fungsi+</string>
    <string name="abc_menu_meta_shortcut_label">Meta+</string>
    <string name="abc_menu_shift_shortcut_label">Shift+</string>
    <string name="abc_menu_space_shortcut_label">ruang</string>
    <string name="abc_menu_sym_shortcut_label">Sym+</string>
    <string name="abc_prepend_shortcut_label">Menu+</string>
    <string name="abc_search_hint">Cari…</string>
    <string name="abc_searchview_description_clear">Kosongkan pertanyaan</string>
    <string name="abc_searchview_description_search">Cari</string>
    <string name="abc_searchview_description_submit">Serah pertanyaan</string>
    <string name="abc_searchview_description_voice">Carian suara</string>
    <string name="abc_toolbar_collapse_description">Runtuhkan</string>
    <string name="bottomsheet_action_collapse">Kuncupkan helaian bawah</string>
    <string name="bottomsheet_action_expand">Kembangkan helaian bawah</string>
    <string name="bottomsheet_action_expand_halfway">Kembangkan helaian bawah</string>
    <string name="bottomsheet_drag_handle_clicked">Pemegang seret diketik dua kali</string>
    <string name="bottomsheet_drag_handle_content_description">Pemegang seret</string>
    <string name="call_notification_answer_action">Jawab</string>
    <string name="call_notification_answer_video_action">Video</string>
    <string name="call_notification_decline_action">Tolak</string>
    <string name="call_notification_hang_up_action">Tamatkan Panggilan</string>
    <string name="call_notification_incoming_text">Panggilan masuk</string>
    <string name="call_notification_ongoing_text">Panggilan sedang berlangsung</string>
    <string name="call_notification_screening_text">Menyaring panggilan masuk</string>
    <string name="character_counter_content_description">Aksara dimasukkan %1$d daripada %2$d</string>
    <string name="character_counter_overflowed_content_description">Melebihi had aksara %1$d daripada %2$d</string>
    <string name="clear_text_end_icon_content_description">Kosongkan teks</string>
    <string name="common_google_play_services_enable_button">Dayakan</string>
    <string name="common_google_play_services_enable_text">%1$s tidak akan berfungsi melainkan anda mendayakan perkhidmatan Google Play.</string>
    <string name="common_google_play_services_enable_title">Dayakan perkhidmatan Google Play</string>
    <string name="common_google_play_services_install_button">Pasang</string>
    <string name="common_google_play_services_install_text">%1$s tidak akan berfungsi tanpa perkhidmatan Google Play dan perkhidmatan ini tiada pada peranti anda.</string>
    <string name="common_google_play_services_install_title">Dapatkan perkhidmatan Google Play</string>
    <string name="common_google_play_services_notification_channel_name">Ketersediaan perkhidmatan Google Play</string>
    <string name="common_google_play_services_notification_ticker">Ralat perkhidmatan Google Play</string>
    <string name="common_google_play_services_unknown_issue">%1$s menghadapi masalah berhubung perkhidmatan Google Play. Sila cuba lagi.</string>
    <string name="common_google_play_services_unsupported_text">%1$s tidak akan berfungsi tanpa perkhidmatan Google Play dan perkhidmatan ini tidak disokong oleh peranti anda.</string>
    <string name="common_google_play_services_update_button">Kemas kini</string>
    <string name="common_google_play_services_update_text">%1$s tidak akan berfungsi kecuali anda mengemas kini perkhidmatan Google Play.</string>
    <string name="common_google_play_services_update_title">Kemaskinikan perkhidmatan Google Play</string>
    <string name="common_google_play_services_updating_text">%1$s tidak akan berfungsi tanpa perkhidmatan Google Play dan perkhidmatan ini sedang dikemaskinikan.</string>
    <string name="common_google_play_services_wear_update_text">Versi baharu perkhidmatan Google Play diperlukan. Kemas kini automatik akan dijalankan sebentar lagi.</string>
    <string name="common_open_on_phone">Buka pada telefon</string>
    <string name="common_signin_button_text">Log masuk</string>
    <string name="common_signin_button_text_long">Log masuk dengan Google</string>
    <string name="error_icon_content_description">Ralat</string>
    <string name="exo_controls_fastforward_description">Mundar laju</string>
    <string name="exo_controls_hide">Sembunyikan kawalan pemain</string>
    <string name="exo_controls_next_description">Seterusnya</string>
    <string name="exo_controls_pause_description">Jeda</string>
    <string name="exo_controls_play_description">Main</string>
    <string name="exo_controls_previous_description">Sebelumnya</string>
    <string name="exo_controls_repeat_all_description">Mod semasa: Ulang semua. Togol mod ulang.</string>
    <string name="exo_controls_repeat_off_description">Mod semasa: Tidak berulang. Togol mod ulang.</string>
    <string name="exo_controls_repeat_one_description">Mod semasa: Ulang satu. Togol mod ulang.</string>
    <string name="exo_controls_rewind_description">Mandir</string>
    <string name="exo_controls_show">Tunjukkan kawalan pemain</string>
    <string name="exo_controls_shuffle_off_description">Dayakan mod rombak</string>
    <string name="exo_controls_shuffle_on_description">Lumpuhkan mod rombak</string>
    <string name="exo_controls_vr_description">Mod VR</string>
    <string name="exo_item_list">%1$s, %2$s</string>
    <string name="exo_track_bitrate">%1$.2f Mbps</string>
    <string name="exo_track_mono">Mono</string>
    <string name="exo_track_resolution">%1$d × %2$d</string>
    <string name="exo_track_role_alternate">Alternatif</string>
    <string name="exo_track_role_closed_captions">SK</string>
    <string name="exo_track_role_commentary">Ulasan</string>
    <string name="exo_track_role_supplementary">Tambahan</string>
    <string name="exo_track_selection_auto">Automatik</string>
    <string name="exo_track_selection_none">Tiada</string>
    <string name="exo_track_selection_title_audio">Audio</string>
    <string name="exo_track_selection_title_text">Teks</string>
    <string name="exo_track_selection_title_video">Video</string>
    <string name="exo_track_stereo">Stereo</string>
    <string name="exo_track_surround">Bunyi keliling</string>
    <string name="exo_track_surround_5_point_1">Bunyi keliling 5.1</string>
    <string name="exo_track_surround_7_point_1">Bunyi keliling 7.1</string>
    <string name="exo_track_unknown">Tidak diketahui</string>
    <string name="exposed_dropdown_menu_content_description">Tunjukkan menu lungsur</string>
    <string name="fallback_menu_item_copy_link">Salin pautan</string>
    <string name="fallback_menu_item_open_in_browser">Buka dalam penyemak imbas</string>
    <string name="fallback_menu_item_share_link">Kongsi pautan</string>
    <string name="icon_content_description">Ikon Dialog</string>
    <string name="item_view_role_description">Tab</string>
    <string name="material_clock_toggle_content_description">Pilih AM atau PM</string>
    <string name="material_hour_24h_suffix">%1$s jam</string>
    <string name="material_hour_selection">Pilih jam</string>
    <string name="material_hour_suffix">Pukul %1$s</string>
    <string name="material_minute_selection">Pilih minit</string>
    <string name="material_minute_suffix">%1$s minit</string>
    <string name="material_timepicker_am">PG</string>
    <string name="material_timepicker_clock_mode_description">Beralih ke mod jam untuk input masa.</string>
    <string name="material_timepicker_hour">Jam</string>
    <string name="material_timepicker_minute">Minit</string>
    <string name="material_timepicker_pm">P/M</string>
    <string name="material_timepicker_select_time">Pilih masa</string>
    <string name="material_timepicker_text_input_mode_description">Beralih ke mod input teks untuk input masa.</string>
    <string name="mtrl_badge_numberless_content_description">Pemberitahuan baharu</string>
    <string name="mtrl_chip_close_icon_content_description">Alih keluar %1$s</string>
    <string name="mtrl_exceed_max_badge_number_content_description">Lebih daripada %1$d pemberitahuan baharu</string>
    <string name="mtrl_picker_a11y_next_month">Tukar kepada bulan seterusnya</string>
    <string name="mtrl_picker_a11y_prev_month">Tukar kepada bulan sebelumnya</string>
    <string name="mtrl_picker_cancel">Batal</string>
    <string name="mtrl_picker_confirm">OK</string>
    <string name="mtrl_picker_day_of_week_column_header">Lajur hari: %1$s</string>
    <string name="mtrl_picker_navigate_to_year_description">Navigasi ke tahun %1$s</string>
    <string name="mtrl_picker_save">Simpan</string>
    <string name="mtrl_picker_toggle_to_calendar_input_mode">Beralih kepada mod input kalendar</string>
    <string name="mtrl_picker_toggle_to_day_selection">Ketik untuk beralih kepada pemilihan hari</string>
    <string name="mtrl_picker_toggle_to_text_input_mode">Beralih kepada mod input teks</string>
    <string name="mtrl_picker_toggle_to_year_selection">Ketik untuk beralih kepada pemilihan tahun</string>
    <string name="mtrl_timepicker_cancel">Batal</string>
    <string name="mtrl_timepicker_confirm">OK</string>
    <string name="native_body">Kandungan</string>
    <string name="native_headline">Tajuk</string>
    <string name="native_media_view">Paparan Media</string>
    <string name="notifications_permission_confirm">Benarkan</string>
    <string name="notifications_permission_decline">Jangan benarkan</string>
    <string name="notifications_permission_title">Benarkan apl menghantar pemberitahuan kepada anda?</string>
    <string name="offline_dialog_image_description">Ikon</string>
    <string name="offline_dialog_text">Terima kasih atas minat anda.
Kami akan berkongsi lagi setelah anda kembali dalam talian.</string>
    <string name="offline_notification_title">Anda sudah kembali dalam talian! Mari menyambung dari tempat kita berhenti</string>
    <string name="offline_notification_title_with_advertiser">Anda sudah kembali dalam talian! Teruskan pembelajaran tentang %s</string>
    <string name="offline_opt_in_confirm">OK</string>
    <string name="offline_opt_in_decline">Tidak</string>
    <string name="offline_opt_in_message">Kami akan menghantar pemberitahuan dengan pautan ke tapak pengiklan kepada anda.</string>
    <string name="offline_opt_in_title">Buka iklan apabila anda kembali ke dalam talian.</string>
    <string name="password_toggle_content_description">Tunjukkan kata laluan</string>
    <string name="s1">Simpan imej</string>
    <string name="s2">Benarkan Iklan menyimpan imej dalam galeri Gambar?</string>
    <string name="s3">Terima</string>
    <string name="s4">Tolak</string>
    <string name="s5">Buat acara kalendar</string>
    <string name="s6">Benarkan Iklan membuat acara kalendar?</string>
    <string name="s7">Iklan Ujian</string>
    <string name="search_menu_title">Cari</string>
    <string name="status_bar_notification_info_overflow">999+</string>
    <string name="watermark_label_prefix">AdMob -</string>
</resources>