<?xml version='1.0' encoding='utf-8' ?>
<resources>
    <string name="abc_action_bar_up_description">Идите нагоре</string>
    <string name="abc_action_mode_done">Готово</string>
    <string name="abc_capital_off">ИСКЉУЧЕНО</string>
    <string name="abc_capital_on">УКЉУЧЕНО</string>
    <string name="abc_menu_alt_shortcut_label">Alt+</string>
    <string name="abc_menu_ctrl_shortcut_label">Ctrl+</string>
    <string name="abc_menu_delete_shortcut_label">delete</string>
    <string name="abc_menu_enter_shortcut_label">enter</string>
    <string name="abc_menu_function_shortcut_label">Function+</string>
    <string name="abc_menu_meta_shortcut_label">Meta+</string>
    <string name="abc_menu_shift_shortcut_label">Shift+</string>
    <string name="abc_menu_space_shortcut_label">тастер за размак</string>
    <string name="abc_menu_sym_shortcut_label">Sym+</string>
    <string name="abc_prepend_shortcut_label">Menu+</string>
    <string name="abc_search_hint">Претражите…</string>
    <string name="abc_searchview_description_clear">Обришите упит</string>
    <string name="abc_searchview_description_search">Претражите</string>
    <string name="abc_searchview_description_submit">Пошаљите упит</string>
    <string name="abc_searchview_description_voice">Гласовна претрага</string>
    <string name="abc_toolbar_collapse_description">Скупи</string>
    <string name="bottomsheet_action_collapse">Скупите доњу табелу</string>
    <string name="bottomsheet_action_expand">Проширите доњу табелу</string>
    <string name="bottomsheet_action_expand_halfway">Проширите до пола</string>
    <string name="bottomsheet_drag_handle_clicked">Идентификатор за превлачење је двапут додирнут</string>
    <string name="bottomsheet_drag_handle_content_description">Ручица за превлачење</string>
    <string name="call_notification_answer_action">Одговори</string>
    <string name="call_notification_answer_video_action">Видео</string>
    <string name="call_notification_decline_action">Одбиј</string>
    <string name="call_notification_hang_up_action">Прекини везу</string>
    <string name="call_notification_incoming_text">Долазни позив</string>
    <string name="call_notification_ongoing_text">Позив је у току</string>
    <string name="call_notification_screening_text">Проверава се долазни позив</string>
    <string name="character_counter_content_description">Унети знакови: %1$d од %2$d</string>
    <string name="character_counter_overflowed_content_description">Прекорачено је ограничење броја знакова: %1$d од %2$d</string>
    <string name="clear_text_end_icon_content_description">Обриши текст</string>
    <string name="common_google_play_services_enable_button">Омогући</string>
    <string name="common_google_play_services_enable_text">%1$s неће функционисати ако не омогућите Google Play услуге.</string>
    <string name="common_google_play_services_enable_title">Омогућите Google Play услуге</string>
    <string name="common_google_play_services_install_button">Инсталирај</string>
    <string name="common_google_play_services_install_text">%1$s не може да се покрене без Google Play услуга, које нису инсталиране на уређају.</string>
    <string name="common_google_play_services_install_title">Преузмите Google Play услуге</string>
    <string name="common_google_play_services_notification_channel_name">Доступност Google Play услуга</string>
    <string name="common_google_play_services_notification_ticker">Грешка Google Play услуга</string>
    <string name="common_google_play_services_unknown_issue">%1$s има проблема са Google Play услугама. Пробајте поново.</string>
    <string name="common_google_play_services_unsupported_text">%1$s не може да се покрене без Google Play услуга, које уређај не подржава.</string>
    <string name="common_google_play_services_update_button">Ажурирај</string>
    <string name="common_google_play_services_update_text">%1$s не може да се покрене ако не ажурирате Google Play услуге.</string>
    <string name="common_google_play_services_update_title">Ажурирајте Google Play услуге</string>
    <string name="common_google_play_services_updating_text">%1$s не може да се покрене без Google Play услуга, које се тренутно ажурирају.</string>
    <string name="common_google_play_services_wear_update_text">Потребна је нова верзија Google Play услуга. Ускоро ће се ажурирати.</string>
    <string name="common_open_on_phone">Отвори на телефону</string>
    <string name="common_signin_button_text">Пријави ме</string>
    <string name="common_signin_button_text_long">Пријави ме на Google</string>
    <string name="error_icon_content_description">Грешка</string>
    <string name="exo_controls_fastforward_description">Премотај унапред</string>
    <string name="exo_controls_hide">Сакриј контроле плејера</string>
    <string name="exo_controls_next_description">Следећа</string>
    <string name="exo_controls_pause_description">Паузирај</string>
    <string name="exo_controls_play_description">Пусти</string>
    <string name="exo_controls_previous_description">Претходна</string>
    <string name="exo_controls_repeat_all_description">Ваш режим: Понови све. Укључите/искључите.</string>
    <string name="exo_controls_repeat_off_description">Ваш режим: Без понављања. Укључите/искључите.</string>
    <string name="exo_controls_repeat_one_description">Ваш режим: Понови једно. Укључите/искључите.</string>
    <string name="exo_controls_rewind_description">Премотај уназад</string>
    <string name="exo_controls_show">Прикажи контроле плејера</string>
    <string name="exo_controls_shuffle_off_description">Омогућите насумични режим</string>
    <string name="exo_controls_shuffle_on_description">Онемогућите насумични режим</string>
    <string name="exo_controls_vr_description">ВР режим</string>
    <string name="exo_item_list">%1$s, %2$s</string>
    <string name="exo_track_bitrate">%1$.2f Mb/s</string>
    <string name="exo_track_mono">Моно</string>
    <string name="exo_track_resolution">%1$d × %2$d</string>
    <string name="exo_track_role_alternate">Алтернативно</string>
    <string name="exo_track_role_closed_captions">Титл</string>
    <string name="exo_track_role_commentary">Коментар</string>
    <string name="exo_track_role_supplementary">Додатно</string>
    <string name="exo_track_selection_auto">Аутоматски</string>
    <string name="exo_track_selection_none">Ниједна</string>
    <string name="exo_track_selection_title_audio">Аудио</string>
    <string name="exo_track_selection_title_text">Текст</string>
    <string name="exo_track_selection_title_video">Видео</string>
    <string name="exo_track_stereo">Стерео</string>
    <string name="exo_track_surround">Просторни звук</string>
    <string name="exo_track_surround_5_point_1">Просторни звук 5.1</string>
    <string name="exo_track_surround_7_point_1">Просторни звук 7.1</string>
    <string name="exo_track_unknown">Непознато</string>
    <string name="exposed_dropdown_menu_content_description">Прикажи падајући мени</string>
    <string name="fallback_menu_item_copy_link">Копирај линк</string>
    <string name="fallback_menu_item_open_in_browser">Отвори у прегледачу</string>
    <string name="fallback_menu_item_share_link">Дели линк</string>
    <string name="icon_content_description">Икона дијалога</string>
    <string name="item_view_role_description">Картица</string>
    <string name="material_clock_toggle_content_description">Изаберите пре подне или по подне</string>
    <string name="material_hour_24h_suffix">%1$s с</string>
    <string name="material_hour_selection">Изаберите сат</string>
    <string name="material_hour_suffix">%1$s с</string>
    <string name="material_minute_selection">Изаберите минуте</string>
    <string name="material_minute_suffix">%1$s мин</string>
    <string name="material_timepicker_am">AM</string>
    <string name="material_timepicker_clock_mode_description">Пређите у режим сата ради уноса времена.</string>
    <string name="material_timepicker_hour">Сат</string>
    <string name="material_timepicker_minute">Минут</string>
    <string name="material_timepicker_pm">PM</string>
    <string name="material_timepicker_select_time">Изаберите време</string>
    <string name="material_timepicker_text_input_mode_description">Пређите у режим уноса текста ради уноса времена.</string>
    <string name="mtrl_badge_numberless_content_description">Ново обавештење</string>
    <string name="mtrl_chip_close_icon_content_description">Уклоните %1$s</string>
    <string name="mtrl_exceed_max_badge_number_content_description">Нових обавештења: више од %1$d</string>
    <string name="mtrl_picker_a11y_next_month">Пређите на следећи месец</string>
    <string name="mtrl_picker_a11y_prev_month">Пређите на претходни месец</string>
    <string name="mtrl_picker_cancel">Откажи</string>
    <string name="mtrl_picker_confirm">Потврди</string>
    <string name="mtrl_picker_day_of_week_column_header">Колона са данима: %1$s</string>
    <string name="mtrl_picker_navigate_to_year_description">Идите на годину %1$s</string>
    <string name="mtrl_picker_save">Сачувај</string>
    <string name="mtrl_picker_toggle_to_calendar_input_mode">Пређите на режим уноса у Календару</string>
    <string name="mtrl_picker_toggle_to_day_selection">Додирните да бисте прешли на избор дана</string>
    <string name="mtrl_picker_toggle_to_text_input_mode">Пређите на режим уноса текста</string>
    <string name="mtrl_picker_toggle_to_year_selection">Додирните да бисте прешли на избор године</string>
    <string name="mtrl_timepicker_cancel">Откажи</string>
    <string name="mtrl_timepicker_confirm">Потврди</string>
    <string name="native_body">Садржај</string>
    <string name="native_headline">Наслов</string>
    <string name="native_media_view">Приказ медија</string>
    <string name="notifications_permission_confirm">Дозволи</string>
    <string name="notifications_permission_decline">Не дозволи</string>
    <string name="notifications_permission_title">Желите да дозволите апликацији да вам шаље обавештења?</string>
    <string name="offline_dialog_image_description">Икона</string>
    <string name="offline_dialog_text">Хвала вам на интересовању.
Поделићемо више информација када поново будете онлајн.</string>
    <string name="offline_notification_title">Поново сте онлајн! Хајде да наставимо тамо где смо стали</string>
    <string name="offline_notification_title_with_advertiser">Поново сте онлајн! Сазнајте више о оглашивачу: %s</string>
    <string name="offline_opt_in_confirm">Потврди</string>
    <string name="offline_opt_in_decline">Не, хвала</string>
    <string name="offline_opt_in_message">Послаћемо вам обавештење са линком до сајта оглашавача.</string>
    <string name="offline_opt_in_title">Отворите оглас кад поново будете онлајн.</string>
    <string name="password_toggle_content_description">Прикажи лозинку</string>
    <string name="s1">Чување слике</string>
    <string name="s2">Желите ли да дозволите да оглас сачува слику у Галерији слика?</string>
    <string name="s3">Прихвати</string>
    <string name="s4">Одбиј</string>
    <string name="s5">Прављење догађаја у календару</string>
    <string name="s6">Желите ли да дозволите да оглас направи догађај у календару?</string>
    <string name="s7">Пробни оглас</string>
    <string name="search_menu_title">Претражите</string>
    <string name="status_bar_notification_info_overflow">999+</string>
    <string name="watermark_label_prefix">AdMob -</string>
</resources>