<?xml version='1.0' encoding='utf-8' ?>
<resources>
    <string name="abc_action_bar_up_description">အပေါ်သို့ ရွှေ့ရန်</string>
    <string name="abc_action_mode_done">ပြီးပြီ</string>
    <string name="abc_capital_off">ပိတ်</string>
    <string name="abc_capital_on">ဖွင့်</string>
    <string name="abc_menu_alt_shortcut_label">Alt+</string>
    <string name="abc_menu_ctrl_shortcut_label">Ctrl+</string>
    <string name="abc_menu_delete_shortcut_label">delete</string>
    <string name="abc_menu_enter_shortcut_label">enter</string>
    <string name="abc_menu_function_shortcut_label">Function+</string>
    <string name="abc_menu_meta_shortcut_label">Meta+</string>
    <string name="abc_menu_shift_shortcut_label">Shift+</string>
    <string name="abc_menu_space_shortcut_label">space</string>
    <string name="abc_menu_sym_shortcut_label">Sym+</string>
    <string name="abc_prepend_shortcut_label">Menu+</string>
    <string name="abc_search_hint">ရှာဖွေရန်…</string>
    <string name="abc_searchview_description_clear">ရှာဖွေမှုကို ဖယ်ရှားရန်</string>
    <string name="abc_searchview_description_search">ရှာရန်</string>
    <string name="abc_searchview_description_submit">ရှာဖွေစရာ အချက်အလက်ကို ပေးပို့ရန်</string>
    <string name="abc_searchview_description_voice">အသံဖြင့် ရှာရန်</string>
    <string name="abc_toolbar_collapse_description">လျှော့ပြရန်</string>
    <string name="bottomsheet_action_collapse">အောက်ခြေအပိုဆောင်း စာမျက်နှာကို ပိတ်နိုင်သည်</string>
    <string name="bottomsheet_action_expand">အောက်ခြေအပိုဆောင်း စာမျက်နှာကို ချဲ့နိုင်သည်</string>
    <string name="bottomsheet_action_expand_halfway">တစ်ဝက်ချဲ့ရန်</string>
    <string name="bottomsheet_drag_handle_clicked">ဖိဆွဲအထိန်း နှစ်ချက်တို့ထားသည်</string>
    <string name="bottomsheet_drag_handle_content_description">ဖိဆွဲအထိန်း</string>
    <string name="call_notification_answer_action">ဖုန်းကိုင်ရန်</string>
    <string name="call_notification_answer_video_action">ဗီဒီယို</string>
    <string name="call_notification_decline_action">ငြင်းပယ်ရန်</string>
    <string name="call_notification_hang_up_action">ဖုန်းချရန်</string>
    <string name="call_notification_incoming_text">အဝင်ခေါ်ဆိုမှု</string>
    <string name="call_notification_ongoing_text">လက်ရှိခေါ်ဆိုမှု</string>
    <string name="call_notification_screening_text">အဝင်ခေါ်ဆိုမှုကို စစ်ဆေးနေသည်</string>
    <string name="character_counter_content_description">စာလုံးရေ %2$d တွင် %1$d ထည့်သွင်းထားသည်</string>
    <string name="character_counter_overflowed_content_description">စာလုံးရေအကန့်အသတ် %2$d လုံးတွင် %1$d လုံးကျော်နေသည်</string>
    <string name="clear_text_end_icon_content_description">စာသား ဖယ်ရှားရန်</string>
    <string name="common_google_play_services_enable_button">ဖွင့်ရန်</string>
    <string name="common_google_play_services_enable_text">Google Play ဝန်ဆောင်မှုများကို မဖွင့်သ၍ %1$s သည်အလုပ်လုပ်မည်မဟုတ်ပါ။</string>
    <string name="common_google_play_services_enable_title">Google Play ဝန်ဆောင်မှုများ ဖွင့်ရန်</string>
    <string name="common_google_play_services_install_button">ထည့်သွင်းပါ</string>
    <string name="common_google_play_services_install_text">သင့်တက်ဘလက်တွင် Google Play ဝန်ဆောင်မှုများမရှိသောကြောင့် %1$s ကိုဖွင့်၍မရပါ။</string>
    <string name="common_google_play_services_install_title">Google Play ဝန်ဆောင်မှုများရယူရန်</string>
    <string name="common_google_play_services_notification_channel_name">Google Play ဝန်ဆောင်မှုများ ရရှိနိုင်သည်</string>
    <string name="common_google_play_services_notification_ticker">Google Play ဝန်ဆောင်မှုများ အမှား</string>
    <string name="common_google_play_services_unknown_issue">%1$s သည် Google Play ဝန်ဆောင်မှုများနှင့် ပြဿနာအနည်းငယ် ရှိနေပါသည်။ ထပ်လုပ်ကြည့်ပါ။</string>
    <string name="common_google_play_services_unsupported_text">Google Play ဝန်ဆောင်မှုများကို သင့်စက်ပစ္စည်းတွင် ပံ့ပိုးမထားသည့်အတွက် ၎င်းမရှိဘဲ %1$s ကို ဖွင့်၍မရပါ။</string>
    <string name="common_google_play_services_update_button">အပ်ဒိတ်</string>
    <string name="common_google_play_services_update_text">Google Play ဝန်ဆောင်မှုများအား အပ်ဒိတ်မလုပ်ပါက %1$s အလုပ်လုပ်မည် မဟုတ်ပါ။</string>
    <string name="common_google_play_services_update_title">Google Play ဝန်ဆောင်မှုများကို အပ်ဒိတ်လုပ်ရန်</string>
    <string name="common_google_play_services_updating_text">Google Play ဝန်ဆောင်မှုများကို လက်ရှိအပ်ဒိတ်လုပ်နေသောကြောင့် %1$s ကိုဖွင့်၍ရမည်မဟုတ်ပါ။</string>
    <string name="common_google_play_services_wear_update_text">Google Play ဝန်ဆောင်မှုဗားရှင်းအသစ်များ လိုအပ်နေသည်။ အချိန်အနည်းငယ်အကြာတွင် ၎င်းကိုယ်တိုင်အပ်ဒိတ်လုပ်ပါ လိမ့်မည်။</string>
    <string name="common_open_on_phone">ဖုန်းပေါ်မှာ ဖွင့်ပါ</string>
    <string name="common_signin_button_text">လက်မှတ်ထိုး ဝင်ရန်</string>
    <string name="common_signin_button_text_long">Google ဖြင့် လက်မှတ်ထိုးဝင်ရေ</string>
    <string name="error_icon_content_description">အမှား</string>
    <string name="exo_controls_fastforward_description">ရှေ့သို့ အမြန်သွားရန်</string>
    <string name="exo_controls_hide">ပလေယာ ခလုတ်များကို ဝှက်ရန်</string>
    <string name="exo_controls_next_description">ရှေ့သို့</string>
    <string name="exo_controls_pause_description">ခဏရပ်ရန်</string>
    <string name="exo_controls_play_description">ဖွင့်ရန်</string>
    <string name="exo_controls_previous_description">ယခင်</string>
    <string name="exo_controls_repeat_all_description">လက်ရှိမုဒ်- အားလုံးပြန်ကျော့ရန်။ ပြန်ကျော့မုဒ် ပြောင်းရန်။</string>
    <string name="exo_controls_repeat_off_description">လက်ရှိမုဒ်- ပြန်မကျော့ပါနှင့်။ ပြန်ကျော့မုဒ် ပြောင်းရန်။</string>
    <string name="exo_controls_repeat_one_description">လက်ရှိမုဒ်- တစ်ခုပြန်ကျော့ရန်။ ပြန်ကျော့မုဒ် ပြောင်းရန်။</string>
    <string name="exo_controls_rewind_description">ပြန်ရစ်ရန်</string>
    <string name="exo_controls_show">ပလေယာ ခလုတ်များကို ပြရန်</string>
    <string name="exo_controls_shuffle_off_description">ရောသမမွှေမုဒ် ဖွင့်ရန်</string>
    <string name="exo_controls_shuffle_on_description">ရောသမမွှေမုဒ် ပိတ်ရန်</string>
    <string name="exo_controls_vr_description">VR မုဒ်</string>
    <string name="exo_item_list">%1$s၊ %2$s</string>
    <string name="exo_track_bitrate">%1$.2f Mbps</string>
    <string name="exo_track_mono">မိုနို</string>
    <string name="exo_track_resolution">%1$d × %2$d</string>
    <string name="exo_track_role_alternate">အရန်</string>
    <string name="exo_track_role_closed_captions">CC</string>
    <string name="exo_track_role_commentary">ထင်မြင်သုံးသပ်ချက်</string>
    <string name="exo_track_role_supplementary">နောက်ဆက်တွဲ</string>
    <string name="exo_track_selection_auto">အလိုအလျောက်</string>
    <string name="exo_track_selection_none">မရှိ</string>
    <string name="exo_track_selection_title_audio">အသံ</string>
    <string name="exo_track_selection_title_text">စာသား</string>
    <string name="exo_track_selection_title_video">ဗီဒီယို</string>
    <string name="exo_track_stereo">စတီရီယို</string>
    <string name="exo_track_surround">ပတ်လည် အသံစနစ်</string>
    <string name="exo_track_surround_5_point_1">5.1 ပတ်လည် အသံစနစ်</string>
    <string name="exo_track_surround_7_point_1">7.1 ပတ်လည် အသံစနစ်</string>
    <string name="exo_track_unknown">အမည်မသိ</string>
    <string name="exposed_dropdown_menu_content_description">ဆွဲချမီနူးကို ပြရန်</string>
    <string name="fallback_menu_item_copy_link">လင့်ခ်ကို ကူးယူရန်</string>
    <string name="fallback_menu_item_open_in_browser">ဘရောင်ဇာတွင် ဖွင့်ရန်</string>
    <string name="fallback_menu_item_share_link">လင့်ခ်ကို မျှဝေရန်</string>
    <string name="icon_content_description">ဒိုင်ယာလော့ခ် သင်္ကေတ</string>
    <string name="item_view_role_description">တဘ်</string>
    <string name="material_clock_toggle_content_description">AM (သို့) PM ရွေးရန်</string>
    <string name="material_hour_24h_suffix">%1$s နာရီ</string>
    <string name="material_hour_selection">နာရီ ရွေးရန်</string>
    <string name="material_hour_suffix">%1$s နာရီ</string>
    <string name="material_minute_selection">မိနစ်များ ရွေးပါ</string>
    <string name="material_minute_suffix">%1$s မိနစ်</string>
    <string name="material_timepicker_am">နံနက်</string>
    <string name="material_timepicker_clock_mode_description">အချိန်ထည့်သွင်းမှုအတွက် နာရီမုဒ်သို့ ပြောင်းပါ။</string>
    <string name="material_timepicker_hour">နာရီ</string>
    <string name="material_timepicker_minute">မိနစ်</string>
    <string name="material_timepicker_pm">ညနေ</string>
    <string name="material_timepicker_select_time">အချိန်ရွေးပါ</string>
    <string name="material_timepicker_text_input_mode_description">အချိန်ထည့်သွင်းရန် စာသားထည့်သွင်းမှုမုဒ်သို့ ပြောင်းပါ။</string>
    <string name="mtrl_badge_numberless_content_description">အကြောင်းကြားချက်အသစ်</string>
    <string name="mtrl_chip_close_icon_content_description">%1$s ကို ဖယ်ရှားရန်</string>
    <string name="mtrl_exceed_max_badge_number_content_description">အကြောင်းကြားချက်အသစ် %1$d ခု အထက်</string>
    <string name="mtrl_picker_a11y_next_month">နောက်လသို့ ပြောင်းရန်</string>
    <string name="mtrl_picker_a11y_prev_month">ယခင်လသို့ ပြောင်းရန်</string>
    <string name="mtrl_picker_cancel">ပယ်ဖျက်ရန်</string>
    <string name="mtrl_picker_confirm">OK</string>
    <string name="mtrl_picker_day_of_week_column_header">ရက်ကော်လံ- %1$s</string>
    <string name="mtrl_picker_navigate_to_year_description">နှစ် %1$s သို့ လမ်းညွှန်ရန်</string>
    <string name="mtrl_picker_save">သိမ်းရန်</string>
    <string name="mtrl_picker_toggle_to_calendar_input_mode">ပြက္ခဒိန် ထည့်သွင်းမှုမုဒ်သို့ ပြောင်းရန်</string>
    <string name="mtrl_picker_toggle_to_day_selection">ရက်ရွေးချယ်ခြင်းသို့ ပြောင်းရန် တို့ပါ</string>
    <string name="mtrl_picker_toggle_to_text_input_mode">စာသား ထည့်သွင်းမှုမုဒ်သို့ ပြောင်းရန်</string>
    <string name="mtrl_picker_toggle_to_year_selection">နှစ်ရွေးချယ်ခြင်းသို့ ပြောင်းရန် တို့ပါ</string>
    <string name="mtrl_timepicker_cancel">မလုပ်တော့</string>
    <string name="mtrl_timepicker_confirm">OK</string>
    <string name="native_body">စာကိုယ်</string>
    <string name="native_headline">ခေါင်းစဉ်</string>
    <string name="native_media_view">မီဒီယာမြင်ကွင်း</string>
    <string name="notifications_permission_confirm">ခွင့်ပြုရန်</string>
    <string name="notifications_permission_decline">ခွင့်မပြုပါ</string>
    <string name="notifications_permission_title">အက်ပ်ကို သင့်ထံ အကြောင်းကြားချက် ပို့ခွင့်ပြုမလား။</string>
    <string name="offline_dialog_image_description">သင်္ကေတ</string>
    <string name="offline_dialog_text">စိတ်ဝင်စားမှုအတွက် ကျေးဇူးတင်ပါသည်။
အွန်လိုင်းပြန်ချိတ်သည့်အခါ နောက်ထပ်မျှဝေပါမည်။</string>
    <string name="offline_notification_title">အွန်လိုင်းပြန်ချိတ်သွားပါပြီ။ နောက်ဆုံးကြည့်ခဲ့သည့် နေရာမှ ပြန်ကြည့်ကြစို့</string>
    <string name="offline_notification_title_with_advertiser">အွန်လိုင်းပြန်ချိတ်သွားပါပြီ။ %s အကြောင်း ဆက်လက်လေ့လာပါ</string>
    <string name="offline_opt_in_confirm">OK</string>
    <string name="offline_opt_in_decline">မလိုပါ</string>
    <string name="offline_opt_in_message">ကြော်ငြာရှင်၏ဆိုက်သို့သွားသော လင့်ခ်တစ်ခုနှင့်အတူ အကြောင်းကြားချက်တစ်ခုကို ကျွန်ုပ်တို့ပို့ပေးပါမည်။</string>
    <string name="offline_opt_in_title">သင်အွန်လိုင်းပြန်တက်သည့်အခါ ကြော်ငြာဖွင့်ပါ။</string>
    <string name="password_toggle_content_description">စကားဝှက်ကို ပြရန်</string>
    <string name="s1">ဓာတ်ပုံကို သိမ်းရန်</string>
    <string name="s2">ကြော်ငြာအား ဓာတ်ပုံပြခန်းတွင် ပုံကိုသိမ်းဆည်းခွင့် ပြုလိုပါသလား။</string>
    <string name="s3">လက်ခံရန်</string>
    <string name="s4">ငြင်းပယ်ရန်</string>
    <string name="s5">ပြက္ခဒိန်တွင် အစီအစဉ်ထည့်သွင်းရန်</string>
    <string name="s6">ကြော်ငြာအား ပြက္ခဒိန်တွင် အစီအစဉ်ထည့်သွင်းခွင့် ပြုပါသလား။</string>
    <string name="s7">စမ်းသပ်ကြော်ငြာ</string>
    <string name="search_menu_title">ရှာဖွေမှု</string>
    <string name="status_bar_notification_info_overflow">၉၉၉+</string>
    <string name="watermark_label_prefix">AdMob -</string>
</resources>