<?xml version='1.0' encoding='utf-8' ?>
<resources>
    <string name="abc_action_bar_up_description">పైకి నావిగేట్ చేస్తుంది</string>
    <string name="abc_action_mode_done">పూర్తయింది</string>
    <string name="abc_capital_off">ఆఫ్</string>
    <string name="abc_capital_on">ఆన్</string>
    <string name="abc_menu_alt_shortcut_label">Alt+</string>
    <string name="abc_menu_ctrl_shortcut_label">Ctrl+</string>
    <string name="abc_menu_delete_shortcut_label">delete</string>
    <string name="abc_menu_enter_shortcut_label">enter</string>
    <string name="abc_menu_function_shortcut_label">Function+</string>
    <string name="abc_menu_meta_shortcut_label">Meta+</string>
    <string name="abc_menu_shift_shortcut_label">Shift+</string>
    <string name="abc_menu_space_shortcut_label">స్పేస్</string>
    <string name="abc_menu_sym_shortcut_label">Sym+</string>
    <string name="abc_prepend_shortcut_label">Menu+</string>
    <string name="abc_search_hint">సెర్చ్ చేయండి…</string>
    <string name="abc_searchview_description_clear">ప్రశ్నను తీసివేస్తుంది</string>
    <string name="abc_searchview_description_search">సెర్చ్</string>
    <string name="abc_searchview_description_submit">ప్రశ్నని సమర్పిస్తుంది</string>
    <string name="abc_searchview_description_voice">వాయిస్ సెర్చ్</string>
    <string name="abc_toolbar_collapse_description">కుదిస్తుంది</string>
    <string name="bottomsheet_action_collapse">దిగువున ఉన్న షీట్‌ను కుదిస్తుంది</string>
    <string name="bottomsheet_action_expand">దిగువున ఉన్న షీట్‌ను విస్తరిస్తుంది</string>
    <string name="bottomsheet_action_expand_halfway">సగాన్ని విస్తరింపజేయండి</string>
    <string name="bottomsheet_drag_handle_clicked">లాగే హ్యాండిల్ డబుల్-ట్యాప్ చేయబడింది</string>
    <string name="bottomsheet_drag_handle_content_description">లాగే హ్యాండిల్</string>
    <string name="call_notification_answer_action">పికప్ చేయండి</string>
    <string name="call_notification_answer_video_action">వీడియో కాల్</string>
    <string name="call_notification_decline_action">కట్ చేయండి</string>
    <string name="call_notification_hang_up_action">ముగించండి</string>
    <string name="call_notification_incoming_text">ఇన్‌కమింగ్ కాల్</string>
    <string name="call_notification_ongoing_text">కాల్ కొనసాగుతోంది</string>
    <string name="call_notification_screening_text">ఇన్‌కమింగ్ కాల్‌ను స్క్రీన్ చేయండి</string>
    <string name="character_counter_content_description">%2$dలో %1$d అక్షరాలు నమోదు చేయబడ్డాయి</string>
    <string name="character_counter_overflowed_content_description">అక్షర పరిధి %2$dలో %1$dను అధిగమించింది</string>
    <string name="clear_text_end_icon_content_description">రాసినదాన్ని తీసివేయండి</string>
    <string name="common_google_play_services_enable_button">ప్రారంభించండి</string>
    <string name="common_google_play_services_enable_text">మీరు Google Play సేవలను ప్రారంభిస్తే మినహా %1$s పని చేయదు.</string>
    <string name="common_google_play_services_enable_title">Google Play సేవలను ప్రారంభించండి</string>
    <string name="common_google_play_services_install_button">ఇన్‌స్టాల్ చేయి</string>
    <string name="common_google_play_services_install_text">%1$s Google Play సేవలు లేకుండా అమలు కాదు, ఆ సేవలు మీ పరికరంలో లేవు.</string>
    <string name="common_google_play_services_install_title">Google Play సేవలను పొందండి</string>
    <string name="common_google_play_services_notification_channel_name">Google Play సేవల లభ్యత</string>
    <string name="common_google_play_services_notification_ticker">Google Play సేవల ఎర్రర్</string>
    <string name="common_google_play_services_unknown_issue">%1$s Google Play సేవలతో సమస్య కలిగి ఉంది. దయచేసి మళ్లీ ట్రై చేయండి.</string>
    <string name="common_google_play_services_unsupported_text">%1$s Google Play సేవలు లేకుండా అమలు కాదు, ఈ సేవలకు మీ పరికరంలో మద్దతు లేదు.</string>
    <string name="common_google_play_services_update_button">అప్‌డేట్ చేయి</string>
    <string name="common_google_play_services_update_text">మీరు Google Play సేవలను నవీకరిస్తే మినహా %1$s అమలు కాదు.</string>
    <string name="common_google_play_services_update_title">Google Play సేవలను అప్‌డేట్ చేయండి</string>
    <string name="common_google_play_services_updating_text">%1$s Google Play సేవలు లేకుండా అమలు కాదు, ఆ సేవలు ప్రస్తుతం నవీకరించబడుతున్నాయి.</string>
    <string name="common_google_play_services_wear_update_text">కొత్త Google Play సేవల వెర్షన్ అవసరం. అది కొద్ది సేపట్లో దానంతట అదే అప్‌డేట్ చేయబడుతుంది.</string>
    <string name="common_open_on_phone">ఫోన్‌లో తెరువు</string>
    <string name="common_signin_button_text">సైన్ ఇన్ చేయండి</string>
    <string name="common_signin_button_text_long">Googleతో సైన్ ఇన్ చేయండి</string>
    <string name="error_icon_content_description">ఎర్రర్</string>
    <string name="exo_controls_fastforward_description">వేగంగా ఫార్వార్డ్ చేయండి</string>
    <string name="exo_controls_hide">ప్లేయర్ నియంత్రణలను దాచిపెట్టు</string>
    <string name="exo_controls_next_description">తర్వాత</string>
    <string name="exo_controls_pause_description">పాజ్ చేయండి</string>
    <string name="exo_controls_play_description">ప్లే చేయండి</string>
    <string name="exo_controls_previous_description">మునుపటి</string>
    <string name="exo_controls_repeat_all_description">ప్రస్తుత మోడ్: అన్నింటిని పునరావృతం చేయండి. పునరావృతం మోడ్‌ను టోగుల్ చేయండి.</string>
    <string name="exo_controls_repeat_off_description">ప్రస్తుత మోడ్: ఏదీ పునరావృతం చేయవద్దు. పునరావృతం మోడ్‌ను టోగుల్ చేయండి.</string>
    <string name="exo_controls_repeat_one_description">ప్రస్తుత మోడ్: ఒకదానిని పునరావృతం చేయండి. పునరావృతం మోడ్‌ను టోగుల్ చేయండి.</string>
    <string name="exo_controls_rewind_description">రివైండ్ చేయండి</string>
    <string name="exo_controls_show">ప్లేయర్ నియంత్రణలను చూపు</string>
    <string name="exo_controls_shuffle_off_description">షఫుల్ మోడ్‌ను ఎనేబుల్ చేయండి</string>
    <string name="exo_controls_shuffle_on_description">షఫుల్ మోడ్‌ను డిజేబుల్ చేయండి</string>
    <string name="exo_controls_vr_description">వర్చువల్ రియాలిటీ మోడ్</string>
    <string name="exo_item_list">%1$s, %2$s</string>
    <string name="exo_track_bitrate">%1$.2f Mbps</string>
    <string name="exo_track_mono">మోనో</string>
    <string name="exo_track_resolution">%1$d × %2$d</string>
    <string name="exo_track_role_alternate">ప్రత్యామ్నాయం</string>
    <string name="exo_track_role_closed_captions">CC</string>
    <string name="exo_track_role_commentary">వ్యాఖ్యానం</string>
    <string name="exo_track_role_supplementary">అనుబంధితం</string>
    <string name="exo_track_selection_auto">స్వీయ</string>
    <string name="exo_track_selection_none">ఏదీ కాదు</string>
    <string name="exo_track_selection_title_audio">ఆడియో</string>
    <string name="exo_track_selection_title_text">వచనం</string>
    <string name="exo_track_selection_title_video">వీడియో</string>
    <string name="exo_track_stereo">స్టీరియో</string>
    <string name="exo_track_surround">సరౌండ్ ధ్వని</string>
    <string name="exo_track_surround_5_point_1">5.1 సరౌండ్ ధ్వని</string>
    <string name="exo_track_surround_7_point_1">7.1 సరౌండ్ ధ్వని</string>
    <string name="exo_track_unknown">తెలియదు</string>
    <string name="exposed_dropdown_menu_content_description">డ్రాప్‌డౌన్ మెనూను చూపు</string>
    <string name="fallback_menu_item_copy_link">లింక్‌ను కాపీ చేయి</string>
    <string name="fallback_menu_item_open_in_browser">బ్రౌజర్‌లో తెరువు</string>
    <string name="fallback_menu_item_share_link">లింక్‌ను షేర్ చేయి</string>
    <string name="icon_content_description">డైలాగ్ చిహ్నం</string>
    <string name="item_view_role_description">ట్యాబ్</string>
    <string name="material_clock_toggle_content_description">AM లేదా PMను ఎంచుకోండి</string>
    <string name="material_hour_24h_suffix">%1$s గంటలు</string>
    <string name="material_hour_selection">గంటను ఎంచుకోండి</string>
    <string name="material_hour_suffix">%1$s అవుతుంది</string>
    <string name="material_minute_selection">నిమిషాలను ఎంచుకోండి</string>
    <string name="material_minute_suffix">%1$s నిమిషాలు</string>
    <string name="material_timepicker_am">AM</string>
    <string name="material_timepicker_clock_mode_description">సమయాన్ని నమోదు చేయడం కోసం గడియారం మోడ్‌కు మారండి.</string>
    <string name="material_timepicker_hour">గంట</string>
    <string name="material_timepicker_minute">నిమిషం</string>
    <string name="material_timepicker_pm">PM</string>
    <string name="material_timepicker_select_time">సమయాన్ని ఎంచుకోండి</string>
    <string name="material_timepicker_text_input_mode_description">సమయాన్ని నమోదు చేయడం కోసం వచన నమోదు మోడ్‌కి మారండి.</string>
    <string name="mtrl_badge_numberless_content_description">కొత్త నోటిఫికేషన్</string>
    <string name="mtrl_chip_close_icon_content_description">(%1$s)ని తీసివేస్తుంది</string>
    <string name="mtrl_exceed_max_badge_number_content_description">%1$d కంటే ఎక్కువ కొత్త నోటిఫికేషన్‌లు</string>
    <string name="mtrl_picker_a11y_next_month">వచ్చే నెలకు మార్చుతుంది</string>
    <string name="mtrl_picker_a11y_prev_month">మునుపటి నెలకు మార్చుతుంది</string>
    <string name="mtrl_picker_cancel">రద్దు చేయి</string>
    <string name="mtrl_picker_confirm">సరే</string>
    <string name="mtrl_picker_day_of_week_column_header">రోజుల నిలువు వరుస: %1$s</string>
    <string name="mtrl_picker_navigate_to_year_description">%1$sసంవత్సరానికి నావిగేట్ చేస్తుంది</string>
    <string name="mtrl_picker_save">సేవ్ చేయి</string>
    <string name="mtrl_picker_toggle_to_calendar_input_mode">క్యాలెండర్ ఇన్‌పుట్ మోడ్‌కు మారుస్తుంది</string>
    <string name="mtrl_picker_toggle_to_day_selection">'రోజును ఎంపిక చేసుకోవడం'కు మారడానికి నొక్కండి</string>
    <string name="mtrl_picker_toggle_to_text_input_mode">వచన ఇన్‌పుట్ మోడ్‌కు మారుస్తుంది</string>
    <string name="mtrl_picker_toggle_to_year_selection">'సంవత్సరాన్ని ఎంపిక చేసుకోవడం'కు మారడానికి నొక్కండి</string>
    <string name="mtrl_timepicker_cancel">రద్దు చేయండి</string>
    <string name="mtrl_timepicker_confirm">సరే</string>
    <string name="native_body">విషయం</string>
    <string name="native_headline">హెడ్‌లైన్</string>
    <string name="native_media_view">మీడియా వ్యూ</string>
    <string name="notifications_permission_confirm">అనుమతించు</string>
    <string name="notifications_permission_decline">అనుమతించవద్దు</string>
    <string name="notifications_permission_title">మీకు నోటిఫికేషన్‌లను పంపడానికి యాప్‌ను అనుమతించాలా?</string>
    <string name="offline_dialog_image_description">చిహ్నం</string>
    <string name="offline_dialog_text">ఆసక్తి చూపినందుకు మీకు ధన్యవాదాలు.
మీరు తిరిగి ఆన్‌లైన్‌లోకి వచ్చిన తర్వాత మేము మరిన్నింటిని షేర్ చేస్తాము.</string>
    <string name="offline_notification_title">మీరు తిరిగి ఆన్‌లైన్‌లోకి వచ్చారు! మనం ఎక్కడ అయితే పాజ్ చేశామో, అక్కడి నుండే కొనసాగిద్దాం</string>
    <string name="offline_notification_title_with_advertiser">మీరు తిరిగి ఆన్‌లైన్‌లోకి వచ్చారు! %s గురించి తెలుసుకోవడం కొనసాగించండి</string>
    <string name="offline_opt_in_confirm">సరే</string>
    <string name="offline_opt_in_decline">వద్దు, ధన్యవాదాలు</string>
    <string name="offline_opt_in_message">అడ్వర్టైజర్ సైట్‌కు లింక్‌ను మేము మీకు నోటిఫికేషన్‌గా పంపుతాము.</string>
    <string name="offline_opt_in_title">మీరు తిరిగి ఆన్‌లైన్‌కు వచ్చినప్పుడు యాడ్ తెరవబడుతుంది.</string>
    <string name="password_toggle_content_description">పాస్‌వర్డ్‌ను చూపు</string>
    <string name="s1">చిత్రాన్ని సేవ్ చేయండి</string>
    <string name="s2">చిత్ర గ్యాలరీలో చిత్రాన్ని స్టోరేజ్‌ చేయడానికి ప్రకటనను అనుమతించాలా?</string>
    <string name="s3">అంగీకరించండి</string>
    <string name="s4">తిరస్కరించు</string>
    <string name="s5">క్యాలెండర్ ఈవెంట్‌ను క్రియేట్ చేయండి</string>
    <string name="s6">క్యాలెండర్ ఈవెంట్‌ను క్రియేట్ చేయడానికి ప్రకటనను అనుమతించాలా?</string>
    <string name="s7">ప్రకటనను పరీక్షించండి</string>
    <string name="search_menu_title">సెర్చ్</string>
    <string name="status_bar_notification_info_overflow">999+</string>
    <string name="watermark_label_prefix">AdMob -</string>
</resources>