<?xml version='1.0' encoding='utf-8' ?>
<resources>
    <string name="applovin_agree_message">如果您选择开始使用我们的应用，请点击"继续"</string>
    <string name="applovin_alt_privacy_policy_text"></string>
    <string name="applovin_continue_button_text">继续</string>
    <string name="applovin_gdpr_advertising_partners_screen_message">如同我们在隐私政策中所表述的，在您同意的前提下，我们可能将此数据分享给以下的合作伙伴，以帮助他们提供个性化广告和内容：</string>
    <string name="applovin_gdpr_advertising_partners_screen_title">个性化广告和内容</string>
    <string name="applovin_gdpr_analytics_partners_screen_message">如同我们在隐私政策中所表述的，在您同意的前提下，我们可能将此数据分享给以下的合作伙伴，用于产品表现监测以及改进我们的产品和服务。</string>
    <string name="applovin_gdpr_analytics_partners_screen_title">产品表现监测和产品优化</string>
    <string name="applovin_gdpr_are_you_sure_screen_message">请允许我们和我们的合作伙伴使用此数据，以为您提供个性化的广告和内容，以及我们在隐私政策中列明的其他用途。

• 为您提供个性化的体验，广告和内容。

• 请支持我们的产品优化和开发

• 这将允许您参加我们的应用内促销活动</string>
    <string name="applovin_gdpr_are_you_sure_screen_title">您是否确定？</string>
    <string name="applovin_gdpr_back_button_text">返回</string>
    <string name="applovin_gdpr_learn_more_screen_bullet_1">请支持我们的免费应用！</string>
    <string name="applovin_gdpr_learn_more_screen_bullet_2">这会为您提供更个性化的体验，包括个性化广告和内容</string>
    <string name="applovin_gdpr_learn_more_screen_bullet_3">请支持我们的产品优化和开发</string>
    <string name="applovin_gdpr_learn_more_screen_bullet_4">这将允许您参加我们的应用内促销活动</string>
    <string name="applovin_gdpr_learn_more_screen_message_1">感谢您下载我们的应用！我们能为您提供更独一无二的应用内体验，如果您允许我们和我们的合作伙伴使用以下这些数据：</string>
    <string name="applovin_gdpr_learn_more_screen_message_2">您有权随时变更您的选择。如果您决定停止分享数据，您仍然可以使用应用，并且您仍然会看到广告，但广告内容会与您的兴趣匹配度下降。</string>
    <string name="applovin_gdpr_main_screen_analytics_purposes_switch_text">产品表现监测和产品优化</string>
    <string name="applovin_gdpr_main_screen_learn_more_button_text">了解更多</string>
    <string name="applovin_gdpr_main_screen_message">如同我们在隐私政策中所表述的，在您同意的前提下，我们会收集您设备的相关信息，比如IP地址和广告标识符。该数据将允许我们和我们的合作伙伴为您提供个性化的广告和内容，以及持续改善您的体验。

您可以选择允许我们和我们的合作伙伴出于下列目的使用此数据</string>
    <string name="applovin_gdpr_main_screen_personalized_advertising_purposes_switch_text">个性化的广告内容</string>
    <string name="applovin_gdpr_main_screen_pp_and_tos_switch_text">我年满16周岁，接受使用条款并知悉隐私政策应用于此。</string>
    <string name="applovin_gdpr_main_screen_privacy_policy_switch_text">我确认本人已满16周岁并已知悉和理解该隐私政策。</string>
    <string name="applovin_gdpr_main_screen_title">感谢您下载 
%s!</string>
    <string name="applovin_gdpr_understand_and_continue_button_text">我理解并同意</string>
    <string name="applovin_learn_more_screen_title">帮助我们继续保持%s免费并为您带来更多乐趣！</string>
    <string name="applovin_pp_and_tos_title">使用%s之前, 您必须同意我们的服务条款，并确认您已经阅读并知悉我们的隐私政策。</string>
    <string name="applovin_pp_title">使用%s之前, 您必须确认您已经阅读并知悉我们的隐私政策.</string>
    <string name="applovin_privacy_policy_text">隐私政策</string>
    <string name="applovin_terms_of_service_text">服务条款</string>
    <string name="applovin_terms_of_use_text">使用条款</string>
</resources>