<?xml version='1.0' encoding='utf-8' ?>
<resources>
    <string name="abc_action_bar_up_description">Kembali ke atas</string>
    <string name="abc_action_mode_done">Selesai</string>
    <string name="abc_capital_off">NONAKTIF</string>
    <string name="abc_capital_on">AKTIF</string>
    <string name="abc_menu_alt_shortcut_label">Alt+</string>
    <string name="abc_menu_ctrl_shortcut_label">Ctrl+</string>
    <string name="abc_menu_delete_shortcut_label">delete</string>
    <string name="abc_menu_enter_shortcut_label">enter</string>
    <string name="abc_menu_function_shortcut_label">Function+</string>
    <string name="abc_menu_meta_shortcut_label">Meta+</string>
    <string name="abc_menu_shift_shortcut_label">Shift+</string>
    <string name="abc_menu_space_shortcut_label">spasi</string>
    <string name="abc_menu_sym_shortcut_label">Sym+</string>
    <string name="abc_prepend_shortcut_label">Menu+</string>
    <string name="abc_search_hint">Telusuri...</string>
    <string name="abc_searchview_description_clear">Hapus kueri</string>
    <string name="abc_searchview_description_search">Telusuri</string>
    <string name="abc_searchview_description_submit">Kirim kueri</string>
    <string name="abc_searchview_description_voice">Penelusuran suara</string>
    <string name="abc_toolbar_collapse_description">Ciutkan</string>
    <string name="bottomsheet_action_collapse">Menciutkan sheet bawah</string>
    <string name="bottomsheet_action_expand">Meluaskan sheet bawah</string>
    <string name="bottomsheet_action_expand_halfway">Luaskan setengah</string>
    <string name="bottomsheet_drag_handle_clicked">Handel geser diketuk dua kali</string>
    <string name="bottomsheet_drag_handle_content_description">Handel geser</string>
    <string name="call_notification_answer_action">Jawab</string>
    <string name="call_notification_answer_video_action">Video</string>
    <string name="call_notification_decline_action">Tolak</string>
    <string name="call_notification_hang_up_action">Tutup</string>
    <string name="call_notification_incoming_text">Panggilan masuk</string>
    <string name="call_notification_ongoing_text">Panggilan sedang berlangsung</string>
    <string name="call_notification_screening_text">Menyaring panggilan masuk</string>
    <string name="character_counter_content_description">Karakter yang dimasukkan %1$d dari %2$d</string>
    <string name="character_counter_overflowed_content_description">Melebihi batas karakter %1$d dari %2$d</string>
    <string name="clear_text_end_icon_content_description">Menghapus teks</string>
    <string name="common_google_play_services_enable_button">Aktifkan</string>
    <string name="common_google_play_services_enable_text">%1$s tidak akan berfungsi jika layanan Google Play tidak diaktifkan.</string>
    <string name="common_google_play_services_enable_title">Aktifkan layanan Google Play</string>
    <string name="common_google_play_services_install_button">Instal</string>
    <string name="common_google_play_services_install_text">%1$s tidak akan berjalan tanpa layanan Google Play, yang tidak ada di perangkat Anda.</string>
    <string name="common_google_play_services_install_title">Dapatkan layanan Google Play</string>
    <string name="common_google_play_services_notification_channel_name">Ketersediaan layanan Google Play</string>
    <string name="common_google_play_services_notification_ticker">Kesalahan layanan Google Play</string>
    <string name="common_google_play_services_unknown_issue">%1$s mengalami masalah dengan layanan Google Play. Coba lagi.</string>
    <string name="common_google_play_services_unsupported_text">%1$s tidak akan berjalan tanpa layanan Google Play, yang tidak didukung oleh perangkat Anda.</string>
    <string name="common_google_play_services_update_button">Update</string>
    <string name="common_google_play_services_update_text">%1$s tidak akan berjalan jika layanan Google Play tidak diperbarui.</string>
    <string name="common_google_play_services_update_title">Perbarui layanan Google Play</string>
    <string name="common_google_play_services_updating_text">%1$s tidak akan berjalan tanpa layanan Google Play, yang saat ini sedang diperbarui.</string>
    <string name="common_google_play_services_wear_update_text">Perlu versi baru layanan Google Play. Akan segera memperbarui sendiri.</string>
    <string name="common_open_on_phone">Buka di ponsel</string>
    <string name="common_signin_button_text">Login</string>
    <string name="common_signin_button_text_long">Login dengan Google</string>
    <string name="error_icon_content_description">Error</string>
    <string name="exo_controls_fastforward_description">Maju cepat</string>
    <string name="exo_controls_hide">Menyembunyikan kontrol pemutar</string>
    <string name="exo_controls_next_description">Berikutnya</string>
    <string name="exo_controls_pause_description">Jeda</string>
    <string name="exo_controls_play_description">Putar</string>
    <string name="exo_controls_previous_description">Sebelumnya</string>
    <string name="exo_controls_repeat_all_description">Mode saat ini: Ulang semua. Alihkan mode berulang.</string>
    <string name="exo_controls_repeat_off_description">Mode saat ini: Tidak berulang. Alihkan mode berulang.</string>
    <string name="exo_controls_repeat_one_description">Mode saat ini: Ulang sekali. Alihkan mode berulang.</string>
    <string name="exo_controls_rewind_description">Putar Ulang</string>
    <string name="exo_controls_show">Menampilkan kontrol pemutar</string>
    <string name="exo_controls_shuffle_off_description">Aktifkan mode acak</string>
    <string name="exo_controls_shuffle_on_description">Nonaktifkan mode acak</string>
    <string name="exo_controls_vr_description">Mode VR</string>
    <string name="exo_item_list">%1$s, %2$s</string>
    <string name="exo_track_bitrate">%1$.2f Mbps</string>
    <string name="exo_track_mono">Mono</string>
    <string name="exo_track_resolution">%1$d × %2$d</string>
    <string name="exo_track_role_alternate">Alternatif</string>
    <string name="exo_track_role_closed_captions">CC</string>
    <string name="exo_track_role_commentary">Komentar</string>
    <string name="exo_track_role_supplementary">Tambahan</string>
    <string name="exo_track_selection_auto">Otomatis</string>
    <string name="exo_track_selection_none">Tidak ada</string>
    <string name="exo_track_selection_title_audio">Audio</string>
    <string name="exo_track_selection_title_text">Teks</string>
    <string name="exo_track_selection_title_video">Video</string>
    <string name="exo_track_stereo">Stereo</string>
    <string name="exo_track_surround">Suara surround</string>
    <string name="exo_track_surround_5_point_1">5.1 surround sound</string>
    <string name="exo_track_surround_7_point_1">7.1 surround sound</string>
    <string name="exo_track_unknown">Tidak diketahui</string>
    <string name="exposed_dropdown_menu_content_description">Tampilkan menu dropdown</string>
    <string name="fallback_menu_item_copy_link">Salin link</string>
    <string name="fallback_menu_item_open_in_browser">Buka di browser</string>
    <string name="fallback_menu_item_share_link">Bagikan link</string>
    <string name="icon_content_description">Ikon Dialog</string>
    <string name="item_view_role_description">Tab</string>
    <string name="material_clock_toggle_content_description">Pilih AM atau PM</string>
    <string name="material_hour_24h_suffix">%1$s jam</string>
    <string name="material_hour_selection">Pilih jam</string>
    <string name="material_hour_suffix">Pukul %1$s</string>
    <string name="material_minute_selection">Pilih menit</string>
    <string name="material_minute_suffix">%1$s menit</string>
    <string name="material_timepicker_am">AM</string>
    <string name="material_timepicker_clock_mode_description">Beralih ke mode jam untuk masukan waktu.</string>
    <string name="material_timepicker_hour">Jam</string>
    <string name="material_timepicker_minute">Menit</string>
    <string name="material_timepicker_pm">PM</string>
    <string name="material_timepicker_select_time">Pilih waktu</string>
    <string name="material_timepicker_text_input_mode_description">Beralih ke mode masukan teks untuk masukan waktu.</string>
    <string name="mtrl_badge_numberless_content_description">Notifikasi baru</string>
    <string name="mtrl_chip_close_icon_content_description">Menghapus %1$s</string>
    <string name="mtrl_exceed_max_badge_number_content_description">Lebih dari %1$d notifikasi baru</string>
    <string name="mtrl_picker_a11y_next_month">Ubah ke bulan berikutnya</string>
    <string name="mtrl_picker_a11y_prev_month">Ubah ke bulan sebelumnya</string>
    <string name="mtrl_picker_cancel">Batal</string>
    <string name="mtrl_picker_confirm">Oke</string>
    <string name="mtrl_picker_day_of_week_column_header">Kolom hari: %1$s</string>
    <string name="mtrl_picker_navigate_to_year_description">Buka tahun %1$s</string>
    <string name="mtrl_picker_save">Simpan</string>
    <string name="mtrl_picker_toggle_to_calendar_input_mode">Beralih ke mode masukan kalender</string>
    <string name="mtrl_picker_toggle_to_day_selection">Ketuk untuk beralih ke memilih hari</string>
    <string name="mtrl_picker_toggle_to_text_input_mode">Beralih ke mode masukan teks</string>
    <string name="mtrl_picker_toggle_to_year_selection">Ketuk untuk beralih ke memilih tahun</string>
    <string name="mtrl_timepicker_cancel">Batal</string>
    <string name="mtrl_timepicker_confirm">Oke</string>
    <string name="native_body">Isi</string>
    <string name="native_headline">Judul</string>
    <string name="native_media_view">Tampilan Media</string>
    <string name="notifications_permission_confirm">Izinkan</string>
    <string name="notifications_permission_decline">Jangan izinkan</string>
    <string name="notifications_permission_title">Izinkan aplikasi mengirim notifikasi kepada Anda?</string>
    <string name="offline_dialog_image_description">Ikon</string>
    <string name="offline_dialog_text">Terima kasih atas minat Anda.
Kami akan membagikan lebih banyak informasi setelah Anda kembali online.</string>
    <string name="offline_notification_title">Anda kembali online. Mari kita lanjutkan progres sebelumnya</string>
    <string name="offline_notification_title_with_advertiser">Anda kembali online. Lanjutkan mempelajari tentang %s</string>
    <string name="offline_opt_in_confirm">Oke</string>
    <string name="offline_opt_in_decline">Tidak</string>
    <string name="offline_opt_in_message">Kami akan mengirimkan notifikasi kepada Anda berisi link ke situs pengiklan.</string>
    <string name="offline_opt_in_title">Buka iklan ketika Anda kembali online.</string>
    <string name="password_toggle_content_description">Tampilkan sandi</string>
    <string name="s1">Simpan gambar</string>
    <string name="s2">Izinkan Iklan menyimpan gambar di Galeri foto?</string>
    <string name="s3">Terima</string>
    <string name="s4">Tolak</string>
    <string name="s5">Buat acara kalender</string>
    <string name="s6">Izinkan Iklan membuat acara kalender?</string>
    <string name="s7">Tes Iklan</string>
    <string name="search_menu_title">Telusuri</string>
    <string name="status_bar_notification_info_overflow">999+</string>
    <string name="watermark_label_prefix">AdMob -</string>
</resources>