<?xml version='1.0' encoding='utf-8' ?>
<resources>
    <string name="abc_action_bar_up_description">উপরে নেভিগেট করুন</string>
    <string name="abc_action_mode_done">হয়ে গেছে</string>
    <string name="abc_capital_off">বন্ধ আছে</string>
    <string name="abc_capital_on">চালু করুন</string>
    <string name="abc_menu_alt_shortcut_label">Alt+</string>
    <string name="abc_menu_ctrl_shortcut_label">Ctrl+</string>
    <string name="abc_menu_delete_shortcut_label">মুছুন</string>
    <string name="abc_menu_enter_shortcut_label">enter</string>
    <string name="abc_menu_function_shortcut_label">Function+</string>
    <string name="abc_menu_meta_shortcut_label">Meta+</string>
    <string name="abc_menu_shift_shortcut_label">Shift+</string>
    <string name="abc_menu_space_shortcut_label">space</string>
    <string name="abc_menu_sym_shortcut_label">Sym+</string>
    <string name="abc_prepend_shortcut_label">Menu+</string>
    <string name="abc_search_hint">সার্চ করুন…</string>
    <string name="abc_searchview_description_clear">কোয়েরি মুছে ফেলুন</string>
    <string name="abc_searchview_description_search">সার্চ করুন</string>
    <string name="abc_searchview_description_submit">কোয়েরি জমা দিন</string>
    <string name="abc_searchview_description_voice">ভয়েস সার্চ করুন</string>
    <string name="abc_toolbar_collapse_description">সঙ্কুচিত করুন</string>
    <string name="bottomsheet_action_collapse">স্ক্রিনের নিচে অ্যাটাচ করা শিট আড়াল করুন</string>
    <string name="bottomsheet_action_expand">স্ক্রিনের নিচে অ্যাটাচ করা শিট বড় করুন</string>
    <string name="bottomsheet_action_expand_halfway">অর্ধেক প্রসারিত করুন</string>
    <string name="bottomsheet_drag_handle_clicked">টেনে আনার হ্যান্ডেলে ডবল ট্যাপ করা হয়েছে</string>
    <string name="bottomsheet_drag_handle_content_description">টেনে আনার হ্যান্ডেল</string>
    <string name="call_notification_answer_action">উত্তর দিন</string>
    <string name="call_notification_answer_video_action">ভিডিও</string>
    <string name="call_notification_decline_action">বাতিল করুন</string>
    <string name="call_notification_hang_up_action">কল কেটে দিন</string>
    <string name="call_notification_incoming_text">ইনকামিং কল</string>
    <string name="call_notification_ongoing_text">চালু থাকা কল</string>
    <string name="call_notification_screening_text">ইনকামিং কল স্ক্রিনিং করা হচ্ছে</string>
    <string name="character_counter_content_description">%2$dটির মধ্যে %1$dটি অক্ষর লেখা হয়েছে</string>
    <string name="character_counter_overflowed_content_description">অক্ষরের সীমা %1$d এর %2$d অতিক্রম করেছে</string>
    <string name="clear_text_end_icon_content_description">টেক্সট মুছুন</string>
    <string name="common_google_play_services_enable_button">সক্ষম করুন</string>
    <string name="common_google_play_services_enable_text">আপনি Google Play পরিষেবা সক্ষম না করা পর্যন্ত %1$s কাজ করবে না।</string>
    <string name="common_google_play_services_enable_title">Google Play পরিষেবা সক্ষম করুন</string>
    <string name="common_google_play_services_install_button">ইনস্টল করুন</string>
    <string name="common_google_play_services_install_text">Google Play পরিষেবা ছাড়া %1$s চলবে না, যা আপনার ডিভাইসে অনুপস্থিত।</string>
    <string name="common_google_play_services_install_title">Google Play পরিষেবা পান</string>
    <string name="common_google_play_services_notification_channel_name">Google Play পরিষেবার উপলভ্যতা</string>
    <string name="common_google_play_services_notification_ticker">Google Play পরিষেবার ত্রুটি</string>
    <string name="common_google_play_services_unknown_issue">Google Play পরিষেবাগুলির সাথে %1$s এর সমস্যা হচ্ছে৷ অনুগ্রহ করে আবার চেষ্টা করুন৷</string>
    <string name="common_google_play_services_unsupported_text">Google Play পরিষেবা ছাড়া %1$s চলবে না, যেটি আপনার ডিভাইসে সমর্থিত নয়৷</string>
    <string name="common_google_play_services_update_button">আপডেট করুন</string>
    <string name="common_google_play_services_update_text">আপনি Google Play পরিষেবা আপডেট না করা পর্যন্ত %1$s চলবে না।</string>
    <string name="common_google_play_services_update_title">Google Play পরিষেবা আপডেট করুন</string>
    <string name="common_google_play_services_updating_text">Google Play পরিষেবা ছাড়া %1$s চলবে না যা বর্তমানে আপডেট হচ্ছে।</string>
    <string name="common_google_play_services_wear_update_text">Google Play পরিষেবার নতুন ভার্সন প্রয়োজন৷ খুব শীঘ্রই এটা নিজেই আপডেট হবে৷</string>
    <string name="common_open_on_phone">ফোনে খুলুন</string>
    <string name="common_signin_button_text">সাইন-ইন করুন</string>
    <string name="common_signin_button_text_long">Google এর মাধ্যমে সাইন-ইন করুন</string>
    <string name="error_icon_content_description">সমস্যা</string>
    <string name="exo_controls_fastforward_description">দ্রুত এগিয়ে যান</string>
    <string name="exo_controls_hide">প্লেয়ার নিয়ন্ত্রণগুলি লুকান</string>
    <string name="exo_controls_next_description">পরবর্তী</string>
    <string name="exo_controls_pause_description">পজ করুন</string>
    <string name="exo_controls_play_description">চালান</string>
    <string name="exo_controls_previous_description">পূর্ববর্তী</string>
    <string name="exo_controls_repeat_all_description">'বর্তমান' মোড: সব রিপিট হয়। 'রিপিট' মোড টগল হয়।</string>
    <string name="exo_controls_repeat_off_description">'বর্তমান' মোড: রিপিট হয় না। 'রিপিট' মোড টগল হয়।</string>
    <string name="exo_controls_repeat_one_description">'বর্তমান' মোড: একটি রিপিট হয়। 'রিপিট' মোড টগল হয়।</string>
    <string name="exo_controls_rewind_description">পিছিয়ে যান</string>
    <string name="exo_controls_show">প্লেয়ার নিয়ন্ত্রণগুলি দেখুন</string>
    <string name="exo_controls_shuffle_off_description">'শাফেল' মোড চালু করে</string>
    <string name="exo_controls_shuffle_on_description">'শাফেল' মোড বন্ধ করে</string>
    <string name="exo_controls_vr_description">ভিআর মোড</string>
    <string name="exo_item_list">%1$s, %2$s</string>
    <string name="exo_track_bitrate">%1$.2f এমবিপিএস</string>
    <string name="exo_track_mono">মোনো</string>
    <string name="exo_track_resolution">%1$d × %2$d</string>
    <string name="exo_track_role_alternate">বিকল্প</string>
    <string name="exo_track_role_closed_captions">CC</string>
    <string name="exo_track_role_commentary">ধারাভাষ্য</string>
    <string name="exo_track_role_supplementary">অতিরিক্ত</string>
    <string name="exo_track_selection_auto">অটো</string>
    <string name="exo_track_selection_none">কোনওটিই নয়</string>
    <string name="exo_track_selection_title_audio">অডিও</string>
    <string name="exo_track_selection_title_text">টেক্সট</string>
    <string name="exo_track_selection_title_video">ভিডিও</string>
    <string name="exo_track_stereo">স্টিরিও</string>
    <string name="exo_track_surround">সারাউন্ড সাউন্ড</string>
    <string name="exo_track_surround_5_point_1">5.1 সারাউন্ড সাউন্ড</string>
    <string name="exo_track_surround_7_point_1">7.1 সারাউন্ড সাউন্ড</string>
    <string name="exo_track_unknown">অজানা</string>
    <string name="exposed_dropdown_menu_content_description">ড্রপ-ডাউন মেনু দেখুন</string>
    <string name="fallback_menu_item_copy_link">লিঙ্ক কপি করুন</string>
    <string name="fallback_menu_item_open_in_browser">ব্রাউজারে খুলুন</string>
    <string name="fallback_menu_item_share_link">লিঙ্ক শেয়ার করুন</string>
    <string name="icon_content_description">ডায়ালগ আইকন</string>
    <string name="item_view_role_description">ট্যাব</string>
    <string name="material_clock_toggle_content_description">AM অথবা PM বেছে নিন</string>
    <string name="material_hour_24h_suffix">%1$s ঘণ্টা</string>
    <string name="material_hour_selection">ঘণ্টা বেছে নিন</string>
    <string name="material_hour_suffix">%1$sটা বাজে</string>
    <string name="material_minute_selection">মিনিট বেছে নিন</string>
    <string name="material_minute_suffix">%1$s মিনিট</string>
    <string name="material_timepicker_am">AM</string>
    <string name="material_timepicker_clock_mode_description">সময় ইনপুট দেওয়ার জন্য ঘড়ি মোডে যান।</string>
    <string name="material_timepicker_hour">ঘণ্টা</string>
    <string name="material_timepicker_minute">মিনিট</string>
    <string name="material_timepicker_pm">PM</string>
    <string name="material_timepicker_select_time">সময় বেছে নিন</string>
    <string name="material_timepicker_text_input_mode_description">সময় ইনপুট দেওয়ার জন্য পাঠ্য ইনপুট মোডে যান।</string>
    <string name="mtrl_badge_numberless_content_description">নতুন বিজ্ঞপ্তি</string>
    <string name="mtrl_chip_close_icon_content_description">%1$s সরিয়ে দিন</string>
    <string name="mtrl_exceed_max_badge_number_content_description">%1$dটির বেশি নতুন বিজ্ঞপ্তি</string>
    <string name="mtrl_picker_a11y_next_month">আগামী মাসে যান</string>
    <string name="mtrl_picker_a11y_prev_month">আগের মাসে যান</string>
    <string name="mtrl_picker_cancel">বাতিল করুন</string>
    <string name="mtrl_picker_confirm">ঠিক আছে</string>
    <string name="mtrl_picker_day_of_week_column_header">সপ্তাহের দিনগুলির কলাম: %1$s</string>
    <string name="mtrl_picker_navigate_to_year_description">নেভিগেট করে %1$s সালে যান</string>
    <string name="mtrl_picker_save">সেভ করুন</string>
    <string name="mtrl_picker_toggle_to_calendar_input_mode">ক্যালেন্ডার ইনপুট মোডে বদল করুন</string>
    <string name="mtrl_picker_toggle_to_day_selection">দিন বেছে নেওয়ার মোডে বদল করতে ট্যাপ করুন</string>
    <string name="mtrl_picker_toggle_to_text_input_mode">টেক্সট ইনপুট মোডে বদল করুন</string>
    <string name="mtrl_picker_toggle_to_year_selection">বছর বেছে নেওয়ার মোডে বদল করতে ট্যাপ করুন</string>
    <string name="mtrl_timepicker_cancel">বাতিল করুন</string>
    <string name="mtrl_timepicker_confirm">ঠিক আছে</string>
    <string name="native_body">মূল অংশ</string>
    <string name="native_headline">শীর্ষক</string>
    <string name="native_media_view">মিডিয়া ভিউ</string>
    <string name="notifications_permission_confirm">অনুমতি দিন</string>
    <string name="notifications_permission_decline">অনুমতি দেবেন না</string>
    <string name="notifications_permission_title">আপনাকে বিজ্ঞপ্তি পাঠানোর জন্য অ্যাপকে অনুমতি দেবেন?</string>
    <string name="offline_dialog_image_description">আইকন</string>
    <string name="offline_dialog_text">আপনার আগ্রহের জন্য ধন্যবাদ।
আপনি অনলাইন হলেই, আমরা আরও কিছু শেয়ার করব।</string>
    <string name="offline_notification_title">আপনি আবার অনলাইন হয়েছেন! আমরা যেখানে শেষ করেছিলাম সেখান থেকেই শুরু করা যাক</string>
    <string name="offline_notification_title_with_advertiser">আপনি আবার অনলাইন হয়েছেন! %s-এর বিষয়ে শিখতে থাকুন</string>
    <string name="offline_opt_in_confirm">বুঝেছি</string>
    <string name="offline_opt_in_decline">না থাক</string>
    <string name="offline_opt_in_message">আমরা বিজ্ঞাপনদাতার সাইটে লিঙ্ক সহ একটি বিজ্ঞপ্তি পাঠাব।</string>
    <string name="offline_opt_in_title">আপনি আবার যখন অনলাইন হবেন তখন বিজ্ঞাপনে ক্লিক করুন।</string>
    <string name="password_toggle_content_description">পাসওয়ার্ড দেখান</string>
    <string name="s1">ছবি সেভ করুন</string>
    <string name="s2">বিজ্ঞাপনকে ছবির গ্যালারিতে ছবি সংরক্ষণ করার অনুমতি দেবেন?</string>
    <string name="s3">গ্রহণ করুন</string>
    <string name="s4">প্রত্যাখ্যান করুন</string>
    <string name="s5">ক্যালেন্ডার ইভেন্ট তৈরি করুন</string>
    <string name="s6">বিজ্ঞাপনকে একটি ক্যালেন্ডার ইভেন্ট তৈরি করার অনুমতি দেবেন?</string>
    <string name="s7">পরীক্ষামূলক বিজ্ঞাপন</string>
    <string name="search_menu_title">সার্চ করুন</string>
    <string name="status_bar_notification_info_overflow">৯৯৯+</string>
    <string name="watermark_label_prefix">AdMob -</string>
</resources>