<?xml version='1.0' encoding='utf-8' ?>
<resources>
    <string name="abc_action_bar_up_description">រំកិលឡើងលើ</string>
    <string name="abc_action_mode_done">រួចរាល់</string>
    <string name="abc_capital_off">បិទ</string>
    <string name="abc_capital_on">បើក</string>
    <string name="abc_menu_alt_shortcut_label">Alt+</string>
    <string name="abc_menu_ctrl_shortcut_label">Ctrl+</string>
    <string name="abc_menu_delete_shortcut_label">លុប</string>
    <string name="abc_menu_enter_shortcut_label">enter</string>
    <string name="abc_menu_function_shortcut_label">Function+</string>
    <string name="abc_menu_meta_shortcut_label">Meta+</string>
    <string name="abc_menu_shift_shortcut_label">Shift+</string>
    <string name="abc_menu_space_shortcut_label">space</string>
    <string name="abc_menu_sym_shortcut_label">Sym+</string>
    <string name="abc_prepend_shortcut_label">Menu+</string>
    <string name="abc_search_hint">ស្វែងរក…</string>
    <string name="abc_searchview_description_clear">សម្អាត​សំណួរ</string>
    <string name="abc_searchview_description_search">ស្វែងរក</string>
    <string name="abc_searchview_description_submit">ដាក់បញ្ជូន​សំណួរ</string>
    <string name="abc_searchview_description_voice">ស្វែងរក​តាម​សំឡេង</string>
    <string name="abc_toolbar_collapse_description">បង្រួម</string>
    <string name="bottomsheet_action_collapse">បង្រួមសន្លឹក​ខាងក្រោម</string>
    <string name="bottomsheet_action_expand">ពង្រីកសន្លឹក​ខាងក្រោម</string>
    <string name="bottomsheet_action_expand_halfway">ពង្រីក​ពាក់កណ្ដាល</string>
    <string name="bottomsheet_drag_handle_clicked">បានប៉ះដង​អូស​ពីរដង</string>
    <string name="bottomsheet_drag_handle_content_description">ដង​អូស</string>
    <string name="call_notification_answer_action">ឆ្លើយ</string>
    <string name="call_notification_answer_video_action">វីដេអូ</string>
    <string name="call_notification_decline_action">បដិសេធ</string>
    <string name="call_notification_hang_up_action">ដាក់​ចុះ</string>
    <string name="call_notification_incoming_text">ការ​ហៅ​ចូល</string>
    <string name="call_notification_ongoing_text">ការ​ហៅដែលកំពុងដំណើរការ</string>
    <string name="call_notification_screening_text">កំពុងពិនិត្យការ​ហៅ​ចូល</string>
    <string name="character_counter_content_description">តួ​អក្សរ​បាន​បញ្ចូល​ %1$d នៃ %2$d</string>
    <string name="character_counter_overflowed_content_description">ដែនកំណត់តួអក្សរបានលើស %1$d នៃ %2$d</string>
    <string name="clear_text_end_icon_content_description">សម្អាតអក្សរ</string>
    <string name="common_google_play_services_enable_button">បើក</string>
    <string name="common_google_play_services_enable_text">%1$s នឹងមិនដំណើរការទេ លុះត្រាតែអ្នកបើកសេវាកម្ម Google Play។</string>
    <string name="common_google_play_services_enable_title">បើកសេវាកម្ម Google Play</string>
    <string name="common_google_play_services_install_button">ដំឡើង</string>
    <string name="common_google_play_services_install_text">%1$s នឹងមិនដំណើរការទេ ប្រសិនបើមិនមានសេវាកម្មនានារបស់ Google Play ដែលបានបាត់ពីឧបករណ៍របស់អ្នក។</string>
    <string name="common_google_play_services_install_title">ទាញយកសេវាកម្ម Google Play</string>
    <string name="common_google_play_services_notification_channel_name">លទ្ធភាព​ប្រើប្រាស់សេវាកម្ម Google Play</string>
    <string name="common_google_play_services_notification_ticker">កំហុស​​សេវាកម្ម​ Google កម្សាន្ត</string>
    <string name="common_google_play_services_unknown_issue">%1$s កំពុងមានបញ្ហាជាមួយសេវាកម្មរបស់ Google Play ។ សូមព្យាយាមម្តងទៀតនៅពេលក្រោយ។</string>
    <string name="common_google_play_services_unsupported_text">%1$s នឹងមិនដំណើរការដោយគ្មានសេវាកម្មរបស់ Google Play ដែលឧបករណ៍របស់អ្នកមិនគាំទ្រនោះទេ។</string>
    <string name="common_google_play_services_update_button">ធ្វើបច្ចុប្បន្នភាព</string>
    <string name="common_google_play_services_update_text">%1$s នឹងមិនដំណើរការទេ លុះត្រាតែអ្នកធ្វើបច្ចុប្បន្នភាពសេវាកម្ម Google Play។</string>
    <string name="common_google_play_services_update_title">អាប់ដេតសេវាកម្ម Google Play</string>
    <string name="common_google_play_services_updating_text">%1$s នឹងមិនដំណើរការទេ បើមិនមានសេវាកម្ម Google Play ដោយសារតែវាកំពុងអាប់ដេត។</string>
    <string name="common_google_play_services_wear_update_text">តម្រូវឲ្យមានកំណែថ្មីនៃសេវាកម្ម Google Play។ វានឹងអាប់ដេតដោយខ្លួនវានៅពេលបន្តិចទៀតនេះ។</string>
    <string name="common_open_on_phone">បើកតាមទូរស័ព្ទ</string>
    <string name="common_signin_button_text">ចូល</string>
    <string name="common_signin_button_text_long">ចូលដោយប្រើ Google</string>
    <string name="error_icon_content_description">បញ្ហា</string>
    <string name="exo_controls_fastforward_description">ទៅ​មុខ​​​រហ័ស</string>
    <string name="exo_controls_hide">លាក់ការគ្រប់គ្រងកម្មវិធីចាក់ចម្រៀង</string>
    <string name="exo_controls_next_description">បន្ទាប់</string>
    <string name="exo_controls_pause_description">ផ្អាក</string>
    <string name="exo_controls_play_description">លេង</string>
    <string name="exo_controls_previous_description">មុន</string>
    <string name="exo_controls_repeat_all_description">មុខងារបច្ចុប្បន្ន៖ ចាក់ឡើងវិញទាំងអស់។ បិទ/បើកមុខងារចាក់ឡើងវិញ។</string>
    <string name="exo_controls_repeat_off_description">មុខងារបច្ចុប្បន្ន៖ មិនចាក់ឡើងវិញ។ បិទ/បើកមុខងារចាក់ឡើងវិញ។</string>
    <string name="exo_controls_repeat_one_description">មុខងារបច្ចុប្បន្ន៖ ចាក់ឡើងវិញមួយ។ បិទ/បើកមុខងារចាក់ឡើងវិញ។</string>
    <string name="exo_controls_rewind_description">ខា​ថយ​ក្រោយ</string>
    <string name="exo_controls_show">បង្ហាញការគ្រប់គ្រងកម្មវិធីចាក់ចម្រៀង</string>
    <string name="exo_controls_shuffle_off_description">បើក​មុខងារច្របល់</string>
    <string name="exo_controls_shuffle_on_description">បិទ​មុខងារច្របល់</string>
    <string name="exo_controls_vr_description">មុខងារ VR</string>
    <string name="exo_item_list">%1$s, %2$s</string>
    <string name="exo_track_bitrate">%1$.2f Mbps</string>
    <string name="exo_track_mono">ម៉ូ​ណូ</string>
    <string name="exo_track_resolution">%1$d × %2$d</string>
    <string name="exo_track_role_alternate">ជំនួស</string>
    <string name="exo_track_role_closed_captions">អក្សររត់</string>
    <string name="exo_track_role_commentary">ការអត្ថាធិប្បាយ</string>
    <string name="exo_track_role_supplementary">បំពេញបន្ថែម</string>
    <string name="exo_track_selection_auto">ស្វ័យប្រវត្តិ</string>
    <string name="exo_track_selection_none">គ្មាន</string>
    <string name="exo_track_selection_title_audio">សំឡេង</string>
    <string name="exo_track_selection_title_text">អក្សរ</string>
    <string name="exo_track_selection_title_video">វីដេអូ</string>
    <string name="exo_track_stereo">ស្តេរ៉េអូ</string>
    <string name="exo_track_surround">សំឡេង​រងំ</string>
    <string name="exo_track_surround_5_point_1">សំឡេង​រងំ​ខ្នាត 5.1</string>
    <string name="exo_track_surround_7_point_1">សំឡេង​រងំ​ខ្នាត 7.1</string>
    <string name="exo_track_unknown">មិនស្គាល់</string>
    <string name="exposed_dropdown_menu_content_description">បង្ហាញ​ម៉ឺនុយ​ធ្លាក់ចុះ</string>
    <string name="fallback_menu_item_copy_link">ចម្លង​តំណ</string>
    <string name="fallback_menu_item_open_in_browser">បើក​នៅក្នុង​កម្មវិធី​រុករកតាម​អ៊ីនធឺណិត</string>
    <string name="fallback_menu_item_share_link">តំណចែករំលែក</string>
    <string name="icon_content_description">រូប​ប្រអប់បញ្ចូល</string>
    <string name="item_view_role_description">ផ្ទាំង</string>
    <string name="material_clock_toggle_content_description">ជ្រើសរើស AM ឬ PM</string>
    <string name="material_hour_24h_suffix">%1$s ម៉ោង</string>
    <string name="material_hour_selection">ជ្រើសរើសម៉ោង</string>
    <string name="material_hour_suffix">ម៉ោង %1$s</string>
    <string name="material_minute_selection">ជ្រើស​នាទី</string>
    <string name="material_minute_suffix">%1$s នាទី</string>
    <string name="material_timepicker_am">ព្រឹក</string>
    <string name="material_timepicker_clock_mode_description">ប្តូរ​ទៅ​មុខងារ​នាឡិកា​សម្រាប់​ការ​បញ្ចូល​ម៉ោង។</string>
    <string name="material_timepicker_hour">ម៉ោង</string>
    <string name="material_timepicker_minute">នាទី​</string>
    <string name="material_timepicker_pm">ល្ងាច</string>
    <string name="material_timepicker_select_time">ជ្រើស​ម៉ោង</string>
    <string name="material_timepicker_text_input_mode_description">ប្តូរ​ទៅ​មុខងារ​បញ្ចូល​អក្សរ​សម្រាប់​ការ​បញ្ចូល​ម៉ោង។</string>
    <string name="mtrl_badge_numberless_content_description">ការជូនដំណឹងថ្មី</string>
    <string name="mtrl_chip_close_icon_content_description">លុប %1$s</string>
    <string name="mtrl_exceed_max_badge_number_content_description">ការជូនដំណឹង​ថ្មីៗ​លើស %1$d ហើយ</string>
    <string name="mtrl_picker_a11y_next_month">ប្ដូរ​ទៅ​ខែបន្ទាប់</string>
    <string name="mtrl_picker_a11y_prev_month">ប្ដូរ​ទៅ​ខែមុន</string>
    <string name="mtrl_picker_cancel">បោះ​បង់</string>
    <string name="mtrl_picker_confirm">យល់ព្រម</string>
    <string name="mtrl_picker_day_of_week_column_header">ជួរឈរ​នៃ​ថ្ងៃ៖ %1$s</string>
    <string name="mtrl_picker_navigate_to_year_description">ប្ដូរទៅ​ឆ្នាំ %1$s</string>
    <string name="mtrl_picker_save">រក្សាទុក</string>
    <string name="mtrl_picker_toggle_to_calendar_input_mode">ប្ដូរទៅ​របៀប​បញ្ចូល​ប្រតិទិន</string>
    <string name="mtrl_picker_toggle_to_day_selection">ចុច​ដើម្បីប្ដូរទៅ​ការជ្រើសរើសថ្ងៃ</string>
    <string name="mtrl_picker_toggle_to_text_input_mode">ប្ដូរទៅ​របៀប​បញ្ចូល​អក្សរ</string>
    <string name="mtrl_picker_toggle_to_year_selection">ចុច​ដើម្បីប្ដូរទៅ​ការជ្រើសរើសឆ្នាំ</string>
    <string name="mtrl_timepicker_cancel">បោះបង់</string>
    <string name="mtrl_timepicker_confirm">យល់ព្រម</string>
    <string name="native_body">តួ​អត្ថបទ</string>
    <string name="native_headline">ចំណង​ជើង</string>
    <string name="native_media_view">ទិដ្ឋភាពមេឌៀ</string>
    <string name="notifications_permission_confirm">អនុញ្ញាត</string>
    <string name="notifications_permission_decline">កុំអនុញ្ញាត</string>
    <string name="notifications_permission_title">អនុញ្ញាតឱ្យកម្មវិធីផ្ញើការ​ជូនដំណឹងឱ្យអ្នកឬ?</string>
    <string name="offline_dialog_image_description">រូប​តំណាង</string>
    <string name="offline_dialog_text">សូមអរគុណចំពោះចំណាប់អារម្មណ៍របស់អ្នក។
យើងនឹងចែករំលែកបន្ថែមទៀត នៅពេលអ្នកមានអ៊ីនធឺណិតវិញ។</string>
    <string name="offline_notification_title">អ្នកមានអ៊ីនធឺណិតវិញហើយ! សូមចាប់ផ្ដើមត្រង់កន្លែងដែលយើងបានចាកចេញ</string>
    <string name="offline_notification_title_with_advertiser">អ្នកមានអ៊ីនធឺណិតវិញហើយ! សូមបន្តស្វែងយល់អំពី %s</string>
    <string name="offline_opt_in_confirm">យល់ព្រម</string>
    <string name="offline_opt_in_decline">ទេ អរគុណ</string>
    <string name="offline_opt_in_message">យើងនឹងផ្ញើ​ការជូនដំណឹង​ដែលមាន​តំណ​ទៅកាន់​គេហទំព័ររបស់​អ្នកផ្សាយពាណិជ្ជកម្មដល់អ្នក។</string>
    <string name="offline_opt_in_title">បើក​ការផ្សាយពាណិជ្ជកម្ម នៅពេលអ្នក​មាន​ការតភ្ជាប់​អ៊ីនធឺណិតវិញ។</string>
    <string name="password_toggle_content_description">បង្ហាញពាក្យសម្ងាត់</string>
    <string name="s1">រក្សាទុក​រូបភាព</string>
    <string name="s2">អនុញ្ញាត​ឲ្យ​ពាណិជ្ជកម្ម​ផ្ទុក​រូបភាព​នៅក្នុង​វិចិត្រសាល​រូបភាព​ដែរទេ?</string>
    <string name="s3">យល់ព្រម</string>
    <string name="s4">បដិសេធ</string>
    <string name="s5">បង្កើត​ព្រឹត្តិការណ៍​ក្នុង​ប្រតិទិន</string>
    <string name="s6">អនុញ្ញាត​ឲ្យ​ពាណិជ្ជកម្ម​បង្កើត​ព្រឹត្តិការណ៍​ក្នុង​ប្រតិទិន​ដែរទេ?</string>
    <string name="s7">ពាណិជ្ជកម្ម​សាកល្បង</string>
    <string name="search_menu_title">ស្វែងរក</string>
    <string name="status_bar_notification_info_overflow">999+</string>
    <string name="watermark_label_prefix">AdMob -</string>
</resources>