<?xml version='1.0' encoding='utf-8' ?>
<type id="0x12">
    <entry id="0x7f120001" name="abc_action_bar_up_description" />
    <entry id="0x7f120003" name="abc_action_mode_done" />
    <entry id="0x7f120006" name="abc_capital_off" />
    <entry id="0x7f120007" name="abc_capital_on" />
    <entry id="0x7f120008" name="abc_menu_alt_shortcut_label" />
    <entry id="0x7f120009" name="abc_menu_ctrl_shortcut_label" />
    <entry id="0x7f12000a" name="abc_menu_delete_shortcut_label" />
    <entry id="0x7f12000b" name="abc_menu_enter_shortcut_label" />
    <entry id="0x7f12000c" name="abc_menu_function_shortcut_label" />
    <entry id="0x7f12000d" name="abc_menu_meta_shortcut_label" />
    <entry id="0x7f12000e" name="abc_menu_shift_shortcut_label" />
    <entry id="0x7f12000f" name="abc_menu_space_shortcut_label" />
    <entry id="0x7f120010" name="abc_menu_sym_shortcut_label" />
    <entry id="0x7f120011" name="abc_prepend_shortcut_label" />
    <entry id="0x7f120012" name="abc_search_hint" />
    <entry id="0x7f120013" name="abc_searchview_description_clear" />
    <entry id="0x7f120015" name="abc_searchview_description_search" />
    <entry id="0x7f120016" name="abc_searchview_description_submit" />
    <entry id="0x7f120017" name="abc_searchview_description_voice" />
    <entry id="0x7f12001a" name="abc_toolbar_collapse_description" />
    <entry id="0x7f12001b" name="add_to_fav" />
    <entry id="0x7f12001c" name="al_exo_controls_cc_disabled_description" />
    <entry id="0x7f12001d" name="al_exo_controls_cc_enabled_description" />
    <entry id="0x7f12001e" name="al_exo_controls_custom_playback_speed" />
    <entry id="0x7f12001f" name="al_exo_controls_fastforward_description" />
    <entry id="0x7f120020" name="al_exo_controls_fullscreen_enter_description" />
    <entry id="0x7f120021" name="al_exo_controls_fullscreen_exit_description" />
    <entry id="0x7f120022" name="al_exo_controls_hide" />
    <entry id="0x7f120023" name="al_exo_controls_next_description" />
    <entry id="0x7f120024" name="al_exo_controls_overflow_hide_description" />
    <entry id="0x7f120025" name="al_exo_controls_overflow_show_description" />
    <entry id="0x7f120026" name="al_exo_controls_pause_description" />
    <entry id="0x7f120027" name="al_exo_controls_play_description" />
    <entry id="0x7f120028" name="al_exo_controls_playback_speed" />
    <entry id="0x7f120029" name="al_exo_controls_playback_speed_normal" />
    <entry id="0x7f12002a" name="al_exo_controls_previous_description" />
    <entry id="0x7f12002b" name="al_exo_controls_repeat_all_description" />
    <entry id="0x7f12002c" name="al_exo_controls_repeat_off_description" />
    <entry id="0x7f12002d" name="al_exo_controls_repeat_one_description" />
    <entry id="0x7f12002e" name="al_exo_controls_rewind_description" />
    <entry id="0x7f12002f" name="al_exo_controls_seek_bar_description" />
    <entry id="0x7f120030" name="al_exo_controls_settings_description" />
    <entry id="0x7f120031" name="al_exo_controls_show" />
    <entry id="0x7f120032" name="al_exo_controls_shuffle_off_description" />
    <entry id="0x7f120033" name="al_exo_controls_shuffle_on_description" />
    <entry id="0x7f120034" name="al_exo_controls_stop_description" />
    <entry id="0x7f120035" name="al_exo_controls_time_placeholder" />
    <entry id="0x7f120036" name="al_exo_controls_vr_description" />
    <entry id="0x7f120037" name="al_exo_download_completed" />
    <entry id="0x7f120038" name="al_exo_download_description" />
    <entry id="0x7f120039" name="al_exo_download_downloading" />
    <entry id="0x7f12003a" name="al_exo_download_failed" />
    <entry id="0x7f12003b" name="al_exo_download_notification_channel_name" />
    <entry id="0x7f12003c" name="al_exo_download_paused" />
    <entry id="0x7f12003d" name="al_exo_download_paused_for_network" />
    <entry id="0x7f12003e" name="al_exo_download_paused_for_wifi" />
    <entry id="0x7f12003f" name="al_exo_download_removing" />
    <entry id="0x7f120040" name="al_exo_item_list" />
    <entry id="0x7f120041" name="al_exo_track_bitrate" />
    <entry id="0x7f120042" name="al_exo_track_mono" />
    <entry id="0x7f120043" name="al_exo_track_resolution" />
    <entry id="0x7f120044" name="al_exo_track_role_alternate" />
    <entry id="0x7f120045" name="al_exo_track_role_closed_captions" />
    <entry id="0x7f120046" name="al_exo_track_role_commentary" />
    <entry id="0x7f120047" name="al_exo_track_role_supplementary" />
    <entry id="0x7f120048" name="al_exo_track_selection_auto" />
    <entry id="0x7f120049" name="al_exo_track_selection_none" />
    <entry id="0x7f12004a" name="al_exo_track_selection_title_audio" />
    <entry id="0x7f12004b" name="al_exo_track_selection_title_text" />
    <entry id="0x7f12004c" name="al_exo_track_selection_title_video" />
    <entry id="0x7f12004d" name="al_exo_track_stereo" />
    <entry id="0x7f12004e" name="al_exo_track_surround" />
    <entry id="0x7f12004f" name="al_exo_track_surround_5_point_1" />
    <entry id="0x7f120050" name="al_exo_track_surround_7_point_1" />
    <entry id="0x7f120051" name="al_exo_track_unknown" />
    <entry id="0x7f120052" name="androidx_startup" />
    <entry id="0x7f120053" name="app_name" />
    <entry id="0x7f120054" name="appbar_scrolling_view_behavior" />
    <entry id="0x7f120055" name="applovin_agree_message" />
    <entry id="0x7f120056" name="applovin_alt_privacy_policy_text" />
    <entry id="0x7f120057" name="applovin_continue_button_text" />
    <entry id="0x7f120058" name="applovin_creative_debugger_disabled_text" />
    <entry id="0x7f120059" name="applovin_creative_debugger_no_ads_text" />
    <entry id="0x7f12005a" name="applovin_gdpr_advertising_partners_screen_message" />
    <entry id="0x7f12005b" name="applovin_gdpr_advertising_partners_screen_title" />
    <entry id="0x7f12005c" name="applovin_gdpr_analytics_partners_screen_message" />
    <entry id="0x7f12005d" name="applovin_gdpr_analytics_partners_screen_title" />
    <entry id="0x7f12005e" name="applovin_gdpr_are_you_sure_screen_message" />
    <entry id="0x7f12005f" name="applovin_gdpr_are_you_sure_screen_title" />
    <entry id="0x7f120060" name="applovin_gdpr_back_button_text" />
    <entry id="0x7f120061" name="applovin_gdpr_learn_more_screen_bullet_1" />
    <entry id="0x7f120062" name="applovin_gdpr_learn_more_screen_bullet_2" />
    <entry id="0x7f120063" name="applovin_gdpr_learn_more_screen_bullet_3" />
    <entry id="0x7f120064" name="applovin_gdpr_learn_more_screen_bullet_4" />
    <entry id="0x7f120065" name="applovin_gdpr_learn_more_screen_message_1" />
    <entry id="0x7f120066" name="applovin_gdpr_learn_more_screen_message_2" />
    <entry id="0x7f120067" name="applovin_gdpr_main_screen_analytics_purposes_switch_text" />
    <entry id="0x7f120068" name="applovin_gdpr_main_screen_learn_more_button_text" />
    <entry id="0x7f120069" name="applovin_gdpr_main_screen_message" />
    <entry id="0x7f12006a" name="applovin_gdpr_main_screen_personalized_advertising_purposes_switch_text" />
    <entry id="0x7f12006b" name="applovin_gdpr_main_screen_pp_and_tos_switch_text" />
    <entry id="0x7f12006c" name="applovin_gdpr_main_screen_privacy_policy_switch_text" />
    <entry id="0x7f12006d" name="applovin_gdpr_main_screen_title" />
    <entry id="0x7f12006e" name="applovin_gdpr_understand_and_continue_button_text" />
    <entry id="0x7f12006f" name="applovin_learn_more_screen_title" />
    <entry id="0x7f120070" name="applovin_list_item_image_description" />
    <entry id="0x7f120071" name="applovin_pp_and_tos_title" />
    <entry id="0x7f120072" name="applovin_pp_title" />
    <entry id="0x7f120073" name="applovin_privacy_policy_text" />
    <entry id="0x7f120074" name="applovin_terms_of_service_text" />
    <entry id="0x7f120075" name="applovin_terms_of_use_text" />
    <entry id="0x7f120076" name="apply" />
    <entry id="0x7f120077" name="bottom_sheet_behavior" />
    <entry id="0x7f120078" name="bottomsheet_action_collapse" />
    <entry id="0x7f120079" name="bottomsheet_action_expand" />
    <entry id="0x7f12007a" name="bottomsheet_action_expand_halfway" />
    <entry id="0x7f12007b" name="bottomsheet_drag_handle_clicked" />
    <entry id="0x7f12007c" name="bottomsheet_drag_handle_content_description" />
    <entry id="0x7f12007d" name="call_notification_answer_action" />
    <entry id="0x7f12007e" name="call_notification_answer_video_action" />
    <entry id="0x7f12007f" name="call_notification_decline_action" />
    <entry id="0x7f120080" name="call_notification_hang_up_action" />
    <entry id="0x7f120081" name="call_notification_incoming_text" />
    <entry id="0x7f120082" name="call_notification_ongoing_text" />
    <entry id="0x7f120083" name="call_notification_screening_text" />
    <entry id="0x7f120084" name="channels" />
    <entry id="0x7f120085" name="character_counter_content_description" />
    <entry id="0x7f120086" name="character_counter_overflowed_content_description" />
    <entry id="0x7f120087" name="character_counter_pattern" />
    <entry id="0x7f120088" name="clear_text_end_icon_content_description" />
    <entry id="0x7f120089" name="close" />
    <entry id="0x7f12008a" name="code" />
    <entry id="0x7f12008b" name="common_google_play_services_enable_button" />
    <entry id="0x7f12008c" name="common_google_play_services_enable_text" />
    <entry id="0x7f12008d" name="common_google_play_services_enable_title" />
    <entry id="0x7f12008e" name="common_google_play_services_install_button" />
    <entry id="0x7f12008f" name="common_google_play_services_install_text" />
    <entry id="0x7f120090" name="common_google_play_services_install_title" />
    <entry id="0x7f120091" name="common_google_play_services_notification_channel_name" />
    <entry id="0x7f120092" name="common_google_play_services_notification_ticker" />
    <entry id="0x7f120093" name="common_google_play_services_unknown_issue" />
    <entry id="0x7f120094" name="common_google_play_services_unsupported_text" />
    <entry id="0x7f120095" name="common_google_play_services_update_button" />
    <entry id="0x7f120096" name="common_google_play_services_update_text" />
    <entry id="0x7f120097" name="common_google_play_services_update_title" />
    <entry id="0x7f120098" name="common_google_play_services_updating_text" />
    <entry id="0x7f120099" name="common_google_play_services_wear_update_text" />
    <entry id="0x7f12009a" name="common_open_on_phone" />
    <entry id="0x7f12009b" name="common_signin_button_text" />
    <entry id="0x7f12009c" name="common_signin_button_text_long" />
    <entry id="0x7f12009d" name="contact_on_telegram" />
    <entry id="0x7f12009e" name="contact_us" />
    <entry id="0x7f1200a0" name="default_web_client_id" />
    <entry id="0x7f1200a1" name="download" />
    <entry id="0x7f1200a2" name="end_subscription" />
    <entry id="0x7f1200a3" name="error_a11y_label" />
    <entry id="0x7f1200a4" name="error_icon_content_description" />
    <entry id="0x7f1200a5" name="error_unsupported_audio" />
    <entry id="0x7f1200a6" name="error_unsupported_video" />
    <entry id="0x7f1200a7" name="exit" />
    <entry id="0x7f1200a8" name="exit_from_app" />
    <entry id="0x7f1200ac" name="exo_controls_fastforward_description" />
    <entry id="0x7f1200af" name="exo_controls_hide" />
    <entry id="0x7f1200b0" name="exo_controls_next_description" />
    <entry id="0x7f1200b3" name="exo_controls_pause_description" />
    <entry id="0x7f1200b4" name="exo_controls_play_description" />
    <entry id="0x7f1200b6" name="exo_controls_previous_description" />
    <entry id="0x7f1200b7" name="exo_controls_repeat_all_description" />
    <entry id="0x7f1200b8" name="exo_controls_repeat_off_description" />
    <entry id="0x7f1200b9" name="exo_controls_repeat_one_description" />
    <entry id="0x7f1200ba" name="exo_controls_rewind_description" />
    <entry id="0x7f1200bd" name="exo_controls_show" />
    <entry id="0x7f1200be" name="exo_controls_shuffle_off_description" />
    <entry id="0x7f1200bf" name="exo_controls_shuffle_on_description" />
    <entry id="0x7f1200c1" name="exo_controls_time_placeholder" />
    <entry id="0x7f1200c2" name="exo_controls_vr_description" />
    <entry id="0x7f1200cc" name="exo_item_list" />
    <entry id="0x7f1200cd" name="exo_track_bitrate" />
    <entry id="0x7f1200ce" name="exo_track_mono" />
    <entry id="0x7f1200cf" name="exo_track_resolution" />
    <entry id="0x7f1200d0" name="exo_track_role_alternate" />
    <entry id="0x7f1200d1" name="exo_track_role_closed_captions" />
    <entry id="0x7f1200d2" name="exo_track_role_commentary" />
    <entry id="0x7f1200d3" name="exo_track_role_supplementary" />
    <entry id="0x7f1200d4" name="exo_track_selection_auto" />
    <entry id="0x7f1200d5" name="exo_track_selection_none" />
    <entry id="0x7f1200d6" name="exo_track_selection_title_audio" />
    <entry id="0x7f1200d7" name="exo_track_selection_title_text" />
    <entry id="0x7f1200d8" name="exo_track_selection_title_video" />
    <entry id="0x7f1200d9" name="exo_track_stereo" />
    <entry id="0x7f1200da" name="exo_track_surround" />
    <entry id="0x7f1200db" name="exo_track_surround_5_point_1" />
    <entry id="0x7f1200dc" name="exo_track_surround_7_point_1" />
    <entry id="0x7f1200dd" name="exo_track_unknown" />
    <entry id="0x7f1200de" name="expired" />
    <entry id="0x7f1200df" name="exposed_dropdown_menu_content_description" />
    <entry id="0x7f1200e0" name="fab_transformation_scrim_behavior" />
    <entry id="0x7f1200e1" name="fab_transformation_sheet_behavior" />
    <entry id="0x7f1200e2" name="facebook" />
    <entry id="0x7f1200e3" name="fallback_menu_item_copy_link" />
    <entry id="0x7f1200e4" name="fallback_menu_item_open_in_browser" />
    <entry id="0x7f1200e5" name="fallback_menu_item_share_link" />
    <entry id="0x7f1200e6" name="fcm_fallback_notification_channel_label" />
    <entry id="0x7f1200e7" name="gcm_defaultSenderId" />
    <entry id="0x7f1200e8" name="get" />
    <entry id="0x7f1200e9" name="google_api_key" />
    <entry id="0x7f1200ea" name="google_app_id" />
    <entry id="0x7f1200eb" name="google_crash_reporting_api_key" />
    <entry id="0x7f1200ec" name="google_storage_bucket" />
    <entry id="0x7f1200ed" name="hide_bottom_view_on_scroll_behavior" />
    <entry id="0x7f1200ee" name="home" />
    <entry id="0x7f1200ef" name="icon_content_description" />
    <entry id="0x7f1200f0" name="instagram" />
    <entry id="0x7f1200f1" name="item_view_role_description" />
    <entry id="0x7f1200f2" name="left_time" />
    <entry id="0x7f1200f3" name="library" />
    <entry id="0x7f1200f5" name="m3_ref_typeface_brand_regular" />
    <entry id="0x7f1200f6" name="m3_ref_typeface_plain_medium" />
    <entry id="0x7f1200f7" name="m3_ref_typeface_plain_regular" />
    <entry id="0x7f1200fb" name="m3_sys_motion_easing_emphasized_path_data" />
    <entry id="0x7f120103" name="maintenance" />
    <entry id="0x7f120104" name="match_break" />
    <entry id="0x7f120105" name="match_in_progress" />
    <entry id="0x7f120106" name="match_over" />
    <entry id="0x7f120107" name="matches" />
    <entry id="0x7f120108" name="material_clock_display_divider" />
    <entry id="0x7f120109" name="material_clock_toggle_content_description" />
    <entry id="0x7f12010a" name="material_hour_24h_suffix" />
    <entry id="0x7f12010b" name="material_hour_selection" />
    <entry id="0x7f12010c" name="material_hour_suffix" />
    <entry id="0x7f12010d" name="material_minute_selection" />
    <entry id="0x7f12010e" name="material_minute_suffix" />
    <entry id="0x7f12010f" name="material_motion_easing_accelerated" />
    <entry id="0x7f120110" name="material_motion_easing_decelerated" />
    <entry id="0x7f120111" name="material_motion_easing_emphasized" />
    <entry id="0x7f120112" name="material_motion_easing_linear" />
    <entry id="0x7f120113" name="material_motion_easing_standard" />
    <entry id="0x7f120114" name="material_slider_range_end" />
    <entry id="0x7f120115" name="material_slider_range_start" />
    <entry id="0x7f120116" name="material_slider_value" />
    <entry id="0x7f120117" name="material_timepicker_am" />
    <entry id="0x7f120118" name="material_timepicker_clock_mode_description" />
    <entry id="0x7f120119" name="material_timepicker_hour" />
    <entry id="0x7f12011a" name="material_timepicker_minute" />
    <entry id="0x7f12011b" name="material_timepicker_pm" />
    <entry id="0x7f12011c" name="material_timepicker_select_time" />
    <entry id="0x7f12011d" name="material_timepicker_text_input_mode_description" />
    <entry id="0x7f12011e" name="mtrl_badge_numberless_content_description" />
    <entry id="0x7f12011f" name="mtrl_checkbox_button_icon_path_checked" />
    <entry id="0x7f120120" name="mtrl_checkbox_button_icon_path_group_name" />
    <entry id="0x7f120121" name="mtrl_checkbox_button_icon_path_indeterminate" />
    <entry id="0x7f120122" name="mtrl_checkbox_button_icon_path_name" />
    <entry id="0x7f120123" name="mtrl_checkbox_button_path_checked" />
    <entry id="0x7f120124" name="mtrl_checkbox_button_path_group_name" />
    <entry id="0x7f120125" name="mtrl_checkbox_button_path_name" />
    <entry id="0x7f120126" name="mtrl_checkbox_button_path_unchecked" />
    <entry id="0x7f120127" name="mtrl_checkbox_state_description_checked" />
    <entry id="0x7f120128" name="mtrl_checkbox_state_description_indeterminate" />
    <entry id="0x7f120129" name="mtrl_checkbox_state_description_unchecked" />
    <entry id="0x7f12012a" name="mtrl_chip_close_icon_content_description" />
    <entry id="0x7f12012b" name="mtrl_exceed_max_badge_number_content_description" />
    <entry id="0x7f12012c" name="mtrl_exceed_max_badge_number_suffix" />
    <entry id="0x7f12012d" name="mtrl_picker_a11y_next_month" />
    <entry id="0x7f12012e" name="mtrl_picker_a11y_prev_month" />
    <entry id="0x7f120132" name="mtrl_picker_cancel" />
    <entry id="0x7f120133" name="mtrl_picker_confirm" />
    <entry id="0x7f120137" name="mtrl_picker_day_of_week_column_header" />
    <entry id="0x7f12013d" name="mtrl_picker_navigate_to_current_year_description" />
    <entry id="0x7f12013e" name="mtrl_picker_navigate_to_year_description" />
    <entry id="0x7f120145" name="mtrl_picker_save" />
    <entry id="0x7f12014e" name="mtrl_picker_toggle_to_calendar_input_mode" />
    <entry id="0x7f12014f" name="mtrl_picker_toggle_to_day_selection" />
    <entry id="0x7f120150" name="mtrl_picker_toggle_to_text_input_mode" />
    <entry id="0x7f120151" name="mtrl_picker_toggle_to_year_selection" />
    <entry id="0x7f12015a" name="mtrl_timepicker_cancel" />
    <entry id="0x7f12015b" name="mtrl_timepicker_confirm" />
    <entry id="0x7f12015c" name="native_body" />
    <entry id="0x7f12015d" name="native_headline" />
    <entry id="0x7f12015e" name="native_media_view" />
    <entry id="0x7f12015f" name="new_update_down_btn" />
    <entry id="0x7f120160" name="new_update_title" />
    <entry id="0x7f120161" name="no_channels" />
    <entry id="0x7f120162" name="no_matches" />
    <entry id="0x7f120163" name="no_movies" />
    <entry id="0x7f120164" name="notifications_permission_confirm" />
    <entry id="0x7f120165" name="notifications_permission_decline" />
    <entry id="0x7f120166" name="notifications_permission_title" />
    <entry id="0x7f120167" name="offline_dialog_image_description" />
    <entry id="0x7f120168" name="offline_dialog_text" />
    <entry id="0x7f120169" name="offline_notification_title" />
    <entry id="0x7f12016a" name="offline_notification_title_with_advertiser" />
    <entry id="0x7f12016b" name="offline_opt_in_confirm" />
    <entry id="0x7f12016c" name="offline_opt_in_decline" />
    <entry id="0x7f12016d" name="offline_opt_in_message" />
    <entry id="0x7f12016e" name="offline_opt_in_title" />
    <entry id="0x7f12016f" name="password_toggle_content_description" />
    <entry id="0x7f120170" name="path_password_eye" />
    <entry id="0x7f120171" name="path_password_eye_mask_strike_through" />
    <entry id="0x7f120172" name="path_password_eye_mask_visible" />
    <entry id="0x7f120173" name="path_password_strike_through" />
    <entry id="0x7f120174" name="press_again_to_exit" />
    <entry id="0x7f120176" name="project_id" />
    <entry id="0x7f120177" name="remove_ads_n_n_no_external_player_required_n_n_vip_servers" />
    <entry id="0x7f120178" name="remove_from_fav" />
    <entry id="0x7f120179" name="retry" />
    <entry id="0x7f12017a" name="s1" />
    <entry id="0x7f12017b" name="s2" />
    <entry id="0x7f12017c" name="s3" />
    <entry id="0x7f12017d" name="s4" />
    <entry id="0x7f12017e" name="s5" />
    <entry id="0x7f12017f" name="s6" />
    <entry id="0x7f120180" name="s7" />
    <entry id="0x7f120181" name="search_menu_title" />
    <entry id="0x7f120182" name="searchbar_scrolling_view_behavior" />
    <entry id="0x7f120183" name="searchview_clear_text_content_description" />
    <entry id="0x7f120184" name="searchview_navigation_content_description" />
    <entry id="0x7f120185" name="send" />
    <entry id="0x7f120186" name="share_app" />
    <entry id="0x7f120187" name="side_sheet_accessibility_pane_title" />
    <entry id="0x7f120188" name="side_sheet_behavior" />
    <entry id="0x7f120189" name="status" />
    <entry id="0x7f12018a" name="status_bar_notification_info_overflow" />
    <entry id="0x7f12018b" name="stop_vpn" />
    <entry id="0x7f12018e" name="subscribe" />
    <entry id="0x7f12018f" name="subscribe_now" />
    <entry id="0x7f120190" name="telegram" />
    <entry id="0x7f120191" name="track_selection_title" />
    <entry id="0x7f120192" name="vpn" />
    <entry id="0x7f120194" name="watermark_label_prefix" />
    <entry id="0x7f120196" name="youtube" />
</type>