<?xml version='1.0' encoding='utf-8' ?>
<type id="0x0b">
    <entry id="0x7f0b0000" name="abc_config_activityDefaultDur" />
    <entry id="0x7f0b0001" name="abc_config_activityShortDur" />
    <entry id="0x7f0b0002" name="al_exo_media_button_opacity_percentage_disabled" />
    <entry id="0x7f0b0003" name="al_exo_media_button_opacity_percentage_enabled" />
    <entry id="0x7f0b0004" name="app_bar_elevation_anim_duration" />
    <entry id="0x7f0b0005" name="bottom_sheet_slide_duration" />
    <entry id="0x7f0b0006" name="cancel_button_image_alpha" />
    <entry id="0x7f0b0007" name="config_tooltipAnimTime" />
    <entry id="0x7f0b0008" name="design_snackbar_text_max_lines" />
    <entry id="0x7f0b0009" name="design_tab_indicator_anim_duration_ms" />
    <entry id="0x7f0b000a" name="exo_media_button_opacity_percentage_disabled" />
    <entry id="0x7f0b000b" name="exo_media_button_opacity_percentage_enabled" />
    <entry id="0x7f0b000c" name="google_play_services_version" />
    <entry id="0x7f0b000d" name="hide_password_duration" />
    <entry id="0x7f0b001c" name="m3_sys_motion_duration_medium2" />
    <entry id="0x7f0b001d" name="m3_sys_motion_duration_medium3" />
    <entry id="0x7f0b001e" name="m3_sys_motion_duration_medium4" />
    <entry id="0x7f0b001f" name="m3_sys_motion_duration_short1" />
    <entry id="0x7f0b0021" name="m3_sys_motion_duration_short3" />
    <entry id="0x7f0b002a" name="material_motion_duration_long_1" />
    <entry id="0x7f0b002b" name="material_motion_duration_long_2" />
    <entry id="0x7f0b002c" name="material_motion_duration_medium_1" />
    <entry id="0x7f0b002d" name="material_motion_duration_medium_2" />
    <entry id="0x7f0b002e" name="material_motion_duration_short_1" />
    <entry id="0x7f0b002f" name="material_motion_duration_short_2" />
    <entry id="0x7f0b0030" name="material_motion_path" />
    <entry id="0x7f0b0031" name="mtrl_badge_max_character_count" />
    <entry id="0x7f0b0032" name="mtrl_btn_anim_delay_ms" />
    <entry id="0x7f0b0033" name="mtrl_btn_anim_duration_ms" />
    <entry id="0x7f0b0034" name="mtrl_calendar_header_orientation" />
    <entry id="0x7f0b0035" name="mtrl_calendar_selection_text_lines" />
    <entry id="0x7f0b0036" name="mtrl_calendar_year_selector_span" />
    <entry id="0x7f0b0037" name="mtrl_card_anim_delay_ms" />
    <entry id="0x7f0b0038" name="mtrl_card_anim_duration_ms" />
    <entry id="0x7f0b0039" name="mtrl_chip_anim_duration" />
    <entry id="0x7f0b0042" name="mtrl_tab_indicator_anim_duration_ms" />
    <entry id="0x7f0b0044" name="mtrl_view_invisible" />
    <entry id="0x7f0b0046" name="show_password_duration" />
    <entry id="0x7f0b0047" name="status_bar_notification_info_maxnum" />
</type>