<?xml version='1.0' encoding='utf-8' ?>
<resources>
    <path name="abc_grow_fade_in_from_bottom">res/aM.xml</path>
    <path name="abc_popup_enter">res/k_.xml</path>
    <path name="abc_popup_exit">res/UX1.xml</path>
    <path name="abc_shrink_fade_out_from_bottom">res/5T.xml</path>
    <path name="abc_tooltip_enter">res/gR.xml</path>
    <path name="abc_tooltip_exit">res/vZ.xml</path>
    <path name="bottom_to_up">res/3Z.xml</path>
    <path name="bottom_to_up2">res/y2.xml</path>
    <path name="btn_checkbox_to_checked_box_inner_merged_animation">res/h4.xml</path>
    <path name="btn_checkbox_to_checked_box_outer_merged_animation">res/qx.xml</path>
    <path name="btn_checkbox_to_checked_icon_null_animation">res/u01.xml</path>
    <path name="btn_checkbox_to_unchecked_box_inner_merged_animation">res/Ke.xml</path>
    <path name="btn_checkbox_to_unchecked_check_path_merged_animation">res/kj.xml</path>
    <path name="btn_checkbox_to_unchecked_icon_null_animation">res/M7.xml</path>
    <path name="btn_radio_to_off_mtrl_dot_group_animation">res/qz.xml</path>
    <path name="btn_radio_to_off_mtrl_ring_outer_animation">res/K51.xml</path>
    <path name="btn_radio_to_off_mtrl_ring_outer_path_animation">res/9T2.xml</path>
    <path name="btn_radio_to_on_mtrl_dot_group_animation">res/Lf.xml</path>
    <path name="btn_radio_to_on_mtrl_ring_outer_animation">res/9T1.xml</path>
    <path name="btn_radio_to_on_mtrl_ring_outer_path_animation">res/Zg.xml</path>
    <path name="design_bottom_sheet_slide_in">res/-Q.xml</path>
    <path name="design_bottom_sheet_slide_out">res/20.xml</path>
    <path name="design_snackbar_in">res/iZ1.xml</path>
    <path name="design_snackbar_out">res/Fq.xml</path>
    <path name="fade_in">res/38.xml</path>
    <path name="fade_out">res/iC.xml</path>
    <path name="fragment_fast_out_extra_slow_in">res/pU.xml</path>
    <path name="left_to_right">res/xy.xml</path>
    <path name="linear_indeterminate_line1_head_interpolator">res/fp.xml</path>
    <path name="linear_indeterminate_line1_tail_interpolator">res/4Q.xml</path>
    <path name="linear_indeterminate_line2_head_interpolator">res/c01.xml</path>
    <path name="linear_indeterminate_line2_tail_interpolator">res/aJ.xml</path>
    <path name="m3_bottom_sheet_slide_in">res/Yc.xml</path>
    <path name="m3_bottom_sheet_slide_out">res/Ix.xml</path>
    <path name="m3_side_sheet_slide_in">res/1Z.xml</path>
    <path name="m3_side_sheet_slide_out">res/sq.xml</path>
    <path name="mtrl_bottom_sheet_slide_in">res/Lo.xml</path>
    <path name="mtrl_bottom_sheet_slide_out">res/ua.xml</path>
    <path name="mtrl_card_lowers_interpolator">res/DS.xml</path>
    <path name="no_anim">res/GI.xml</path>
    <path name="push_left_in">res/5S.xml</path>
    <path name="push_left_out">res/1H.xml</path>
    <path name="right_to_left">res/Yf.xml</path>
    <path name="rotatein_out">res/g6.xml</path>
    <path name="rotateout_in">res/kO.xml</path>
    <path name="up_to_bottom">res/o3.xml</path>
    <path name="up_to_bottom2">res/KO.xml</path>
</resources>