<?xml version='1.0' encoding='utf-8' ?>
<type id="0x01">
    <entry id="0x7f010002" name="abc_grow_fade_in_from_bottom" />
    <entry id="0x7f010003" name="abc_popup_enter" />
    <entry id="0x7f010004" name="abc_popup_exit" />
    <entry id="0x7f010005" name="abc_shrink_fade_out_from_bottom" />
    <entry id="0x7f01000a" name="abc_tooltip_enter" />
    <entry id="0x7f01000b" name="abc_tooltip_exit" />
    <entry id="0x7f01000c" name="bottom_to_up" />
    <entry id="0x7f01000d" name="bottom_to_up2" />
    <entry id="0x7f01000e" name="btn_checkbox_to_checked_box_inner_merged_animation" />
    <entry id="0x7f01000f" name="btn_checkbox_to_checked_box_outer_merged_animation" />
    <entry id="0x7f010010" name="btn_checkbox_to_checked_icon_null_animation" />
    <entry id="0x7f010011" name="btn_checkbox_to_unchecked_box_inner_merged_animation" />
    <entry id="0x7f010012" name="btn_checkbox_to_unchecked_check_path_merged_animation" />
    <entry id="0x7f010013" name="btn_checkbox_to_unchecked_icon_null_animation" />
    <entry id="0x7f010014" name="btn_radio_to_off_mtrl_dot_group_animation" />
    <entry id="0x7f010015" name="btn_radio_to_off_mtrl_ring_outer_animation" />
    <entry id="0x7f010016" name="btn_radio_to_off_mtrl_ring_outer_path_animation" />
    <entry id="0x7f010017" name="btn_radio_to_on_mtrl_dot_group_animation" />
    <entry id="0x7f010018" name="btn_radio_to_on_mtrl_ring_outer_animation" />
    <entry id="0x7f010019" name="btn_radio_to_on_mtrl_ring_outer_path_animation" />
    <entry id="0x7f01001a" name="design_bottom_sheet_slide_in" />
    <entry id="0x7f01001b" name="design_bottom_sheet_slide_out" />
    <entry id="0x7f01001c" name="design_snackbar_in" />
    <entry id="0x7f01001d" name="design_snackbar_out" />
    <entry id="0x7f01001e" name="fade_in" />
    <entry id="0x7f01001f" name="fade_out" />
    <entry id="0x7f010020" name="fragment_fast_out_extra_slow_in" />
    <entry id="0x7f010021" name="left_to_right" />
    <entry id="0x7f010022" name="linear_indeterminate_line1_head_interpolator" />
    <entry id="0x7f010023" name="linear_indeterminate_line1_tail_interpolator" />
    <entry id="0x7f010024" name="linear_indeterminate_line2_head_interpolator" />
    <entry id="0x7f010025" name="linear_indeterminate_line2_tail_interpolator" />
    <entry id="0x7f010026" name="m3_bottom_sheet_slide_in" />
    <entry id="0x7f010027" name="m3_bottom_sheet_slide_out" />
    <entry id="0x7f01002a" name="m3_side_sheet_slide_in" />
    <entry id="0x7f01002b" name="m3_side_sheet_slide_out" />
    <entry id="0x7f01002c" name="mtrl_bottom_sheet_slide_in" />
    <entry id="0x7f01002d" name="mtrl_bottom_sheet_slide_out" />
    <entry id="0x7f01002e" name="mtrl_card_lowers_interpolator" />
    <entry id="0x7f01002f" name="no_anim" />
    <entry id="0x7f010030" name="push_left_in" />
    <entry id="0x7f010031" name="push_left_out" />
    <entry id="0x7f010032" name="right_to_left" />
    <entry id="0x7f010033" name="rotatein_out" />
    <entry id="0x7f010034" name="rotateout_in" />
    <entry id="0x7f010035" name="up_to_bottom" />
    <entry id="0x7f010036" name="up_to_bottom2" />
</type>