<?xml version='1.0' encoding='utf-8' ?>
<resources>
    <path name="design_appbar_state_list_animator">res/xQ1.xml</path>
    <path name="design_fab_hide_motion_spec">res/UE.xml</path>
    <path name="design_fab_show_motion_spec">res/Aa.xml</path>
    <path name="fragment_close_enter">res/q6.xml</path>
    <path name="fragment_close_exit">res/5z.xml</path>
    <path name="fragment_fade_enter">res/qA.xml</path>
    <path name="fragment_fade_exit">res/4B.xml</path>
    <path name="fragment_open_enter">res/Sc.xml</path>
    <path name="fragment_open_exit">res/BJ1.xml</path>
    <path name="mtrl_btn_state_list_anim">res/Uf.xml</path>
    <path name="mtrl_btn_unelevated_state_list_anim">res/U0.xml</path>
    <path name="mtrl_card_state_list_anim">res/mA.xml</path>
    <path name="mtrl_chip_state_list_anim">res/JT1.xml</path>
    <path name="mtrl_extended_fab_state_list_animator">res/dS.xml</path>
    <path name="mtrl_fab_hide_motion_spec">res/c2.xml</path>
    <path name="mtrl_fab_show_motion_spec">res/F8.xml</path>
</resources>