<?xml version='1.0' encoding='utf-8' ?>
<resources>
    <float name="mtrl_high_ripple_default_alpha">0.24</float>
    <float name="mtrl_high_ripple_focused_alpha">0.4</float>
    <float name="mtrl_high_ripple_hovered_alpha">0.4</float>
    <float name="mtrl_high_ripple_pressed_alpha">0.24</float>
    <float name="mtrl_low_ripple_default_alpha">0.12</float>
    <float name="mtrl_low_ripple_focused_alpha">0.2</float>
    <float name="mtrl_low_ripple_hovered_alpha">0.2</float>
    <float name="mtrl_low_ripple_pressed_alpha">0.12</float>
</resources>