<?xml version='1.0' encoding='utf-8' ?>
<resources>
    <dimen name="abc_action_bar_content_inset_material">16.0dp</dimen>
    <dimen name="abc_action_bar_content_inset_with_nav">72.0dp</dimen>
    <dimen name="abc_action_bar_default_height_material">56.0dp</dimen>
    <dimen name="abc_action_bar_default_padding_end_material">0.0dp</dimen>
    <dimen name="abc_action_bar_default_padding_start_material">0.0dp</dimen>
    <dimen name="abc_action_bar_elevation_material">4.0dp</dimen>
    <dimen name="abc_action_bar_stacked_max_height">48.0dp</dimen>
    <dimen name="abc_action_bar_stacked_tab_max_width">180.0dp</dimen>
    <dimen name="abc_action_bar_subtitle_top_margin_material">-3.0dp</dimen>
    <dimen name="abc_alert_dialog_button_bar_height">48.0dp</dimen>
    <dimen name="abc_alert_dialog_button_dimen">48.0dp</dimen>
    <dimen name="abc_button_inset_horizontal_material">@dimen/abc_control_inset_material</dimen>
    <dimen name="abc_button_inset_vertical_material">6.0dp</dimen>
    <dimen name="abc_button_padding_horizontal_material">8.0dp</dimen>
    <dimen name="abc_button_padding_vertical_material">@dimen/abc_control_padding_material</dimen>
    <dimen name="abc_cascading_menus_min_smallest_width">720.0dp</dimen>
    <dimen name="abc_config_prefDialogWidth">320.0dp</dimen>
    <dimen name="abc_control_corner_material">2.0dp</dimen>
    <dimen name="abc_control_inset_material">4.0dp</dimen>
    <dimen name="abc_control_padding_material">4.0dp</dimen>
    <dimen name="abc_dialog_corner_radius_material">2.0dp</dimen>
    <fraction name="abc_dialog_fixed_height_major">79.99999%</fraction>
    <fraction name="abc_dialog_fixed_height_minor">100.0%</fraction>
    <dimen name="abc_dialog_fixed_width_major">320.0dp</dimen>
    <dimen name="abc_dialog_fixed_width_minor">320.0dp</dimen>
    <dimen name="abc_dialog_list_padding_bottom_no_buttons">8.0dp</dimen>
    <dimen name="abc_dialog_list_padding_top_no_title">8.0dp</dimen>
    <fraction name="abc_dialog_min_width_major">65.0%</fraction>
    <fraction name="abc_dialog_min_width_minor">95.00001%</fraction>
    <dimen name="abc_dialog_padding_material">24.0dp</dimen>
    <dimen name="abc_dialog_padding_top_material">18.0dp</dimen>
    <dimen name="abc_dialog_title_divider_material">8.0dp</dimen>
    <dimen name="abc_dropdownitem_icon_width">32.0dp</dimen>
    <dimen name="abc_dropdownitem_text_padding_left">8.0dp</dimen>
    <dimen name="abc_dropdownitem_text_padding_right">8.0dp</dimen>
    <dimen name="abc_edit_text_inset_bottom_material">7.0dp</dimen>
    <dimen name="abc_edit_text_inset_horizontal_material">4.0dp</dimen>
    <dimen name="abc_edit_text_inset_top_material">10.0dp</dimen>
    <dimen name="abc_floating_window_z">16.0dp</dimen>
    <dimen name="abc_list_item_height_large_material">80.0dp</dimen>
    <dimen name="abc_list_item_height_material">64.0dp</dimen>
    <dimen name="abc_list_item_height_small_material">48.0dp</dimen>
    <dimen name="abc_list_item_padding_horizontal_material">@dimen/abc_action_bar_content_inset_material</dimen>
    <dimen name="abc_panel_menu_list_width">296.0dp</dimen>
    <dimen name="abc_progress_bar_height_material">4.0dp</dimen>
    <dimen name="abc_search_view_preferred_height">48.0dp</dimen>
    <dimen name="abc_search_view_preferred_width">320.0dp</dimen>
    <dimen name="abc_select_dialog_padding_start_material">20.0dp</dimen>
    <dimen name="abc_star_big">48.0dp</dimen>
    <dimen name="abc_star_medium">36.0dp</dimen>
    <dimen name="abc_star_small">16.0dp</dimen>
    <dimen name="abc_switch_padding">0.0px</dimen>
    <dimen name="abc_text_size_menu_header_material">14.0sp</dimen>
    <dimen name="action_bar_icon_size">30.0dp</dimen>
    <dimen name="al_exo_error_message_height">32.0dp</dimen>
    <dimen name="al_exo_error_message_margin_bottom">64.0dp</dimen>
    <dimen name="al_exo_error_message_text_padding_horizontal">12.0dp</dimen>
    <dimen name="al_exo_error_message_text_padding_vertical">4.0dp</dimen>
    <dimen name="al_exo_error_message_text_size">14.0sp</dimen>
    <dimen name="al_exo_icon_horizontal_margin">5.0dp</dimen>
    <dimen name="al_exo_icon_padding">2.0dp</dimen>
    <dimen name="al_exo_icon_padding_bottom">18.0dp</dimen>
    <dimen name="al_exo_icon_size">52.0dp</dimen>
    <dimen name="al_exo_icon_text_size">9.0dp</dimen>
    <dimen name="al_exo_media_button_height">52.0dp</dimen>
    <dimen name="al_exo_media_button_width">71.0dp</dimen>
    <dimen name="al_exo_setting_width">150.0dp</dimen>
    <dimen name="al_exo_settings_height">52.0dp</dimen>
    <dimen name="al_exo_settings_icon_size">24.0dp</dimen>
    <dimen name="al_exo_settings_main_text_size">14.0sp</dimen>
    <dimen name="al_exo_settings_offset">8.0dp</dimen>
    <dimen name="al_exo_settings_sub_text_size">12.0sp</dimen>
    <dimen name="al_exo_settings_text_height">24.0dp</dimen>
    <dimen name="al_exo_small_icon_height">48.0dp</dimen>
    <dimen name="al_exo_small_icon_horizontal_margin">2.0dp</dimen>
    <dimen name="al_exo_small_icon_padding_horizontal">12.0dp</dimen>
    <dimen name="al_exo_small_icon_padding_vertical">12.0dp</dimen>
    <dimen name="al_exo_small_icon_width">48.0dp</dimen>
    <dimen name="al_exo_styled_bottom_bar_height">60.0dp</dimen>
    <dimen name="al_exo_styled_bottom_bar_margin_top">10.0dp</dimen>
    <dimen name="al_exo_styled_bottom_bar_time_padding">10.0dp</dimen>
    <dimen name="al_exo_styled_controls_padding">0.0dp</dimen>
    <dimen name="al_exo_styled_minimal_controls_margin_bottom">4.0dp</dimen>
    <dimen name="al_exo_styled_progress_bar_height">2.0dp</dimen>
    <dimen name="al_exo_styled_progress_dragged_thumb_size">14.0dp</dimen>
    <dimen name="al_exo_styled_progress_enabled_thumb_size">10.0dp</dimen>
    <dimen name="al_exo_styled_progress_layout_height">48.0dp</dimen>
    <dimen name="al_exo_styled_progress_margin_bottom">52.0dp</dimen>
    <dimen name="al_exo_styled_progress_touch_target_height">48.0dp</dimen>
    <dimen name="appcompat_dialog_background_inset">16.0dp</dimen>
    <dimen name="applovin_sdk_actionBarHeight">60.0dp</dimen>
    <dimen name="applovin_sdk_adControlButton_height">40.0dp</dimen>
    <dimen name="applovin_sdk_adControlButton_width">70.0dp</dimen>
    <dimen name="applovin_sdk_consentFlowGdprControlsViewHeight">150.0dp</dimen>
    <dimen name="applovin_sdk_consentFlowGdprHorizontalMargin">16.0dp</dimen>
    <dimen name="applovin_sdk_consentFlowGdprPartnersControlViewHeight">100.0dp</dimen>
    <dimen name="applovin_sdk_mediationDebuggerDetailListItemTextSize">15.0sp</dimen>
    <dimen name="applovin_sdk_mediationDebuggerSectionHeight">50.0dp</dimen>
    <dimen name="applovin_sdk_mediationDebuggerSectionTextSize">13.0sp</dimen>
    <dimen name="applovin_sdk_mrec_height">250.0dp</dimen>
    <dimen name="applovin_sdk_mrec_width">300.0dp</dimen>
    <dimen name="banner_height">50.0dp</dimen>
    <dimen name="browser_actions_context_menu_max_width">500.0dp</dimen>
    <dimen name="browser_actions_context_menu_min_padding">20.0dp</dimen>
    <dimen name="cardview_default_elevation">2.0dp</dimen>
    <dimen name="cardview_default_radius">2.0dp</dimen>
    <dimen name="channel_item_width">120.0dp</dimen>
    <dimen name="clock_face_margin_start">64.0dp</dimen>
    <dimen name="compat_button_inset_horizontal_material">4.0dp</dimen>
    <dimen name="compat_button_inset_vertical_material">6.0dp</dimen>
    <dimen name="compat_button_padding_horizontal_material">8.0dp</dimen>
    <dimen name="compat_button_padding_vertical_material">4.0dp</dimen>
    <dimen name="compat_control_corner_material">2.0dp</dimen>
    <dimen name="compat_notification_large_icon_max_height">320.0dp</dimen>
    <dimen name="compat_notification_large_icon_max_width">320.0dp</dimen>
    <dimen name="def_drawer_elevation">10.0dp</dimen>
    <dimen name="default_margin">8.0dp</dimen>
    <dimen name="design_appbar_elevation">4.0dp</dimen>
    <dimen name="design_bottom_navigation_active_item_max_width">168.0dp</dimen>
    <dimen name="design_bottom_navigation_active_item_min_width">96.0dp</dimen>
    <dimen name="design_bottom_navigation_active_text_size">14.0sp</dimen>
    <dimen name="design_bottom_navigation_elevation">8.0dp</dimen>
    <dimen name="design_bottom_navigation_height">56.0dp</dimen>
    <dimen name="design_bottom_navigation_icon_size">24.0dp</dimen>
    <dimen name="design_bottom_navigation_item_max_width">96.0dp</dimen>
    <dimen name="design_bottom_navigation_item_min_width">56.0dp</dimen>
    <dimen name="design_bottom_navigation_label_padding">10.0dp</dimen>
    <dimen name="design_bottom_navigation_margin">8.0dp</dimen>
    <dimen name="design_bottom_navigation_shadow_height">1.0dp</dimen>
    <dimen name="design_bottom_navigation_text_size">12.0sp</dimen>
    <dimen name="design_bottom_sheet_elevation">8.0dp</dimen>
    <dimen name="design_bottom_sheet_modal_elevation">16.0dp</dimen>
    <dimen name="design_bottom_sheet_peek_height_min">64.0dp</dimen>
    <dimen name="design_fab_border_width">0.5dp</dimen>
    <dimen name="design_fab_elevation">6.0dp</dimen>
    <dimen name="design_fab_image_size">24.0dp</dimen>
    <dimen name="design_fab_size_mini">40.0dp</dimen>
    <dimen name="design_fab_size_normal">56.0dp</dimen>
    <dimen name="design_fab_translation_z_hovered_focused">6.0dp</dimen>
    <dimen name="design_fab_translation_z_pressed">6.0dp</dimen>
    <dimen name="design_navigation_elevation">16.0dp</dimen>
    <dimen name="design_navigation_icon_padding">32.0dp</dimen>
    <dimen name="design_navigation_icon_size">24.0dp</dimen>
    <dimen name="design_navigation_item_horizontal_padding">16.0dp</dimen>
    <dimen name="design_navigation_item_icon_padding">32.0dp</dimen>
    <dimen name="design_navigation_item_vertical_padding">4.0dp</dimen>
    <dimen name="design_navigation_max_width">280.0dp</dimen>
    <dimen name="design_navigation_padding_bottom">8.0dp</dimen>
    <dimen name="design_navigation_separator_vertical_padding">8.0dp</dimen>
    <dimen name="design_snackbar_action_inline_max_width">128.0dp</dimen>
    <float name="design_snackbar_action_text_color_alpha">1.0</float>
    <dimen name="design_snackbar_background_corner_radius">0.0dp</dimen>
    <dimen name="design_snackbar_elevation">6.0dp</dimen>
    <dimen name="design_snackbar_extra_spacing_horizontal">0.0dp</dimen>
    <dimen name="design_snackbar_max_width">-1.0px</dimen>
    <dimen name="design_snackbar_min_width">-1.0px</dimen>
    <dimen name="design_snackbar_padding_horizontal">12.0dp</dimen>
    <dimen name="design_snackbar_padding_vertical">14.0dp</dimen>
    <dimen name="design_snackbar_padding_vertical_2lines">16.0dp</dimen>
    <dimen name="design_snackbar_text_size">14.0sp</dimen>
    <dimen name="design_tab_max_width">264.0dp</dimen>
    <dimen name="design_tab_scrollable_min_width">72.0dp</dimen>
    <dimen name="design_tab_text_size">14.0sp</dimen>
    <dimen name="design_tab_text_size_2line">12.0sp</dimen>
    <dimen name="design_textinput_caption_translate_y">5.0dp</dimen>
    <float name="disabled_alpha_material_dark">0.3</float>
    <float name="disabled_alpha_material_light">0.26</float>
    <dimen name="drawer_icon_size">30.0dp</dimen>
    <dimen name="exo_media_button_height">52.0dp</dimen>
    <dimen name="exo_media_button_width">71.0dp</dimen>
    <dimen name="exo_styled_bottom_bar_margin_top">10.0dp</dimen>
    <dimen name="exo_styled_bottom_bar_time_padding">10.0dp</dimen>
    <dimen name="exo_styled_progress_layout_height">48.0dp</dimen>
    <dimen name="fastscroll_default_thickness">8.0dp</dimen>
    <dimen name="fastscroll_margin">0.0dp</dimen>
    <dimen name="fastscroll_minimum_range">50.0dp</dimen>
    <float name="highlight_alpha_material_colored">0.26</float>
    <float name="hint_alpha_material_dark">0.5</float>
    <float name="hint_alpha_material_light">0.38</float>
    <float name="hint_pressed_alpha_material_dark">0.7</float>
    <float name="hint_pressed_alpha_material_light">0.54</float>
    <dimen name="icon_size">25.0dp</dimen>
    <dimen name="item_touch_helper_max_drag_scroll_per_frame">20.0dp</dimen>
    <dimen name="item_touch_helper_swipe_escape_max_velocity">800.0dp</dimen>
    <dimen name="item_touch_helper_swipe_escape_velocity">120.0dp</dimen>
    <dimen name="items_text_size">14.0sp</dimen>
    <dimen name="items_text_size_12">12.0sp</dimen>
    <dimen name="items_text_size_13">13.0sp</dimen>
    <dimen name="m3_badge_size">@dimen/m3_comp_badge_size</dimen>
    <dimen name="m3_badge_with_text_size">@dimen/m3_comp_badge_large_size</dimen>
    <dimen name="m3_carousel_debug_keyline_width">2.0dp</dimen>
    <dimen name="m3_comp_badge_large_size">16.0dp</dimen>
    <dimen name="m3_comp_badge_size">6.0dp</dimen>
    <dimen name="m3_comp_outlined_autocomplete_menu_container_elevation">@dimen/m3_sys_elevation_level2</dimen>
    <dimen name="m3_comp_outlined_text_field_focus_outline_width">2.0dp</dimen>
    <dimen name="m3_comp_outlined_text_field_outline_width">1.0dp</dimen>
    <dimen name="m3_comp_primary_navigation_tab_with_icon_icon_size">24.0dp</dimen>
    <dimen name="m3_comp_sheet_side_docked_standard_container_elevation">@dimen/m3_sys_elevation_level0</dimen>
    <dimen name="m3_searchbar_text_size">16.0sp</dimen>
    <dimen name="m3_side_sheet_standard_elevation">@dimen/m3_comp_sheet_side_docked_standard_container_elevation</dimen>
    <dimen name="m3_sys_elevation_level0">0.0dp</dimen>
    <dimen name="m3_sys_elevation_level2">3.0dp</dimen>
    <dimen name="material_bottom_sheet_max_width">640.0dp</dimen>
    <dimen name="material_clock_display_height">80.0dp</dimen>
    <dimen name="material_clock_display_padding">24.0dp</dimen>
    <dimen name="material_clock_display_width">96.0dp</dimen>
    <dimen name="material_clock_face_margin_top">44.0dp</dimen>
    <dimen name="material_clock_hand_center_dot_radius">4.0dp</dimen>
    <dimen name="material_clock_hand_padding">4.0dp</dimen>
    <dimen name="material_clock_hand_stroke_width">2.0dp</dimen>
    <dimen name="material_clock_number_text_size">15.0sp</dimen>
    <dimen name="material_clock_period_toggle_height">96.0dp</dimen>
    <dimen name="material_clock_period_toggle_horizontal_gap">12.0dp</dimen>
    <dimen name="material_clock_period_toggle_vertical_gap">12.0dp</dimen>
    <dimen name="material_clock_period_toggle_width">52.0dp</dimen>
    <dimen name="material_clock_size">256.0dp</dimen>
    <dimen name="material_cursor_inset">-4.0dp</dimen>
    <dimen name="material_cursor_width">2.0dp</dimen>
    <dimen name="material_divider_thickness">1.0dp</dimen>
    <float name="material_emphasis_disabled">0.38</float>
    <float name="material_emphasis_disabled_background">0.12</float>
    <float name="material_emphasis_high_type">0.87</float>
    <float name="material_emphasis_medium">0.6</float>
    <dimen name="material_filled_edittext_font_1_3_padding_bottom">12.0dp</dimen>
    <dimen name="material_filled_edittext_font_1_3_padding_top">23.0dp</dimen>
    <dimen name="material_filled_edittext_font_2_0_padding_bottom">8.0dp</dimen>
    <dimen name="material_filled_edittext_font_2_0_padding_top">32.0dp</dimen>
    <dimen name="material_font_1_3_box_collapsed_padding_top">4.0dp</dimen>
    <dimen name="material_font_2_0_box_collapsed_padding_top">8.0dp</dimen>
    <dimen name="material_helper_text_default_padding_top">4.0dp</dimen>
    <dimen name="material_helper_text_font_1_3_padding_horizontal">12.0dp</dimen>
    <dimen name="material_helper_text_font_1_3_padding_top">8.0dp</dimen>
    <dimen name="material_input_text_to_prefix_suffix_padding">2.0dp</dimen>
    <dimen name="material_textinput_default_width">245.0dp</dimen>
    <dimen name="material_textinput_max_width">488.0dp</dimen>
    <dimen name="material_textinput_min_width">56.0dp</dimen>
    <dimen name="material_time_picker_minimum_screen_height">560.0dp</dimen>
    <dimen name="material_time_picker_minimum_screen_width">340.0dp</dimen>
    <dimen name="material_timepicker_dialog_buttons_margin_top">24.0dp</dimen>
    <dimen name="mtrl_alert_dialog_background_inset_bottom">80.0dp</dimen>
    <dimen name="mtrl_alert_dialog_background_inset_end">24.0dp</dimen>
    <dimen name="mtrl_alert_dialog_background_inset_start">24.0dp</dimen>
    <dimen name="mtrl_alert_dialog_background_inset_top">80.0dp</dimen>
    <dimen name="mtrl_badge_horizontal_edge_offset">4.0dp</dimen>
    <dimen name="mtrl_badge_long_text_horizontal_padding">4.0dp</dimen>
    <dimen name="mtrl_badge_size">8.0dp</dimen>
    <dimen name="mtrl_badge_text_horizontal_edge_offset">6.0dp</dimen>
    <dimen name="mtrl_badge_text_size">10.0sp</dimen>
    <dimen name="mtrl_badge_with_text_size">16.0dp</dimen>
    <dimen name="mtrl_bottomappbar_fab_cradle_margin">5.0dp</dimen>
    <dimen name="mtrl_bottomappbar_fab_cradle_rounded_corner_radius">8.0dp</dimen>
    <dimen name="mtrl_bottomappbar_fab_cradle_vertical_offset">0.0dp</dimen>
    <dimen name="mtrl_bottomappbar_height">56.0dp</dimen>
    <dimen name="mtrl_btn_dialog_btn_min_width">64.0dp</dimen>
    <dimen name="mtrl_btn_disabled_elevation">0.0dp</dimen>
    <dimen name="mtrl_btn_disabled_z">0.0dp</dimen>
    <dimen name="mtrl_btn_elevation">2.0dp</dimen>
    <dimen name="mtrl_btn_focused_z">2.0dp</dimen>
    <dimen name="mtrl_btn_hovered_z">2.0dp</dimen>
    <dimen name="mtrl_btn_icon_padding">8.0dp</dimen>
    <dimen name="mtrl_btn_inset">6.0dp</dimen>
    <dimen name="mtrl_btn_max_width">320.0dp</dimen>
    <dimen name="mtrl_btn_padding_bottom">4.0dp</dimen>
    <dimen name="mtrl_btn_padding_left">16.0dp</dimen>
    <dimen name="mtrl_btn_padding_right">16.0dp</dimen>
    <dimen name="mtrl_btn_padding_top">4.0dp</dimen>
    <dimen name="mtrl_btn_pressed_z">6.0dp</dimen>
    <dimen name="mtrl_btn_stroke_size">1.0dp</dimen>
    <dimen name="mtrl_btn_text_btn_icon_padding">4.0dp</dimen>
    <dimen name="mtrl_btn_text_btn_padding_left">8.0dp</dimen>
    <dimen name="mtrl_btn_text_btn_padding_right">8.0dp</dimen>
    <dimen name="mtrl_btn_z">0.0dp</dimen>
    <dimen name="mtrl_calendar_action_confirm_button_min_width">64.0dp</dimen>
    <dimen name="mtrl_calendar_action_height">52.0dp</dimen>
    <dimen name="mtrl_calendar_action_padding">8.0dp</dimen>
    <dimen name="mtrl_calendar_bottom_padding">0.0dp</dimen>
    <dimen name="mtrl_calendar_content_padding">12.0dp</dimen>
    <dimen name="mtrl_calendar_day_corner">15.0dp</dimen>
    <dimen name="mtrl_calendar_day_height">32.0dp</dimen>
    <dimen name="mtrl_calendar_day_horizontal_padding">3.0dp</dimen>
    <dimen name="mtrl_calendar_day_today_stroke">1.0dp</dimen>
    <dimen name="mtrl_calendar_day_vertical_padding">1.0dp</dimen>
    <dimen name="mtrl_calendar_day_width">36.0dp</dimen>
    <dimen name="mtrl_calendar_days_of_week_height">24.0dp</dimen>
    <dimen name="mtrl_calendar_dialog_background_inset">16.0dp</dimen>
    <dimen name="mtrl_calendar_header_content_padding">12.0dp</dimen>
    <dimen name="mtrl_calendar_header_content_padding_fullscreen">4.0dp</dimen>
    <dimen name="mtrl_calendar_header_divider_thickness">1.0dp</dimen>
    <dimen name="mtrl_calendar_header_height">120.0dp</dimen>
    <dimen name="mtrl_calendar_header_height_fullscreen">128.0dp</dimen>
    <dimen name="mtrl_calendar_header_selection_line_height">32.0dp</dimen>
    <dimen name="mtrl_calendar_header_text_padding">12.0dp</dimen>
    <dimen name="mtrl_calendar_header_toggle_margin_bottom">8.0dp</dimen>
    <dimen name="mtrl_calendar_header_toggle_margin_top">24.0dp</dimen>
    <dimen name="mtrl_calendar_landscape_header_width">0.0dp</dimen>
    <dimen name="mtrl_calendar_month_horizontal_padding">2.0dp</dimen>
    <dimen name="mtrl_calendar_month_vertical_padding">0.0dp</dimen>
    <dimen name="mtrl_calendar_navigation_bottom_padding">4.0dp</dimen>
    <dimen name="mtrl_calendar_navigation_height">48.0dp</dimen>
    <dimen name="mtrl_calendar_navigation_top_padding">4.0dp</dimen>
    <dimen name="mtrl_calendar_pre_l_text_clip_padding">0.0dp</dimen>
    <dimen name="mtrl_calendar_selection_baseline_to_top_fullscreen">104.0dp</dimen>
    <dimen name="mtrl_calendar_selection_text_baseline_to_top">100.0dp</dimen>
    <dimen name="mtrl_calendar_title_baseline_to_top">28.0dp</dimen>
    <dimen name="mtrl_calendar_title_baseline_to_top_fullscreen">68.0dp</dimen>
    <dimen name="mtrl_calendar_year_corner">18.0dp</dimen>
    <dimen name="mtrl_calendar_year_height">52.0dp</dimen>
    <dimen name="mtrl_calendar_year_horizontal_padding">8.0dp</dimen>
    <dimen name="mtrl_calendar_year_vertical_padding">8.0dp</dimen>
    <dimen name="mtrl_calendar_year_width">88.0dp</dimen>
    <dimen name="mtrl_card_checked_icon_margin">8.0dp</dimen>
    <dimen name="mtrl_card_checked_icon_size">24.0dp</dimen>
    <dimen name="mtrl_card_dragged_z">5.0dp</dimen>
    <dimen name="mtrl_card_elevation">1.0dp</dimen>
    <dimen name="mtrl_chip_pressed_translation_z">3.0dp</dimen>
    <dimen name="mtrl_chip_text_size">14.0sp</dimen>
    <dimen name="mtrl_exposed_dropdown_menu_popup_elevation">8.0dp</dimen>
    <dimen name="mtrl_exposed_dropdown_menu_popup_vertical_offset">1.0dp</dimen>
    <dimen name="mtrl_exposed_dropdown_menu_popup_vertical_padding">8.0dp</dimen>
    <dimen name="mtrl_extended_fab_bottom_padding">12.0dp</dimen>
    <dimen name="mtrl_extended_fab_disabled_elevation">0.0dp</dimen>
    <dimen name="mtrl_extended_fab_disabled_translation_z">0.0dp</dimen>
    <dimen name="mtrl_extended_fab_elevation">6.0dp</dimen>
    <dimen name="mtrl_extended_fab_end_padding">20.0dp</dimen>
    <dimen name="mtrl_extended_fab_end_padding_icon">20.0dp</dimen>
    <dimen name="mtrl_extended_fab_icon_size">24.0dp</dimen>
    <dimen name="mtrl_extended_fab_icon_text_spacing">12.0dp</dimen>
    <dimen name="mtrl_extended_fab_min_height">48.0dp</dimen>
    <dimen name="mtrl_extended_fab_min_width">120.0dp</dimen>
    <dimen name="mtrl_extended_fab_start_padding">20.0dp</dimen>
    <dimen name="mtrl_extended_fab_start_padding_icon">12.0dp</dimen>
    <dimen name="mtrl_extended_fab_top_padding">12.0dp</dimen>
    <dimen name="mtrl_extended_fab_translation_z_base">0.0dp</dimen>
    <dimen name="mtrl_extended_fab_translation_z_hovered_focused">2.0dp</dimen>
    <dimen name="mtrl_extended_fab_translation_z_pressed">6.0dp</dimen>
    <dimen name="mtrl_fab_elevation">6.0dp</dimen>
    <dimen name="mtrl_fab_translation_z_hovered_focused">2.0dp</dimen>
    <dimen name="mtrl_fab_translation_z_pressed">6.0dp</dimen>
    <float name="mtrl_high_ripple_default_alpha">0.48</float>
    <float name="mtrl_high_ripple_focused_alpha">0.48</float>
    <float name="mtrl_high_ripple_hovered_alpha">0.16</float>
    <float name="mtrl_high_ripple_pressed_alpha">0.48</float>
    <float name="mtrl_low_ripple_default_alpha">0.24</float>
    <float name="mtrl_low_ripple_focused_alpha">0.24</float>
    <float name="mtrl_low_ripple_hovered_alpha">0.08</float>
    <float name="mtrl_low_ripple_pressed_alpha">0.24</float>
    <dimen name="mtrl_min_touch_target_size">48.0dp</dimen>
    <dimen name="mtrl_navigation_bar_item_default_icon_size">24.0dp</dimen>
    <dimen name="mtrl_navigation_bar_item_default_margin">8.0dp</dimen>
    <dimen name="mtrl_navigation_item_horizontal_padding">22.0dp</dimen>
    <dimen name="mtrl_navigation_item_icon_padding">14.0dp</dimen>
    <dimen name="mtrl_navigation_item_icon_size">24.0dp</dimen>
    <dimen name="mtrl_navigation_item_shape_horizontal_margin">8.0dp</dimen>
    <dimen name="mtrl_navigation_item_shape_vertical_margin">4.0dp</dimen>
    <dimen name="mtrl_navigation_rail_default_width">72.0dp</dimen>
    <dimen name="mtrl_navigation_rail_elevation">8.0dp</dimen>
    <dimen name="mtrl_navigation_rail_icon_margin">14.0dp</dimen>
    <dimen name="mtrl_navigation_rail_icon_size">24.0dp</dimen>
    <dimen name="mtrl_navigation_rail_text_bottom_margin">16.0dp</dimen>
    <dimen name="mtrl_progress_circular_inset_medium">4.0dp</dimen>
    <dimen name="mtrl_progress_circular_size_medium">40.0dp</dimen>
    <dimen name="mtrl_progress_circular_track_thickness_medium">4.0dp</dimen>
    <dimen name="mtrl_progress_track_thickness">4.0dp</dimen>
    <dimen name="mtrl_shape_corner_size_large_component">0.0dp</dimen>
    <dimen name="mtrl_shape_corner_size_medium_component">4.0dp</dimen>
    <dimen name="mtrl_shape_corner_size_small_component">4.0dp</dimen>
    <dimen name="mtrl_slider_halo_radius">24.0dp</dimen>
    <dimen name="mtrl_slider_thumb_elevation">1.0dp</dimen>
    <dimen name="mtrl_slider_thumb_radius">10.0dp</dimen>
    <dimen name="mtrl_slider_tick_radius">1.0dp</dimen>
    <dimen name="mtrl_slider_track_height">4.0dp</dimen>
    <float name="mtrl_snackbar_action_text_color_alpha">0.5</float>
    <dimen name="mtrl_snackbar_background_corner_radius">4.0dp</dimen>
    <float name="mtrl_snackbar_background_overlay_color_alpha">0.8</float>
    <dimen name="mtrl_snackbar_margin">8.0dp</dimen>
    <dimen name="mtrl_snackbar_message_margin_horizontal">8.0dp</dimen>
    <dimen name="mtrl_snackbar_padding_horizontal">8.0dp</dimen>
    <dimen name="mtrl_textinput_box_corner_radius_small">0.0dp</dimen>
    <dimen name="mtrl_textinput_box_label_cutout_padding">4.0dp</dimen>
    <dimen name="mtrl_textinput_box_stroke_width_default">@dimen/m3_comp_outlined_text_field_outline_width</dimen>
    <dimen name="mtrl_textinput_box_stroke_width_focused">@dimen/m3_comp_outlined_text_field_focus_outline_width</dimen>
    <dimen name="mtrl_textinput_counter_margin_start">16.0dp</dimen>
    <dimen name="mtrl_textinput_end_icon_margin_start">4.0dp</dimen>
    <dimen name="mtrl_textinput_start_icon_margin_end">4.0dp</dimen>
    <dimen name="mtrl_toolbar_default_height">56.0dp</dimen>
    <dimen name="mtrl_tooltip_minHeight">32.0dp</dimen>
    <dimen name="mtrl_tooltip_minWidth">32.0dp</dimen>
    <dimen name="mtrl_tooltip_padding">12.0dp</dimen>
    <dimen name="notification_action_icon_size">32.0dp</dimen>
    <dimen name="notification_action_text_size">13.0sp</dimen>
    <dimen name="notification_big_circle_margin">12.0dp</dimen>
    <dimen name="notification_content_margin_start">0.0dp</dimen>
    <dimen name="notification_large_icon_height">64.0dp</dimen>
    <dimen name="notification_large_icon_width">64.0dp</dimen>
    <dimen name="notification_main_column_padding_top">0.0dp</dimen>
    <dimen name="notification_media_narrow_margin">12.0dp</dimen>
    <dimen name="notification_right_icon_size">16.0dp</dimen>
    <dimen name="notification_right_side_padding_top">4.0dp</dimen>
    <dimen name="notification_small_icon_background_padding">3.0dp</dimen>
    <dimen name="notification_small_icon_size_as_large">24.0dp</dimen>
    <dimen name="notification_subtext_size">13.0sp</dimen>
    <dimen name="notification_top_pad">10.0dp</dimen>
    <dimen name="notification_top_pad_large_text">5.0dp</dimen>
    <dimen name="player_icon_margin">30.0dp</dimen>
    <dimen name="player_icon_size">30.0dp</dimen>
    <dimen name="player_parent__icon_size">40.0dp</dimen>
    <dimen name="text_margin">4.0dp</dimen>
    <dimen name="text_size_15">15.0sp</dimen>
    <dimen name="text_size_16">16.0sp</dimen>
    <dimen name="text_size_18">18.0sp</dimen>
    <dimen name="tooltip_corner_radius">2.0dp</dimen>
    <dimen name="tooltip_horizontal_padding">16.0dp</dimen>
    <dimen name="tooltip_margin">8.0dp</dimen>
    <dimen name="tooltip_precise_anchor_extra_offset">8.0dp</dimen>
    <dimen name="tooltip_precise_anchor_threshold">96.0dp</dimen>
    <dimen name="tooltip_vertical_padding">6.5dp</dimen>
    <dimen name="tooltip_y_offset_non_touch">0.0dp</dimen>
    <dimen name="tooltip_y_offset_touch">16.0dp</dimen>
</resources>