<?xml version='1.0' encoding='utf-8' ?>
<type id="0x07">
    <entry id="0x7f070000" name="abc_action_bar_content_inset_material" />
    <entry id="0x7f070001" name="abc_action_bar_content_inset_with_nav" />
    <entry id="0x7f070002" name="abc_action_bar_default_height_material" />
    <entry id="0x7f070003" name="abc_action_bar_default_padding_end_material" />
    <entry id="0x7f070004" name="abc_action_bar_default_padding_start_material" />
    <entry id="0x7f070005" name="abc_action_bar_elevation_material" />
    <entry id="0x7f070009" name="abc_action_bar_stacked_max_height" />
    <entry id="0x7f07000a" name="abc_action_bar_stacked_tab_max_width" />
    <entry id="0x7f07000c" name="abc_action_bar_subtitle_top_margin_material" />
    <entry id="0x7f070010" name="abc_alert_dialog_button_bar_height" />
    <entry id="0x7f070011" name="abc_alert_dialog_button_dimen" />
    <entry id="0x7f070012" name="abc_button_inset_horizontal_material" />
    <entry id="0x7f070013" name="abc_button_inset_vertical_material" />
    <entry id="0x7f070014" name="abc_button_padding_horizontal_material" />
    <entry id="0x7f070015" name="abc_button_padding_vertical_material" />
    <entry id="0x7f070016" name="abc_cascading_menus_min_smallest_width" />
    <entry id="0x7f070017" name="abc_config_prefDialogWidth" />
    <entry id="0x7f070018" name="abc_control_corner_material" />
    <entry id="0x7f070019" name="abc_control_inset_material" />
    <entry id="0x7f07001a" name="abc_control_padding_material" />
    <entry id="0x7f07001b" name="abc_dialog_corner_radius_material" />
    <entry id="0x7f07001c" name="abc_dialog_fixed_height_major" />
    <entry id="0x7f07001d" name="abc_dialog_fixed_height_minor" />
    <entry id="0x7f07001e" name="abc_dialog_fixed_width_major" />
    <entry id="0x7f07001f" name="abc_dialog_fixed_width_minor" />
    <entry id="0x7f070020" name="abc_dialog_list_padding_bottom_no_buttons" />
    <entry id="0x7f070021" name="abc_dialog_list_padding_top_no_title" />
    <entry id="0x7f070022" name="abc_dialog_min_width_major" />
    <entry id="0x7f070023" name="abc_dialog_min_width_minor" />
    <entry id="0x7f070024" name="abc_dialog_padding_material" />
    <entry id="0x7f070025" name="abc_dialog_padding_top_material" />
    <entry id="0x7f070026" name="abc_dialog_title_divider_material" />
    <entry id="0x7f070029" name="abc_dropdownitem_icon_width" />
    <entry id="0x7f07002a" name="abc_dropdownitem_text_padding_left" />
    <entry id="0x7f07002b" name="abc_dropdownitem_text_padding_right" />
    <entry id="0x7f07002c" name="abc_edit_text_inset_bottom_material" />
    <entry id="0x7f07002d" name="abc_edit_text_inset_horizontal_material" />
    <entry id="0x7f07002e" name="abc_edit_text_inset_top_material" />
    <entry id="0x7f07002f" name="abc_floating_window_z" />
    <entry id="0x7f070030" name="abc_list_item_height_large_material" />
    <entry id="0x7f070031" name="abc_list_item_height_material" />
    <entry id="0x7f070032" name="abc_list_item_height_small_material" />
    <entry id="0x7f070033" name="abc_list_item_padding_horizontal_material" />
    <entry id="0x7f070034" name="abc_panel_menu_list_width" />
    <entry id="0x7f070035" name="abc_progress_bar_height_material" />
    <entry id="0x7f070036" name="abc_search_view_preferred_height" />
    <entry id="0x7f070037" name="abc_search_view_preferred_width" />
    <entry id="0x7f07003a" name="abc_select_dialog_padding_start_material" />
    <entry id="0x7f07003b" name="abc_star_big" />
    <entry id="0x7f07003c" name="abc_star_medium" />
    <entry id="0x7f07003d" name="abc_star_small" />
    <entry id="0x7f07003e" name="abc_switch_padding" />
    <entry id="0x7f07004a" name="abc_text_size_menu_header_material" />
    <entry id="0x7f070051" name="action_bar_icon_size" />
    <entry id="0x7f070052" name="al_exo_error_message_height" />
    <entry id="0x7f070053" name="al_exo_error_message_margin_bottom" />
    <entry id="0x7f070054" name="al_exo_error_message_text_padding_horizontal" />
    <entry id="0x7f070055" name="al_exo_error_message_text_padding_vertical" />
    <entry id="0x7f070056" name="al_exo_error_message_text_size" />
    <entry id="0x7f070057" name="al_exo_icon_horizontal_margin" />
    <entry id="0x7f070058" name="al_exo_icon_padding" />
    <entry id="0x7f070059" name="al_exo_icon_padding_bottom" />
    <entry id="0x7f07005a" name="al_exo_icon_size" />
    <entry id="0x7f07005b" name="al_exo_icon_text_size" />
    <entry id="0x7f07005c" name="al_exo_media_button_height" />
    <entry id="0x7f07005d" name="al_exo_media_button_width" />
    <entry id="0x7f07005e" name="al_exo_setting_width" />
    <entry id="0x7f07005f" name="al_exo_settings_height" />
    <entry id="0x7f070060" name="al_exo_settings_icon_size" />
    <entry id="0x7f070061" name="al_exo_settings_main_text_size" />
    <entry id="0x7f070062" name="al_exo_settings_offset" />
    <entry id="0x7f070063" name="al_exo_settings_sub_text_size" />
    <entry id="0x7f070064" name="al_exo_settings_text_height" />
    <entry id="0x7f070065" name="al_exo_small_icon_height" />
    <entry id="0x7f070066" name="al_exo_small_icon_horizontal_margin" />
    <entry id="0x7f070067" name="al_exo_small_icon_padding_horizontal" />
    <entry id="0x7f070068" name="al_exo_small_icon_padding_vertical" />
    <entry id="0x7f070069" name="al_exo_small_icon_width" />
    <entry id="0x7f07006a" name="al_exo_styled_bottom_bar_height" />
    <entry id="0x7f07006b" name="al_exo_styled_bottom_bar_margin_top" />
    <entry id="0x7f07006c" name="al_exo_styled_bottom_bar_time_padding" />
    <entry id="0x7f07006d" name="al_exo_styled_controls_padding" />
    <entry id="0x7f07006e" name="al_exo_styled_minimal_controls_margin_bottom" />
    <entry id="0x7f07006f" name="al_exo_styled_progress_bar_height" />
    <entry id="0x7f070070" name="al_exo_styled_progress_dragged_thumb_size" />
    <entry id="0x7f070071" name="al_exo_styled_progress_enabled_thumb_size" />
    <entry id="0x7f070072" name="al_exo_styled_progress_layout_height" />
    <entry id="0x7f070073" name="al_exo_styled_progress_margin_bottom" />
    <entry id="0x7f070074" name="al_exo_styled_progress_touch_target_height" />
    <entry id="0x7f070075" name="appcompat_dialog_background_inset" />
    <entry id="0x7f070076" name="applovin_sdk_actionBarHeight" />
    <entry id="0x7f070077" name="applovin_sdk_adControlButton_height" />
    <entry id="0x7f070078" name="applovin_sdk_adControlButton_width" />
    <entry id="0x7f070079" name="applovin_sdk_consentFlowGdprControlsViewHeight" />
    <entry id="0x7f07007a" name="applovin_sdk_consentFlowGdprHorizontalMargin" />
    <entry id="0x7f07007b" name="applovin_sdk_consentFlowGdprPartnersControlViewHeight" />
    <entry id="0x7f07007c" name="applovin_sdk_mediationDebuggerDetailListItemTextSize" />
    <entry id="0x7f07007d" name="applovin_sdk_mediationDebuggerSectionHeight" />
    <entry id="0x7f07007e" name="applovin_sdk_mediationDebuggerSectionTextSize" />
    <entry id="0x7f07007f" name="applovin_sdk_mrec_height" />
    <entry id="0x7f070080" name="applovin_sdk_mrec_width" />
    <entry id="0x7f070081" name="banner_height" />
    <entry id="0x7f070082" name="browser_actions_context_menu_max_width" />
    <entry id="0x7f070083" name="browser_actions_context_menu_min_padding" />
    <entry id="0x7f070085" name="cardview_default_elevation" />
    <entry id="0x7f070086" name="cardview_default_radius" />
    <entry id="0x7f070087" name="channel_item_width" />
    <entry id="0x7f070088" name="clock_face_margin_start" />
    <entry id="0x7f070089" name="compat_button_inset_horizontal_material" />
    <entry id="0x7f07008a" name="compat_button_inset_vertical_material" />
    <entry id="0x7f07008b" name="compat_button_padding_horizontal_material" />
    <entry id="0x7f07008c" name="compat_button_padding_vertical_material" />
    <entry id="0x7f07008d" name="compat_control_corner_material" />
    <entry id="0x7f07008e" name="compat_notification_large_icon_max_height" />
    <entry id="0x7f07008f" name="compat_notification_large_icon_max_width" />
    <entry id="0x7f070090" name="def_drawer_elevation" />
    <entry id="0x7f070091" name="default_margin" />
    <entry id="0x7f070092" name="design_appbar_elevation" />
    <entry id="0x7f070093" name="design_bottom_navigation_active_item_max_width" />
    <entry id="0x7f070094" name="design_bottom_navigation_active_item_min_width" />
    <entry id="0x7f070095" name="design_bottom_navigation_active_text_size" />
    <entry id="0x7f070096" name="design_bottom_navigation_elevation" />
    <entry id="0x7f070097" name="design_bottom_navigation_height" />
    <entry id="0x7f070098" name="design_bottom_navigation_icon_size" />
    <entry id="0x7f070099" name="design_bottom_navigation_item_max_width" />
    <entry id="0x7f07009a" name="design_bottom_navigation_item_min_width" />
    <entry id="0x7f07009b" name="design_bottom_navigation_label_padding" />
    <entry id="0x7f07009c" name="design_bottom_navigation_margin" />
    <entry id="0x7f07009d" name="design_bottom_navigation_shadow_height" />
    <entry id="0x7f07009e" name="design_bottom_navigation_text_size" />
    <entry id="0x7f07009f" name="design_bottom_sheet_elevation" />
    <entry id="0x7f0700a0" name="design_bottom_sheet_modal_elevation" />
    <entry id="0x7f0700a1" name="design_bottom_sheet_peek_height_min" />
    <entry id="0x7f0700a2" name="design_fab_border_width" />
    <entry id="0x7f0700a3" name="design_fab_elevation" />
    <entry id="0x7f0700a4" name="design_fab_image_size" />
    <entry id="0x7f0700a5" name="design_fab_size_mini" />
    <entry id="0x7f0700a6" name="design_fab_size_normal" />
    <entry id="0x7f0700a7" name="design_fab_translation_z_hovered_focused" />
    <entry id="0x7f0700a8" name="design_fab_translation_z_pressed" />
    <entry id="0x7f0700a9" name="design_navigation_elevation" />
    <entry id="0x7f0700aa" name="design_navigation_icon_padding" />
    <entry id="0x7f0700ab" name="design_navigation_icon_size" />
    <entry id="0x7f0700ac" name="design_navigation_item_horizontal_padding" />
    <entry id="0x7f0700ad" name="design_navigation_item_icon_padding" />
    <entry id="0x7f0700ae" name="design_navigation_item_vertical_padding" />
    <entry id="0x7f0700af" name="design_navigation_max_width" />
    <entry id="0x7f0700b0" name="design_navigation_padding_bottom" />
    <entry id="0x7f0700b1" name="design_navigation_separator_vertical_padding" />
    <entry id="0x7f0700b2" name="design_snackbar_action_inline_max_width" />
    <entry id="0x7f0700b3" name="design_snackbar_action_text_color_alpha" />
    <entry id="0x7f0700b4" name="design_snackbar_background_corner_radius" />
    <entry id="0x7f0700b5" name="design_snackbar_elevation" />
    <entry id="0x7f0700b6" name="design_snackbar_extra_spacing_horizontal" />
    <entry id="0x7f0700b7" name="design_snackbar_max_width" />
    <entry id="0x7f0700b8" name="design_snackbar_min_width" />
    <entry id="0x7f0700b9" name="design_snackbar_padding_horizontal" />
    <entry id="0x7f0700ba" name="design_snackbar_padding_vertical" />
    <entry id="0x7f0700bb" name="design_snackbar_padding_vertical_2lines" />
    <entry id="0x7f0700bc" name="design_snackbar_text_size" />
    <entry id="0x7f0700bd" name="design_tab_max_width" />
    <entry id="0x7f0700be" name="design_tab_scrollable_min_width" />
    <entry id="0x7f0700bf" name="design_tab_text_size" />
    <entry id="0x7f0700c0" name="design_tab_text_size_2line" />
    <entry id="0x7f0700c1" name="design_textinput_caption_translate_y" />
    <entry id="0x7f0700c2" name="disabled_alpha_material_dark" />
    <entry id="0x7f0700c3" name="disabled_alpha_material_light" />
    <entry id="0x7f0700c4" name="drawer_icon_size" />
    <entry id="0x7f0700cf" name="exo_media_button_height" />
    <entry id="0x7f0700d0" name="exo_media_button_width" />
    <entry id="0x7f0700de" name="exo_styled_bottom_bar_margin_top" />
    <entry id="0x7f0700df" name="exo_styled_bottom_bar_time_padding" />
    <entry id="0x7f0700e5" name="exo_styled_progress_layout_height" />
    <entry id="0x7f0700e8" name="fastscroll_default_thickness" />
    <entry id="0x7f0700e9" name="fastscroll_margin" />
    <entry id="0x7f0700ea" name="fastscroll_minimum_range" />
    <entry id="0x7f0700eb" name="highlight_alpha_material_colored" />
    <entry id="0x7f0700ee" name="hint_alpha_material_dark" />
    <entry id="0x7f0700ef" name="hint_alpha_material_light" />
    <entry id="0x7f0700f0" name="hint_pressed_alpha_material_dark" />
    <entry id="0x7f0700f1" name="hint_pressed_alpha_material_light" />
    <entry id="0x7f0700f2" name="icon_size" />
    <entry id="0x7f0700f3" name="item_touch_helper_max_drag_scroll_per_frame" />
    <entry id="0x7f0700f4" name="item_touch_helper_swipe_escape_max_velocity" />
    <entry id="0x7f0700f5" name="item_touch_helper_swipe_escape_velocity" />
    <entry id="0x7f0700f6" name="items_text_size" />
    <entry id="0x7f0700f7" name="items_text_size_12" />
    <entry id="0x7f0700f8" name="items_text_size_13" />
    <entry id="0x7f07010a" name="m3_badge_size" />
    <entry id="0x7f07010e" name="m3_badge_with_text_size" />
    <entry id="0x7f070141" name="m3_carousel_debug_keyline_width" />
    <entry id="0x7f070153" name="m3_comp_badge_large_size" />
    <entry id="0x7f070154" name="m3_comp_badge_size" />
    <entry id="0x7f07019d" name="m3_comp_outlined_autocomplete_menu_container_elevation" />
    <entry id="0x7f0701a8" name="m3_comp_outlined_text_field_focus_outline_width" />
    <entry id="0x7f0701a9" name="m3_comp_outlined_text_field_outline_width" />
    <entry id="0x7f0701b2" name="m3_comp_primary_navigation_tab_with_icon_icon_size" />
    <entry id="0x7f0701cb" name="m3_comp_sheet_side_docked_standard_container_elevation" />
    <entry id="0x7f070222" name="m3_searchbar_text_size" />
    <entry id="0x7f070228" name="m3_side_sheet_standard_elevation" />
    <entry id="0x7f070232" name="m3_sys_elevation_level0" />
    <entry id="0x7f070234" name="m3_sys_elevation_level2" />
    <entry id="0x7f070263" name="material_bottom_sheet_max_width" />
    <entry id="0x7f070264" name="material_clock_display_height" />
    <entry id="0x7f070265" name="material_clock_display_padding" />
    <entry id="0x7f070266" name="material_clock_display_width" />
    <entry id="0x7f070267" name="material_clock_face_margin_top" />
    <entry id="0x7f070268" name="material_clock_hand_center_dot_radius" />
    <entry id="0x7f070269" name="material_clock_hand_padding" />
    <entry id="0x7f07026a" name="material_clock_hand_stroke_width" />
    <entry id="0x7f07026b" name="material_clock_number_text_size" />
    <entry id="0x7f07026c" name="material_clock_period_toggle_height" />
    <entry id="0x7f07026d" name="material_clock_period_toggle_horizontal_gap" />
    <entry id="0x7f07026e" name="material_clock_period_toggle_vertical_gap" />
    <entry id="0x7f07026f" name="material_clock_period_toggle_width" />
    <entry id="0x7f070270" name="material_clock_size" />
    <entry id="0x7f070271" name="material_cursor_inset" />
    <entry id="0x7f070272" name="material_cursor_width" />
    <entry id="0x7f070273" name="material_divider_thickness" />
    <entry id="0x7f070274" name="material_emphasis_disabled" />
    <entry id="0x7f070275" name="material_emphasis_disabled_background" />
    <entry id="0x7f070276" name="material_emphasis_high_type" />
    <entry id="0x7f070277" name="material_emphasis_medium" />
    <entry id="0x7f070278" name="material_filled_edittext_font_1_3_padding_bottom" />
    <entry id="0x7f070279" name="material_filled_edittext_font_1_3_padding_top" />
    <entry id="0x7f07027a" name="material_filled_edittext_font_2_0_padding_bottom" />
    <entry id="0x7f07027b" name="material_filled_edittext_font_2_0_padding_top" />
    <entry id="0x7f07027c" name="material_font_1_3_box_collapsed_padding_top" />
    <entry id="0x7f07027d" name="material_font_2_0_box_collapsed_padding_top" />
    <entry id="0x7f07027e" name="material_helper_text_default_padding_top" />
    <entry id="0x7f07027f" name="material_helper_text_font_1_3_padding_horizontal" />
    <entry id="0x7f070280" name="material_helper_text_font_1_3_padding_top" />
    <entry id="0x7f070281" name="material_input_text_to_prefix_suffix_padding" />
    <entry id="0x7f070282" name="material_textinput_default_width" />
    <entry id="0x7f070283" name="material_textinput_max_width" />
    <entry id="0x7f070284" name="material_textinput_min_width" />
    <entry id="0x7f070285" name="material_time_picker_minimum_screen_height" />
    <entry id="0x7f070286" name="material_time_picker_minimum_screen_width" />
    <entry id="0x7f070287" name="material_timepicker_dialog_buttons_margin_top" />
    <entry id="0x7f070288" name="mtrl_alert_dialog_background_inset_bottom" />
    <entry id="0x7f070289" name="mtrl_alert_dialog_background_inset_end" />
    <entry id="0x7f07028a" name="mtrl_alert_dialog_background_inset_start" />
    <entry id="0x7f07028b" name="mtrl_alert_dialog_background_inset_top" />
    <entry id="0x7f07028d" name="mtrl_badge_horizontal_edge_offset" />
    <entry id="0x7f07028e" name="mtrl_badge_long_text_horizontal_padding" />
    <entry id="0x7f07028f" name="mtrl_badge_size" />
    <entry id="0x7f070290" name="mtrl_badge_text_horizontal_edge_offset" />
    <entry id="0x7f070291" name="mtrl_badge_text_size" />
    <entry id="0x7f070294" name="mtrl_badge_with_text_size" />
    <entry id="0x7f070297" name="mtrl_bottomappbar_fab_cradle_margin" />
    <entry id="0x7f070298" name="mtrl_bottomappbar_fab_cradle_rounded_corner_radius" />
    <entry id="0x7f070299" name="mtrl_bottomappbar_fab_cradle_vertical_offset" />
    <entry id="0x7f07029a" name="mtrl_bottomappbar_height" />
    <entry id="0x7f07029c" name="mtrl_btn_dialog_btn_min_width" />
    <entry id="0x7f07029d" name="mtrl_btn_disabled_elevation" />
    <entry id="0x7f07029e" name="mtrl_btn_disabled_z" />
    <entry id="0x7f07029f" name="mtrl_btn_elevation" />
    <entry id="0x7f0702a0" name="mtrl_btn_focused_z" />
    <entry id="0x7f0702a1" name="mtrl_btn_hovered_z" />
    <entry id="0x7f0702a3" name="mtrl_btn_icon_padding" />
    <entry id="0x7f0702a4" name="mtrl_btn_inset" />
    <entry id="0x7f0702a6" name="mtrl_btn_max_width" />
    <entry id="0x7f0702a7" name="mtrl_btn_padding_bottom" />
    <entry id="0x7f0702a8" name="mtrl_btn_padding_left" />
    <entry id="0x7f0702a9" name="mtrl_btn_padding_right" />
    <entry id="0x7f0702aa" name="mtrl_btn_padding_top" />
    <entry id="0x7f0702ab" name="mtrl_btn_pressed_z" />
    <entry id="0x7f0702ad" name="mtrl_btn_stroke_size" />
    <entry id="0x7f0702ae" name="mtrl_btn_text_btn_icon_padding" />
    <entry id="0x7f0702af" name="mtrl_btn_text_btn_padding_left" />
    <entry id="0x7f0702b0" name="mtrl_btn_text_btn_padding_right" />
    <entry id="0x7f0702b2" name="mtrl_btn_z" />
    <entry id="0x7f0702b3" name="mtrl_calendar_action_confirm_button_min_width" />
    <entry id="0x7f0702b4" name="mtrl_calendar_action_height" />
    <entry id="0x7f0702b5" name="mtrl_calendar_action_padding" />
    <entry id="0x7f0702b6" name="mtrl_calendar_bottom_padding" />
    <entry id="0x7f0702b7" name="mtrl_calendar_content_padding" />
    <entry id="0x7f0702b8" name="mtrl_calendar_day_corner" />
    <entry id="0x7f0702b9" name="mtrl_calendar_day_height" />
    <entry id="0x7f0702ba" name="mtrl_calendar_day_horizontal_padding" />
    <entry id="0x7f0702bb" name="mtrl_calendar_day_today_stroke" />
    <entry id="0x7f0702bc" name="mtrl_calendar_day_vertical_padding" />
    <entry id="0x7f0702bd" name="mtrl_calendar_day_width" />
    <entry id="0x7f0702be" name="mtrl_calendar_days_of_week_height" />
    <entry id="0x7f0702bf" name="mtrl_calendar_dialog_background_inset" />
    <entry id="0x7f0702c0" name="mtrl_calendar_header_content_padding" />
    <entry id="0x7f0702c1" name="mtrl_calendar_header_content_padding_fullscreen" />
    <entry id="0x7f0702c2" name="mtrl_calendar_header_divider_thickness" />
    <entry id="0x7f0702c3" name="mtrl_calendar_header_height" />
    <entry id="0x7f0702c4" name="mtrl_calendar_header_height_fullscreen" />
    <entry id="0x7f0702c5" name="mtrl_calendar_header_selection_line_height" />
    <entry id="0x7f0702c6" name="mtrl_calendar_header_text_padding" />
    <entry id="0x7f0702c7" name="mtrl_calendar_header_toggle_margin_bottom" />
    <entry id="0x7f0702c8" name="mtrl_calendar_header_toggle_margin_top" />
    <entry id="0x7f0702c9" name="mtrl_calendar_landscape_header_width" />
    <entry id="0x7f0702cb" name="mtrl_calendar_month_horizontal_padding" />
    <entry id="0x7f0702cc" name="mtrl_calendar_month_vertical_padding" />
    <entry id="0x7f0702cd" name="mtrl_calendar_navigation_bottom_padding" />
    <entry id="0x7f0702ce" name="mtrl_calendar_navigation_height" />
    <entry id="0x7f0702cf" name="mtrl_calendar_navigation_top_padding" />
    <entry id="0x7f0702d0" name="mtrl_calendar_pre_l_text_clip_padding" />
    <entry id="0x7f0702d1" name="mtrl_calendar_selection_baseline_to_top_fullscreen" />
    <entry id="0x7f0702d4" name="mtrl_calendar_selection_text_baseline_to_top" />
    <entry id="0x7f0702d6" name="mtrl_calendar_title_baseline_to_top" />
    <entry id="0x7f0702d7" name="mtrl_calendar_title_baseline_to_top_fullscreen" />
    <entry id="0x7f0702d8" name="mtrl_calendar_year_corner" />
    <entry id="0x7f0702d9" name="mtrl_calendar_year_height" />
    <entry id="0x7f0702da" name="mtrl_calendar_year_horizontal_padding" />
    <entry id="0x7f0702db" name="mtrl_calendar_year_vertical_padding" />
    <entry id="0x7f0702dc" name="mtrl_calendar_year_width" />
    <entry id="0x7f0702dd" name="mtrl_card_checked_icon_margin" />
    <entry id="0x7f0702de" name="mtrl_card_checked_icon_size" />
    <entry id="0x7f0702e0" name="mtrl_card_dragged_z" />
    <entry id="0x7f0702e1" name="mtrl_card_elevation" />
    <entry id="0x7f0702e3" name="mtrl_chip_pressed_translation_z" />
    <entry id="0x7f0702e4" name="mtrl_chip_text_size" />
    <entry id="0x7f0702e5" name="mtrl_exposed_dropdown_menu_popup_elevation" />
    <entry id="0x7f0702e6" name="mtrl_exposed_dropdown_menu_popup_vertical_offset" />
    <entry id="0x7f0702e7" name="mtrl_exposed_dropdown_menu_popup_vertical_padding" />
    <entry id="0x7f0702e8" name="mtrl_extended_fab_bottom_padding" />
    <entry id="0x7f0702e9" name="mtrl_extended_fab_disabled_elevation" />
    <entry id="0x7f0702ea" name="mtrl_extended_fab_disabled_translation_z" />
    <entry id="0x7f0702eb" name="mtrl_extended_fab_elevation" />
    <entry id="0x7f0702ec" name="mtrl_extended_fab_end_padding" />
    <entry id="0x7f0702ed" name="mtrl_extended_fab_end_padding_icon" />
    <entry id="0x7f0702ee" name="mtrl_extended_fab_icon_size" />
    <entry id="0x7f0702ef" name="mtrl_extended_fab_icon_text_spacing" />
    <entry id="0x7f0702f0" name="mtrl_extended_fab_min_height" />
    <entry id="0x7f0702f1" name="mtrl_extended_fab_min_width" />
    <entry id="0x7f0702f2" name="mtrl_extended_fab_start_padding" />
    <entry id="0x7f0702f3" name="mtrl_extended_fab_start_padding_icon" />
    <entry id="0x7f0702f4" name="mtrl_extended_fab_top_padding" />
    <entry id="0x7f0702f5" name="mtrl_extended_fab_translation_z_base" />
    <entry id="0x7f0702f6" name="mtrl_extended_fab_translation_z_hovered_focused" />
    <entry id="0x7f0702f7" name="mtrl_extended_fab_translation_z_pressed" />
    <entry id="0x7f0702f8" name="mtrl_fab_elevation" />
    <entry id="0x7f0702fa" name="mtrl_fab_translation_z_hovered_focused" />
    <entry id="0x7f0702fb" name="mtrl_fab_translation_z_pressed" />
    <entry id="0x7f0702fc" name="mtrl_high_ripple_default_alpha" />
    <entry id="0x7f0702fd" name="mtrl_high_ripple_focused_alpha" />
    <entry id="0x7f0702fe" name="mtrl_high_ripple_hovered_alpha" />
    <entry id="0x7f0702ff" name="mtrl_high_ripple_pressed_alpha" />
    <entry id="0x7f070300" name="mtrl_low_ripple_default_alpha" />
    <entry id="0x7f070301" name="mtrl_low_ripple_focused_alpha" />
    <entry id="0x7f070302" name="mtrl_low_ripple_hovered_alpha" />
    <entry id="0x7f070303" name="mtrl_low_ripple_pressed_alpha" />
    <entry id="0x7f070304" name="mtrl_min_touch_target_size" />
    <entry id="0x7f070305" name="mtrl_navigation_bar_item_default_icon_size" />
    <entry id="0x7f070306" name="mtrl_navigation_bar_item_default_margin" />
    <entry id="0x7f070308" name="mtrl_navigation_item_horizontal_padding" />
    <entry id="0x7f070309" name="mtrl_navigation_item_icon_padding" />
    <entry id="0x7f07030a" name="mtrl_navigation_item_icon_size" />
    <entry id="0x7f07030b" name="mtrl_navigation_item_shape_horizontal_margin" />
    <entry id="0x7f07030c" name="mtrl_navigation_item_shape_vertical_margin" />
    <entry id="0x7f07030f" name="mtrl_navigation_rail_default_width" />
    <entry id="0x7f070310" name="mtrl_navigation_rail_elevation" />
    <entry id="0x7f070311" name="mtrl_navigation_rail_icon_margin" />
    <entry id="0x7f070312" name="mtrl_navigation_rail_icon_size" />
    <entry id="0x7f070314" name="mtrl_navigation_rail_text_bottom_margin" />
    <entry id="0x7f070318" name="mtrl_progress_circular_inset_medium" />
    <entry id="0x7f07031d" name="mtrl_progress_circular_size_medium" />
    <entry id="0x7f070320" name="mtrl_progress_circular_track_thickness_medium" />
    <entry id="0x7f070323" name="mtrl_progress_track_thickness" />
    <entry id="0x7f070324" name="mtrl_shape_corner_size_large_component" />
    <entry id="0x7f070325" name="mtrl_shape_corner_size_medium_component" />
    <entry id="0x7f070326" name="mtrl_shape_corner_size_small_component" />
    <entry id="0x7f070327" name="mtrl_slider_halo_radius" />
    <entry id="0x7f07032b" name="mtrl_slider_thumb_elevation" />
    <entry id="0x7f07032c" name="mtrl_slider_thumb_radius" />
    <entry id="0x7f07032d" name="mtrl_slider_tick_radius" />
    <entry id="0x7f07032e" name="mtrl_slider_track_height" />
    <entry id="0x7f070331" name="mtrl_snackbar_action_text_color_alpha" />
    <entry id="0x7f070332" name="mtrl_snackbar_background_corner_radius" />
    <entry id="0x7f070333" name="mtrl_snackbar_background_overlay_color_alpha" />
    <entry id="0x7f070334" name="mtrl_snackbar_margin" />
    <entry id="0x7f070335" name="mtrl_snackbar_message_margin_horizontal" />
    <entry id="0x7f070336" name="mtrl_snackbar_padding_horizontal" />
    <entry id="0x7f07033d" name="mtrl_textinput_box_corner_radius_small" />
    <entry id="0x7f07033e" name="mtrl_textinput_box_label_cutout_padding" />
    <entry id="0x7f07033f" name="mtrl_textinput_box_stroke_width_default" />
    <entry id="0x7f070340" name="mtrl_textinput_box_stroke_width_focused" />
    <entry id="0x7f070341" name="mtrl_textinput_counter_margin_start" />
    <entry id="0x7f070342" name="mtrl_textinput_end_icon_margin_start" />
    <entry id="0x7f070344" name="mtrl_textinput_start_icon_margin_end" />
    <entry id="0x7f070345" name="mtrl_toolbar_default_height" />
    <entry id="0x7f070348" name="mtrl_tooltip_minHeight" />
    <entry id="0x7f070349" name="mtrl_tooltip_minWidth" />
    <entry id="0x7f07034a" name="mtrl_tooltip_padding" />
    <entry id="0x7f07034c" name="notification_action_icon_size" />
    <entry id="0x7f07034d" name="notification_action_text_size" />
    <entry id="0x7f07034e" name="notification_big_circle_margin" />
    <entry id="0x7f07034f" name="notification_content_margin_start" />
    <entry id="0x7f070350" name="notification_large_icon_height" />
    <entry id="0x7f070351" name="notification_large_icon_width" />
    <entry id="0x7f070352" name="notification_main_column_padding_top" />
    <entry id="0x7f070353" name="notification_media_narrow_margin" />
    <entry id="0x7f070354" name="notification_right_icon_size" />
    <entry id="0x7f070355" name="notification_right_side_padding_top" />
    <entry id="0x7f070356" name="notification_small_icon_background_padding" />
    <entry id="0x7f070357" name="notification_small_icon_size_as_large" />
    <entry id="0x7f070358" name="notification_subtext_size" />
    <entry id="0x7f070359" name="notification_top_pad" />
    <entry id="0x7f07035a" name="notification_top_pad_large_text" />
    <entry id="0x7f07035b" name="player_icon_margin" />
    <entry id="0x7f07035c" name="player_icon_size" />
    <entry id="0x7f07035d" name="player_parent__icon_size" />
    <entry id="0x7f07035e" name="text_margin" />
    <entry id="0x7f07035f" name="text_size_15" />
    <entry id="0x7f070360" name="text_size_16" />
    <entry id="0x7f070361" name="text_size_18" />
    <entry id="0x7f070362" name="tooltip_corner_radius" />
    <entry id="0x7f070363" name="tooltip_horizontal_padding" />
    <entry id="0x7f070364" name="tooltip_margin" />
    <entry id="0x7f070365" name="tooltip_precise_anchor_extra_offset" />
    <entry id="0x7f070366" name="tooltip_precise_anchor_threshold" />
    <entry id="0x7f070367" name="tooltip_vertical_padding" />
    <entry id="0x7f070368" name="tooltip_y_offset_non_touch" />
    <entry id="0x7f070369" name="tooltip_y_offset_touch" />
</type>