<?xml version='1.0' encoding='utf-8' ?>
<resources>
    <path name="drawable0000">res/qy.xml</path>
    <path name="drawable0001">res/u6.xml</path>
    <path name="drawable0002">res/w-.xml</path>
    <path name="drawable0003">res/Cm.xml</path>
    <path name="drawable0004">res/Cq.xml</path>
    <path name="drawable0005">res/A8.xml</path>
    <path name="drawable0006">res/cV1.xml</path>
    <path name="drawable0007">res/Se.xml</path>
    <path name="drawable0008">res/_9.xml</path>
    <path name="drawable0009">res/jn.xml</path>
    <path name="drawable000a">res/xa.xml</path>
    <path name="drawable000b">res/eK1.xml</path>
    <path name="drawable000c">res/eZ.xml</path>
    <path name="drawable000d">res/2w.xml</path>
    <path name="drawable000e">res/21.xml</path>
    <path name="drawable000f">res/7s1.xml</path>
    <path name="drawable0016">res/YW1.xml</path>
    <path name="drawable0017">res/D6.xml</path>
    <path name="drawable0018">res/wP.xml</path>
    <path name="drawable0019">res/dC.xml</path>
    <path name="drawable001a">res/a5.xml</path>
    <path name="drawable001b">res/59.xml</path>
    <path name="drawable001c">res/MZ.xml</path>
    <path name="drawable001d">res/Qp.xml</path>
    <path name="drawable001e">res/ya.xml</path>
    <path name="drawable001f">res/OX.xml</path>
    <path name="drawable0020">res/HC.xml</path>
    <path name="drawable0021">res/JT.xml</path>
    <path name="drawable0022">res/pn.xml</path>
    <path name="drawable0023">res/R2.xml</path>
    <path name="drawable0024">res/Lt.xml</path>
    <path name="drawable0025">res/LT.xml</path>
    <path name="drawable0026">res/S6.xml</path>
    <path name="drawable0027">res/Zd.xml</path>
    <path name="drawable0028">res/68.xml</path>
    <path name="drawable0029">res/nm.xml</path>
    <path name="abc_action_bar_item_background_material">res/XY.xml</path>
    <path name="abc_btn_borderless_material">res/xj.xml</path>
    <path name="abc_btn_check_material">res/sA.xml</path>
    <path name="abc_btn_check_material_anim">res/oP.xml</path>
    <path name="abc_btn_colored_material">res/Eg.xml</path>
    <path name="abc_btn_default_mtrl_shape">res/9T.xml</path>
    <path name="abc_btn_radio_material">res/Jl.xml</path>
    <path name="abc_btn_radio_material_anim">res/kn.xml</path>
    <path name="abc_cab_background_internal_bg">res/YW.xml</path>
    <path name="abc_cab_background_top_material">res/271.xml</path>
    <path name="abc_dialog_material_background">res/tL.xml</path>
    <path name="abc_edit_text_material">res/GK1.xml</path>
    <path name="abc_ic_ab_back_material">res/4_1.xml</path>
    <path name="abc_ic_arrow_drop_right_black_24dp">res/ZN.xml</path>
    <path name="abc_ic_clear_material">res/VN1.xml</path>
    <path name="abc_ic_go_search_api_material">res/BJ.xml</path>
    <path name="abc_ic_menu_copy_mtrl_am_alpha">res/ZL.xml</path>
    <path name="abc_ic_menu_cut_mtrl_alpha">res/GD.xml</path>
    <path name="abc_ic_menu_overflow_material">res/DV.xml</path>
    <path name="abc_ic_menu_paste_mtrl_am_alpha">res/Qd.xml</path>
    <path name="abc_ic_menu_selectall_mtrl_alpha">res/cm.xml</path>
    <path name="abc_ic_menu_share_mtrl_alpha">res/Qt.xml</path>
    <path name="abc_ic_search_api_material">res/D5.xml</path>
    <path name="abc_ic_voice_search_api_material">res/GC.xml</path>
    <path name="abc_item_background_holo_dark">res/t8.xml</path>
    <path name="abc_item_background_holo_light">res/Gt.xml</path>
    <path name="abc_list_divider_material">res/bb.xml</path>
    <path name="abc_list_selector_background_transition_holo_dark">res/Cg.xml</path>
    <path name="abc_list_selector_background_transition_holo_light">res/MO.xml</path>
    <path name="abc_list_selector_holo_dark">res/L_.xml</path>
    <path name="abc_list_selector_holo_light">res/0M.xml</path>
    <path name="abc_ratingbar_indicator_material">res/aW.xml</path>
    <path name="abc_ratingbar_material">res/XW.xml</path>
    <path name="abc_ratingbar_small_material">res/QZ.xml</path>
    <path name="abc_seekbar_thumb_material">res/j3.xml</path>
    <path name="abc_seekbar_tick_mark_material">res/Xx.xml</path>
    <path name="abc_seekbar_track_material">res/bL.xml</path>
    <path name="abc_spinner_textfield_background_material">res/nT.xml</path>
    <path name="abc_star_black_48dp">res/cL.xml</path>
    <path name="abc_star_half_black_48dp">res/9P.xml</path>
    <path name="abc_switch_thumb_material">res/7H.xml</path>
    <path name="abc_tab_indicator_material">res/In.xml</path>
    <path name="abc_text_cursor_material">res/XK.xml</path>
    <path name="abc_textfield_search_material">res/4u.xml</path>
    <path name="abc_vector_test">res/hq.xml</path>
    <path name="admob_close_button_black_circle_white_cross">res/jm.xml</path>
    <path name="admob_close_button_white_circle_black_cross">res/XJ.xml</path>
    <path name="admob_close_button_white_cross">res/mL.xml</path>
    <path name="al_exo_controls_fastforward">@drawable/applovin_exo_icon_fastforward</path>
    <path name="al_exo_controls_fullscreen_enter">@drawable/applovin_exo_icon_fullscreen_enter</path>
    <path name="al_exo_controls_fullscreen_exit">@drawable/applovin_exo_icon_fullscreen_exit</path>
    <path name="al_exo_controls_next">@drawable/applovin_exo_icon_next</path>
    <path name="al_exo_controls_pause">@drawable/applovin_exo_icon_pause</path>
    <path name="al_exo_controls_play">@drawable/applovin_exo_icon_play</path>
    <path name="al_exo_controls_previous">@drawable/applovin_exo_icon_previous</path>
    <path name="al_exo_controls_repeat_all">@drawable/applovin_exo_icon_repeat_all</path>
    <path name="al_exo_controls_repeat_off">@drawable/applovin_exo_icon_repeat_off</path>
    <path name="al_exo_controls_repeat_one">@drawable/applovin_exo_icon_repeat_one</path>
    <path name="al_exo_controls_rewind">@drawable/applovin_exo_icon_rewind</path>
    <path name="al_exo_controls_shuffle_off">@drawable/applovin_exo_icon_shuffle_off</path>
    <path name="al_exo_controls_shuffle_on">@drawable/applovin_exo_icon_shuffle_on</path>
    <path name="al_exo_controls_vr">@drawable/applovin_exo_icon_vr</path>
    <path name="al_exo_notification_fastforward">@drawable/applovin_exo_icon_fastforward</path>
    <path name="al_exo_notification_next">@drawable/applovin_exo_icon_next</path>
    <path name="al_exo_notification_pause">@drawable/applovin_exo_icon_pause</path>
    <path name="al_exo_notification_play">@drawable/applovin_exo_icon_play</path>
    <path name="al_exo_notification_previous">@drawable/applovin_exo_icon_previous</path>
    <path name="al_exo_notification_rewind">@drawable/applovin_exo_icon_rewind</path>
    <path name="al_exo_notification_small_icon">@drawable/applovin_exo_icon_circular_play</path>
    <path name="al_exo_notification_stop">@drawable/applovin_exo_icon_stop</path>
    <path name="al_exo_styled_controls_audiotrack">@drawable/applovin_exo_ic_audiotrack</path>
    <path name="al_exo_styled_controls_check">@drawable/applovin_exo_ic_check</path>
    <path name="al_exo_styled_controls_fastforward">@drawable/applovin_exo_ic_forward</path>
    <path name="al_exo_styled_controls_fullscreen_enter">@drawable/applovin_exo_ic_fullscreen_enter</path>
    <path name="al_exo_styled_controls_fullscreen_exit">@drawable/applovin_exo_ic_fullscreen_exit</path>
    <path name="al_exo_styled_controls_next">@drawable/applovin_exo_ic_skip_next</path>
    <path name="al_exo_styled_controls_overflow_hide">@drawable/applovin_exo_ic_chevron_left</path>
    <path name="al_exo_styled_controls_overflow_show">@drawable/applovin_exo_ic_chevron_right</path>
    <path name="al_exo_styled_controls_pause">@drawable/applovin_exo_ic_pause_circle_filled</path>
    <path name="al_exo_styled_controls_play">@drawable/applovin_exo_ic_play_circle_filled</path>
    <path name="al_exo_styled_controls_previous">@drawable/applovin_exo_ic_skip_previous</path>
    <path name="al_exo_styled_controls_repeat_all">@drawable/applovin_exo_icon_repeat_all</path>
    <path name="al_exo_styled_controls_repeat_off">@drawable/applovin_exo_icon_repeat_off</path>
    <path name="al_exo_styled_controls_repeat_one">@drawable/applovin_exo_icon_repeat_one</path>
    <path name="al_exo_styled_controls_rewind">@drawable/applovin_exo_ic_rewind</path>
    <path name="al_exo_styled_controls_settings">@drawable/applovin_exo_ic_settings</path>
    <path name="al_exo_styled_controls_shuffle_off">@drawable/applovin_exo_icon_shuffle_off</path>
    <path name="al_exo_styled_controls_shuffle_on">@drawable/applovin_exo_icon_shuffle_on</path>
    <path name="al_exo_styled_controls_speed">@drawable/applovin_exo_ic_speed</path>
    <path name="al_exo_styled_controls_subtitle_off">@drawable/applovin_exo_ic_subtitle_off</path>
    <path name="al_exo_styled_controls_subtitle_on">@drawable/applovin_exo_ic_subtitle_on</path>
    <path name="al_exo_styled_controls_vr">@drawable/applovin_exo_icon_vr</path>
    <path name="app_icon">res/aH.png</path>
    <path name="app_icon_round">res/KR.png</path>
    <path name="applovin_consent_flow_gdpr_flow_switch_thumb">res/-x.xml</path>
    <path name="applovin_consent_flow_gdpr_flow_switch_track">res/jI.xml</path>
    <path name="applovin_consent_flow_gdpr_positive_button_background">res/nK.xml</path>
    <path name="applovin_consent_flow_gdpr_rounded_background">res/Hc.xml</path>
    <path name="applovin_creative_debugger_report_ad_rounded_button">res/Dm.xml</path>
    <path name="applovin_exo_icon_circular_play">res/lY.png</path>
    <path name="applovin_exo_icon_vr">res/fx.png</path>
    <path name="applovin_exo_rounded_rectangle">res/uP.xml</path>
    <path name="applovin_ic_mediation_placeholder">res/XQ.xml</path>
    <path name="applovin_ic_mute_to_unmute">res/zS.xml</path>
    <path name="applovin_ic_privacy_icon">res/ES.png</path>
    <path name="applovin_ic_privacy_icon_layered_list">res/OD.xml</path>
    <path name="applovin_ic_unmute_to_mute">res/Lq.xml</path>
    <path name="applovin_ic_white_small">res/28.png</path>
    <path name="applovin_rounded_black_background">res/Ja.xml</path>
    <path name="applovin_rounded_button">res/_l.xml</path>
    <path name="applovin_rounded_text_view_border">res/Io.xml</path>
    <path name="avd_hide_password">res/Tf.xml</path>
    <path name="avd_show_password">res/FS.xml</path>
    <path name="btn_checkbox_checked_mtrl">res/80.xml</path>
    <path name="btn_checkbox_checked_to_unchecked_mtrl_animation">res/rW.xml</path>
    <path name="btn_checkbox_unchecked_mtrl">res/U8.xml</path>
    <path name="btn_checkbox_unchecked_to_checked_mtrl_animation">res/6Q.xml</path>
    <path name="btn_radio_off_mtrl">res/Nu.xml</path>
    <path name="btn_radio_off_to_on_mtrl_animation">res/A4.xml</path>
    <path name="btn_radio_on_mtrl">res/Ol.xml</path>
    <path name="btn_radio_on_to_off_mtrl_animation">res/rx.xml</path>
    <path name="button_back">res/4X.xml</path>
    <path name="category_back">res/jf.xml</path>
    <path name="common_google_signin_btn_icon_dark">res/EQ.xml</path>
    <path name="common_google_signin_btn_icon_dark_focused">res/Rt.xml</path>
    <path name="common_google_signin_btn_icon_dark_normal">res/p7.xml</path>
    <path name="common_google_signin_btn_icon_disabled">res/T5.xml</path>
    <path name="common_google_signin_btn_icon_light">res/Bl.xml</path>
    <path name="common_google_signin_btn_icon_light_focused">res/47.xml</path>
    <path name="common_google_signin_btn_icon_light_normal">res/pI.xml</path>
    <path name="common_google_signin_btn_text_dark">res/y6.xml</path>
    <path name="common_google_signin_btn_text_dark_focused">res/Bz.xml</path>
    <path name="common_google_signin_btn_text_dark_normal">res/Lr.xml</path>
    <path name="common_google_signin_btn_text_disabled">res/-8.xml</path>
    <path name="common_google_signin_btn_text_light">res/K-.xml</path>
    <path name="common_google_signin_btn_text_light_focused">res/TK.xml</path>
    <path name="common_google_signin_btn_text_light_normal">res/Pb.xml</path>
    <path name="design_fab_background">res/iI.xml</path>
    <path name="design_ic_visibility">res/zG.xml</path>
    <path name="design_ic_visibility_off">res/dw.xml</path>
    <path name="design_password_eye">res/fg.xml</path>
    <path name="design_snackbar_background">res/kN.xml</path>
    <path name="exo_controls_fastforward">@drawable/exo_icon_fastforward</path>
    <path name="exo_controls_next">@drawable/exo_icon_next</path>
    <path name="exo_controls_pause">@drawable/exo_icon_pause</path>
    <path name="exo_controls_play">@drawable/exo_icon_play</path>
    <path name="exo_controls_previous">@drawable/exo_icon_previous</path>
    <path name="exo_controls_repeat_all">@drawable/exo_icon_repeat_all</path>
    <path name="exo_controls_repeat_off">@drawable/exo_icon_repeat_off</path>
    <path name="exo_controls_repeat_one">@drawable/exo_icon_repeat_one</path>
    <path name="exo_controls_rewind">@drawable/exo_icon_rewind</path>
    <path name="exo_controls_shuffle_off">@drawable/exo_icon_shuffle_off</path>
    <path name="exo_controls_shuffle_on">@drawable/exo_icon_shuffle_on</path>
    <path name="exo_controls_vr">@drawable/exo_icon_vr</path>
    <path name="ic_aspect_ratio">res/6t.xml</path>
    <path name="ic_back">res/Cc.xml</path>
    <path name="ic_background">res/_c.png</path>
    <path name="ic_cast">res/IV.xml</path>
    <path name="ic_cast_1">res/BW.xml</path>
    <path name="ic_channels">res/v_.png</path>
    <path name="ic_contact">res/qi.png</path>
    <path name="ic_exit_app">res/XV.png</path>
    <path name="ic_facebook">res/VI.png</path>
    <path name="ic_forward">res/I3.xml</path>
    <path name="ic_fullscreen">res/15.xml</path>
    <path name="ic_home_whited">res/CB.png</path>
    <path name="ic_instagram">res/NN.png</path>
    <path name="ic_matches">res/t9.png</path>
    <path name="ic_menu">res/mt.png</path>
    <path name="ic_mic">res/Wa.png</path>
    <path name="ic_movies">res/JJ.png</path>
    <path name="ic_mtrl_checked_circle">res/fW.xml</path>
    <path name="ic_mtrl_chip_checked_black">res/dj.xml</path>
    <path name="ic_mtrl_chip_checked_circle">res/8y.xml</path>
    <path name="ic_mtrl_chip_close_circle">res/iZ.xml</path>
    <path name="ic_notification">res/of.png</path>
    <path name="ic_pause">res/Mq.xml</path>
    <path name="ic_play">res/-c.xml</path>
    <path name="ic_rewind">res/qM.xml</path>
    <path name="ic_settings">res/CN.xml</path>
    <path name="ic_share">res/Qz.png</path>
    <path name="ic_subscribe_icon">res/3k.xml</path>
    <path name="ic_telegram">res/pq.png</path>
    <path name="ic_tube">res/ya.png</path>
    <path name="ic_volume_off">res/2-.xml</path>
    <path name="ic_vpn">res/Wi.png</path>
    <path name="iv_volume_on">res/2f1.xml</path>
    <path name="material_cursor_drawable">res/GT.xml</path>
    <path name="material_ic_calendar_black_24dp">res/0C.xml</path>
    <path name="material_ic_clear_black_24dp">res/pF.xml</path>
    <path name="material_ic_edit_black_24dp">res/eH.xml</path>
    <path name="material_ic_keyboard_arrow_left_black_24dp">res/WK.xml</path>
    <path name="material_ic_keyboard_arrow_next_black_24dp">@drawable/material_ic_keyboard_arrow_right_black_24dp</path>
    <path name="material_ic_keyboard_arrow_previous_black_24dp">@drawable/material_ic_keyboard_arrow_left_black_24dp</path>
    <path name="material_ic_keyboard_arrow_right_black_24dp">res/sO.xml</path>
    <path name="material_ic_menu_arrow_down_black_24dp">res/Xf.xml</path>
    <path name="material_ic_menu_arrow_up_black_24dp">res/rJ.xml</path>
    <path name="mtrl_checkbox_button">res/sl.xml</path>
    <path name="mtrl_checkbox_button_checked_unchecked">res/2F.xml</path>
    <path name="mtrl_checkbox_button_icon">res/G2.xml</path>
    <path name="mtrl_checkbox_button_icon_checked_indeterminate">res/Id.xml</path>
    <path name="mtrl_checkbox_button_icon_checked_unchecked">res/sX.xml</path>
    <path name="mtrl_checkbox_button_icon_indeterminate_checked">res/By1.xml</path>
    <path name="mtrl_checkbox_button_icon_indeterminate_unchecked">res/QN.xml</path>
    <path name="mtrl_checkbox_button_icon_unchecked_checked">res/k9.xml</path>
    <path name="mtrl_checkbox_button_icon_unchecked_indeterminate">res/7s.xml</path>
    <path name="mtrl_checkbox_button_unchecked_checked">res/yT.xml</path>
    <path name="mtrl_dialog_background">res/JD.xml</path>
    <path name="mtrl_dropdown_arrow">res/w9.xml</path>
    <path name="mtrl_ic_arrow_drop_down">res/-B.xml</path>
    <path name="mtrl_ic_arrow_drop_up">res/27.xml</path>
    <path name="mtrl_ic_cancel">res/PX.xml</path>
    <path name="mtrl_ic_check_mark">res/oa.xml</path>
    <path name="mtrl_ic_checkbox_checked">res/JQ.xml</path>
    <path name="mtrl_ic_checkbox_unchecked">res/M2.xml</path>
    <path name="mtrl_ic_error">res/D4.xml</path>
    <path name="mtrl_ic_indeterminate">res/cc.xml</path>
    <path name="mtrl_navigation_bar_item_background">res/WI.xml</path>
    <path name="mtrl_popupmenu_background">res/QD.xml</path>
    <path name="mtrl_popupmenu_background_overlay">res/_i.xml</path>
    <path name="mtrl_tabs_default_indicator">res/Xz.xml</path>
    <path name="navigation_empty_icon">res/eM.xml</path>
    <path name="notification_action_background">res/Ws.xml</path>
    <path name="notification_bg">res/nz.xml</path>
    <path name="notification_bg_low">res/df.xml</path>
    <path name="notification_icon_background">res/c6.xml</path>
    <color name="notification_template_icon_bg">#3333b5e5</color>
    <color name="notification_template_icon_low_bg">#0cffffff</color>
    <path name="notification_tile_bg">res/9m.xml</path>
    <path name="offline_dialog_background">res/DZ1.xml</path>
    <path name="offline_dialog_default_icon_42dp">res/lW.xml</path>
    <path name="retry_back">res/Ni.xml</path>
    <path name="test_level_drawable">res/zp.xml</path>
    <path name="time_back">res/Zq.xml</path>
    <path name="tooltip_frame_dark">res/_G.xml</path>
    <path name="tooltip_frame_light">res/NM.xml</path>
</resources>