<?xml version='1.0' encoding='utf-8' ?>
<resources>
    <path name="abc_ab_share_pack_mtrl_alpha">res/0c.9.png</path>
    <path name="abc_btn_check_to_on_mtrl_000">res/w_.png</path>
    <path name="abc_btn_check_to_on_mtrl_015">res/tS.png</path>
    <path name="abc_btn_radio_to_on_mtrl_000">res/zE.png</path>
    <path name="abc_btn_radio_to_on_mtrl_015">res/eR.png</path>
    <path name="abc_btn_switch_to_on_mtrl_00001">res/ut.9.png</path>
    <path name="abc_btn_switch_to_on_mtrl_00012">res/fM.9.png</path>
    <path name="abc_cab_background_top_mtrl_alpha">res/K_.9.png</path>
    <path name="abc_ic_commit_search_api_mtrl_alpha">res/_q.png</path>
    <path name="abc_list_divider_mtrl_alpha">res/hZ.9.png</path>
    <path name="abc_list_focused_holo">res/UE.9.png</path>
    <path name="abc_list_longpressed_holo">res/SV.9.png</path>
    <path name="abc_list_pressed_holo_dark">res/Pg.9.png</path>
    <path name="abc_list_pressed_holo_light">res/8h.9.png</path>
    <path name="abc_list_selector_disabled_holo_dark">res/py.9.png</path>
    <path name="abc_list_selector_disabled_holo_light">res/W4.9.png</path>
    <path name="abc_menu_hardkey_panel_mtrl_mult">res/33.9.png</path>
    <path name="abc_popup_background_mtrl_mult">res/Nk.9.png</path>
    <path name="abc_scrubber_control_off_mtrl_alpha">res/BM.png</path>
    <path name="abc_scrubber_control_to_pressed_mtrl_000">res/2d.png</path>
    <path name="abc_scrubber_control_to_pressed_mtrl_005">res/qp.png</path>
    <path name="abc_scrubber_primary_mtrl_alpha">res/YG.9.png</path>
    <path name="abc_scrubber_track_mtrl_alpha">res/xR.9.png</path>
    <path name="abc_spinner_mtrl_am_alpha">res/Tj.9.png</path>
    <path name="abc_switch_track_mtrl_alpha">res/yg.9.png</path>
    <path name="abc_tab_indicator_mtrl_alpha">res/i6.9.png</path>
    <path name="abc_text_select_handle_left_mtrl">res/H-.png</path>
    <path name="abc_text_select_handle_middle_mtrl">res/EP.png</path>
    <path name="abc_text_select_handle_right_mtrl">res/xH.png</path>
    <path name="abc_textfield_activated_mtrl_alpha">res/vz.9.png</path>
    <path name="abc_textfield_default_mtrl_alpha">res/D_.9.png</path>
    <path name="abc_textfield_search_activated_mtrl_alpha">res/Su.9.png</path>
    <path name="abc_textfield_search_default_mtrl_alpha">res/ps.9.png</path>
    <path name="applovin_exo_edit_mode_logo">res/_w.png</path>
    <path name="applovin_exo_ic_audiotrack">res/BL.png</path>
    <path name="applovin_exo_ic_check">res/1K1.png</path>
    <path name="applovin_exo_ic_chevron_left">res/ZK.png</path>
    <path name="applovin_exo_ic_chevron_right">res/Jv.png</path>
    <path name="applovin_exo_ic_default_album_image">res/SS1.png</path>
    <path name="applovin_exo_ic_forward">res/ss1.png</path>
    <path name="applovin_exo_ic_fullscreen_enter">res/aO.png</path>
    <path name="applovin_exo_ic_fullscreen_exit">res/eV.png</path>
    <path name="applovin_exo_ic_pause_circle_filled">res/Oq.png</path>
    <path name="applovin_exo_ic_play_circle_filled">res/zv.png</path>
    <path name="applovin_exo_ic_rewind">res/xf.png</path>
    <path name="applovin_exo_ic_settings">res/cU.png</path>
    <path name="applovin_exo_ic_skip_next">res/Fe.png</path>
    <path name="applovin_exo_ic_skip_previous">res/GL.png</path>
    <path name="applovin_exo_ic_speed">res/LM.png</path>
    <path name="applovin_exo_ic_subtitle_off">res/Bs.png</path>
    <path name="applovin_exo_ic_subtitle_on">res/gb.png</path>
    <path name="applovin_exo_icon_fastforward">res/qH.png</path>
    <path name="applovin_exo_icon_fullscreen_enter">res/ld.png</path>
    <path name="applovin_exo_icon_fullscreen_exit">res/N_.png</path>
    <path name="applovin_exo_icon_next">res/fe.png</path>
    <path name="applovin_exo_icon_pause">res/eg.png</path>
    <path name="applovin_exo_icon_play">res/CX.png</path>
    <path name="applovin_exo_icon_previous">res/b_.png</path>
    <path name="applovin_exo_icon_repeat_all">res/NA.png</path>
    <path name="applovin_exo_icon_repeat_off">res/yB.png</path>
    <path name="applovin_exo_icon_repeat_one">res/JC.png</path>
    <path name="applovin_exo_icon_rewind">res/Ry.png</path>
    <path name="applovin_exo_icon_shuffle_off">res/Cp.png</path>
    <path name="applovin_exo_icon_shuffle_on">res/Vi.png</path>
    <path name="applovin_exo_icon_stop">res/l8.png</path>
    <path name="applovin_ic_baseline_add_circle_outline">res/yc.png</path>
    <path name="applovin_ic_check_mark_bordered">res/a_.png</path>
    <path name="applovin_ic_check_mark_borderless">res/he.png</path>
    <path name="applovin_ic_disclosure_arrow">res/w4.png</path>
    <path name="applovin_ic_mediation_adcolony">res/7U.png</path>
    <path name="applovin_ic_mediation_admob">res/CZ.png</path>
    <path name="applovin_ic_mediation_amazon_marketplace">res/Qu.png</path>
    <path name="applovin_ic_mediation_applovin">res/po.png</path>
    <path name="applovin_ic_mediation_bidmachine">res/8R.png</path>
    <path name="applovin_ic_mediation_chartboost">res/9D.png</path>
    <path name="applovin_ic_mediation_criteo">res/C0.png</path>
    <path name="applovin_ic_mediation_facebook">res/qK.png</path>
    <path name="applovin_ic_mediation_fyber">res/dv.png</path>
    <path name="applovin_ic_mediation_google_ad_manager">res/Vy.png</path>
    <path name="applovin_ic_mediation_hyprmx">res/cv.png</path>
    <path name="applovin_ic_mediation_inmobi">res/bR.png</path>
    <path name="applovin_ic_mediation_ironsource">res/FG.png</path>
    <path name="applovin_ic_mediation_line">res/cs.png</path>
    <path name="applovin_ic_mediation_maio">res/02.png</path>
    <path name="applovin_ic_mediation_mintegral">res/b0.png</path>
    <path name="applovin_ic_mediation_mobilefuse">res/y4.png</path>
    <path name="applovin_ic_mediation_mytarget">res/Mq1.png</path>
    <path name="applovin_ic_mediation_nend">res/n9.png</path>
    <path name="applovin_ic_mediation_ogury_presage">res/DC.png</path>
    <path name="applovin_ic_mediation_pangle">res/yO.png</path>
    <path name="applovin_ic_mediation_smaato">res/lz.png</path>
    <path name="applovin_ic_mediation_tapjoy">res/DH.png</path>
    <path name="applovin_ic_mediation_tiktok">res/ol.png</path>
    <path name="applovin_ic_mediation_unity">res/WS.png</path>
    <path name="applovin_ic_mediation_verve">res/2w.png</path>
    <path name="applovin_ic_mediation_vungle">res/JP.png</path>
    <path name="applovin_ic_mediation_yandex">res/wn.png</path>
    <path name="applovin_ic_pause_icon">res/1L.png</path>
    <path name="applovin_ic_play_icon">res/zO.png</path>
    <path name="applovin_ic_replay_icon">res/yM.png</path>
    <path name="applovin_ic_warning">res/xb.png</path>
    <path name="applovin_ic_warning_outline">res/gK.png</path>
    <path name="applovin_ic_x_mark">res/J_.png</path>
    <path name="common_google_signin_btn_icon_dark_normal_background">res/oO.9.png</path>
    <path name="common_google_signin_btn_icon_light_normal_background">res/dB.9.png</path>
    <path name="common_google_signin_btn_text_dark_normal_background">res/1C.9.png</path>
    <path name="common_google_signin_btn_text_light_normal_background">res/nC.9.png</path>
    <path name="exo_edit_mode_logo">res/am.png</path>
    <path name="exo_icon_fastforward">res/8P.png</path>
    <path name="exo_icon_next">res/Mp.png</path>
    <path name="exo_icon_pause">res/Lq.png</path>
    <path name="exo_icon_play">res/3a.png</path>
    <path name="exo_icon_previous">res/6Z.png</path>
    <path name="exo_icon_repeat_all">res/Fm.png</path>
    <path name="exo_icon_repeat_off">res/RL.png</path>
    <path name="exo_icon_repeat_one">res/Z7.png</path>
    <path name="exo_icon_rewind">res/47.png</path>
    <path name="exo_icon_shuffle_off">res/UP.png</path>
    <path name="exo_icon_shuffle_on">res/Wd.png</path>
    <path name="exo_icon_vr">res/_P.png</path>
    <path name="googleg_disabled_color_18">res/Dd.png</path>
    <path name="googleg_standard_color_18">res/f9.png</path>
    <path name="ic_call_decline">res/LO.png</path>
    <path name="notification_bg_low_normal">res/gK.9.png</path>
    <path name="notification_bg_low_pressed">res/U-.9.png</path>
    <path name="notification_bg_normal">res/C_.9.png</path>
    <path name="notification_bg_normal_pressed">res/vL.9.png</path>
    <path name="notify_panel_notification_icon_bg">res/s4.png</path>
</resources>