<?xml version='1.0' encoding='utf-8' ?>
<resources>
    <path name="abc_btn_check_to_on_mtrl_000">res/pk.png</path>
    <path name="abc_btn_check_to_on_mtrl_015">res/tG.png</path>
    <path name="abc_btn_radio_to_on_mtrl_000">res/j4.png</path>
    <path name="abc_btn_radio_to_on_mtrl_015">res/8h.png</path>
    <path name="abc_btn_switch_to_on_mtrl_00001">res/NA.9.png</path>
    <path name="abc_btn_switch_to_on_mtrl_00012">res/MF.9.png</path>
    <path name="abc_scrubber_control_to_pressed_mtrl_000">res/KM1.png</path>
    <path name="abc_scrubber_control_to_pressed_mtrl_005">res/Pb.png</path>
    <path name="abc_spinner_mtrl_am_alpha">res/7C.9.png</path>
    <path name="abc_switch_track_mtrl_alpha">res/7_.9.png</path>
    <path name="abc_tab_indicator_mtrl_alpha">res/Gt.9.png</path>
    <path name="abc_text_select_handle_left_mtrl">res/u3.png</path>
    <path name="abc_text_select_handle_right_mtrl">res/MQ.png</path>
    <path name="exo_edit_mode_logo">res/eC.png</path>
    <path name="exo_icon_fastforward">res/T3.png</path>
    <path name="exo_icon_next">res/uU.png</path>
    <path name="exo_icon_pause">res/YV.png</path>
    <path name="exo_icon_play">res/Bo.png</path>
    <path name="exo_icon_previous">res/5m.png</path>
    <path name="exo_icon_repeat_all">res/eD.png</path>
    <path name="exo_icon_repeat_off">res/X4.png</path>
    <path name="exo_icon_repeat_one">res/zB.png</path>
    <path name="exo_icon_rewind">res/0G.png</path>
    <path name="exo_icon_shuffle_off">res/Qc.png</path>
    <path name="exo_icon_shuffle_on">res/Ud.png</path>
    <path name="ic_call_decline">res/p8.png</path>
</resources>