<?xml version='1.0' encoding='utf-8' ?>
<resources>
    <path name="applovin_exo_edit_mode_logo">res/YC.png</path>
    <path name="applovin_exo_ic_audiotrack">res/yP.png</path>
    <path name="applovin_exo_ic_check">res/zK1.png</path>
    <path name="applovin_exo_ic_chevron_left">res/f8.png</path>
    <path name="applovin_exo_ic_chevron_right">res/V4.png</path>
    <path name="applovin_exo_ic_default_album_image">res/zK.png</path>
    <path name="applovin_exo_ic_forward">res/mh.png</path>
    <path name="applovin_exo_ic_fullscreen_enter">res/CI.png</path>
    <path name="applovin_exo_ic_fullscreen_exit">res/RR.png</path>
    <path name="applovin_exo_ic_pause_circle_filled">res/XB.png</path>
    <path name="applovin_exo_ic_play_circle_filled">res/Ve.png</path>
    <path name="applovin_exo_ic_rewind">res/qK1.png</path>
    <path name="applovin_exo_ic_settings">res/_c2.png</path>
    <path name="applovin_exo_ic_skip_next">res/lZ.png</path>
    <path name="applovin_exo_ic_skip_previous">res/wB.png</path>
    <path name="applovin_exo_ic_speed">res/sS.png</path>
    <path name="applovin_exo_ic_subtitle_off">res/cr.png</path>
    <path name="applovin_exo_ic_subtitle_on">res/GJ.png</path>
    <path name="applovin_exo_icon_fastforward">res/FA.png</path>
    <path name="applovin_exo_icon_fullscreen_enter">res/Re.png</path>
    <path name="applovin_exo_icon_fullscreen_exit">res/9k.png</path>
    <path name="applovin_exo_icon_next">res/ix.png</path>
    <path name="applovin_exo_icon_pause">res/k2.png</path>
    <path name="applovin_exo_icon_play">res/Fa.png</path>
    <path name="applovin_exo_icon_previous">res/yZ.png</path>
    <path name="applovin_exo_icon_repeat_all">res/W2.png</path>
    <path name="applovin_exo_icon_repeat_off">res/Nd.png</path>
    <path name="applovin_exo_icon_repeat_one">res/79.png</path>
    <path name="applovin_exo_icon_rewind">res/tv.png</path>
    <path name="applovin_exo_icon_shuffle_off">res/BX.png</path>
    <path name="applovin_exo_icon_shuffle_on">res/XN.png</path>
    <path name="applovin_exo_icon_stop">res/q8.png</path>
    <path name="applovin_ic_baseline_add_circle_outline">res/pD.png</path>
    <path name="applovin_ic_check_mark_bordered">res/t6.png</path>
    <path name="applovin_ic_check_mark_borderless">res/Gc.png</path>
    <path name="applovin_ic_disclosure_arrow">res/an.png</path>
    <path name="applovin_ic_mediation_adcolony">res/8N.png</path>
    <path name="applovin_ic_mediation_admob">res/_c1.png</path>
    <path name="applovin_ic_mediation_amazon_marketplace">res/Yr.png</path>
    <path name="applovin_ic_mediation_applovin">res/di.png</path>
    <path name="applovin_ic_mediation_bidmachine">res/SW.png</path>
    <path name="applovin_ic_mediation_chartboost">res/Bq.png</path>
    <path name="applovin_ic_mediation_criteo">res/XR.png</path>
    <path name="applovin_ic_mediation_facebook">res/hy.png</path>
    <path name="applovin_ic_mediation_fyber">res/aE.png</path>
    <path name="applovin_ic_mediation_google_ad_manager">res/8P1.png</path>
    <path name="applovin_ic_mediation_hyprmx">res/88.png</path>
    <path name="applovin_ic_mediation_inmobi">res/uA.png</path>
    <path name="applovin_ic_mediation_ironsource">res/NB.png</path>
    <path name="applovin_ic_mediation_line">res/lM.png</path>
    <path name="applovin_ic_mediation_maio">res/ba.png</path>
    <path name="applovin_ic_mediation_mintegral">res/9b.png</path>
    <path name="applovin_ic_mediation_mobilefuse">res/rr.png</path>
    <path name="applovin_ic_mediation_mytarget">res/gp.png</path>
    <path name="applovin_ic_mediation_nend">res/L0.png</path>
    <path name="applovin_ic_mediation_ogury_presage">res/H8.png</path>
    <path name="applovin_ic_mediation_pangle">res/ee.png</path>
    <path name="applovin_ic_mediation_smaato">res/6O.png</path>
    <path name="applovin_ic_mediation_tapjoy">res/b9.png</path>
    <path name="applovin_ic_mediation_tiktok">res/OY.png</path>
    <path name="applovin_ic_mediation_unity">res/fU.png</path>
    <path name="applovin_ic_mediation_verve">res/nB.png</path>
    <path name="applovin_ic_mediation_vungle">res/Oo.png</path>
    <path name="applovin_ic_mediation_yandex">res/r4.png</path>
    <path name="applovin_ic_pause_icon">res/eq.png</path>
    <path name="applovin_ic_play_icon">res/0_.png</path>
    <path name="applovin_ic_replay_icon">res/F3.png</path>
    <path name="applovin_ic_warning">res/85.png</path>
    <path name="applovin_ic_warning_outline">res/sA.png</path>
    <path name="applovin_ic_x_mark">res/Wz.png</path>
    <path name="exo_edit_mode_logo">res/wX.png</path>
    <path name="exo_icon_fastforward">res/rH.png</path>
    <path name="exo_icon_next">res/rp.png</path>
    <path name="exo_icon_pause">res/9x.png</path>
    <path name="exo_icon_play">res/Ga.png</path>
    <path name="exo_icon_previous">res/Mu.png</path>
    <path name="exo_icon_repeat_all">res/d7.png</path>
    <path name="exo_icon_repeat_off">res/LU.png</path>
    <path name="exo_icon_repeat_one">res/fR.png</path>
    <path name="exo_icon_rewind">res/6z.png</path>
    <path name="exo_icon_shuffle_off">res/1x.png</path>
    <path name="exo_icon_shuffle_on">res/Nx.png</path>
    <path name="exo_icon_vr">res/fN.png</path>
    <path name="ic_call_decline">res/YD.png</path>
</resources>