<?xml version='1.0' encoding='utf-8' ?>
<resources>
    <path name="abc_ab_share_pack_mtrl_alpha">res/JJ.9.png</path>
    <path name="abc_btn_check_to_on_mtrl_000">res/-B.png</path>
    <path name="abc_btn_check_to_on_mtrl_015">res/d3.png</path>
    <path name="abc_btn_radio_to_on_mtrl_000">res/o_.png</path>
    <path name="abc_btn_radio_to_on_mtrl_015">res/Th.png</path>
    <path name="abc_btn_switch_to_on_mtrl_00001">res/io.9.png</path>
    <path name="abc_btn_switch_to_on_mtrl_00012">res/1J.9.png</path>
    <path name="abc_cab_background_top_mtrl_alpha">res/BL.9.png</path>
    <path name="abc_ic_commit_search_api_mtrl_alpha">res/iO.png</path>
    <path name="abc_list_divider_mtrl_alpha">res/jS1.9.png</path>
    <path name="abc_list_focused_holo">res/CK.9.png</path>
    <path name="abc_list_longpressed_holo">res/42.9.png</path>
    <path name="abc_list_pressed_holo_dark">res/0x.9.png</path>
    <path name="abc_list_pressed_holo_light">res/Yt.9.png</path>
    <path name="abc_list_selector_disabled_holo_dark">res/jS.9.png</path>
    <path name="abc_list_selector_disabled_holo_light">res/65.9.png</path>
    <path name="abc_menu_hardkey_panel_mtrl_mult">res/uL.9.png</path>
    <path name="abc_popup_background_mtrl_mult">res/IX.9.png</path>
    <path name="abc_scrubber_control_off_mtrl_alpha">res/m0.png</path>
    <path name="abc_scrubber_control_to_pressed_mtrl_000">res/dW.png</path>
    <path name="abc_scrubber_control_to_pressed_mtrl_005">res/ar.png</path>
    <path name="abc_scrubber_primary_mtrl_alpha">res/kJ.9.png</path>
    <path name="abc_scrubber_track_mtrl_alpha">res/tZ.9.png</path>
    <path name="abc_spinner_mtrl_am_alpha">res/aU.9.png</path>
    <path name="abc_switch_track_mtrl_alpha">res/KH.9.png</path>
    <path name="abc_tab_indicator_mtrl_alpha">res/lP.9.png</path>
    <path name="abc_text_select_handle_left_mtrl">res/Wr.png</path>
    <path name="abc_text_select_handle_middle_mtrl">res/g-.png</path>
    <path name="abc_text_select_handle_right_mtrl">res/-N.png</path>
    <path name="abc_textfield_activated_mtrl_alpha">res/QJ.9.png</path>
    <path name="abc_textfield_default_mtrl_alpha">res/9N.9.png</path>
    <path name="abc_textfield_search_activated_mtrl_alpha">res/yH.9.png</path>
    <path name="abc_textfield_search_default_mtrl_alpha">res/NZ.9.png</path>
    <path name="applovin_exo_edit_mode_logo">res/Gr.png</path>
    <path name="applovin_exo_ic_audiotrack">res/0r.png</path>
    <path name="applovin_exo_ic_check">res/yY.png</path>
    <path name="applovin_exo_ic_chevron_left">res/cD.png</path>
    <path name="applovin_exo_ic_chevron_right">res/3p.png</path>
    <path name="applovin_exo_ic_default_album_image">res/uS.png</path>
    <path name="applovin_exo_ic_forward">res/Uv.png</path>
    <path name="applovin_exo_ic_fullscreen_enter">res/Do.png</path>
    <path name="applovin_exo_ic_fullscreen_exit">res/N0.png</path>
    <path name="applovin_exo_ic_pause_circle_filled">res/6e.png</path>
    <path name="applovin_exo_ic_play_circle_filled">res/B0.png</path>
    <path name="applovin_exo_ic_rewind">res/Lm.png</path>
    <path name="applovin_exo_ic_settings">res/8p.png</path>
    <path name="applovin_exo_ic_skip_next">res/Kw.png</path>
    <path name="applovin_exo_ic_skip_previous">res/y1.png</path>
    <path name="applovin_exo_ic_speed">res/kQ.png</path>
    <path name="applovin_exo_ic_subtitle_off">res/SW1.png</path>
    <path name="applovin_exo_ic_subtitle_on">res/NO.png</path>
    <path name="applovin_exo_icon_fastforward">res/4h.png</path>
    <path name="applovin_exo_icon_fullscreen_enter">res/gA.png</path>
    <path name="applovin_exo_icon_fullscreen_exit">res/c3.png</path>
    <path name="applovin_exo_icon_next">res/ls.png</path>
    <path name="applovin_exo_icon_pause">res/dZ.png</path>
    <path name="applovin_exo_icon_play">res/Xe.png</path>
    <path name="applovin_exo_icon_previous">res/Vl.png</path>
    <path name="applovin_exo_icon_repeat_all">res/Pt.png</path>
    <path name="applovin_exo_icon_repeat_off">res/gJ.png</path>
    <path name="applovin_exo_icon_repeat_one">res/bZ.png</path>
    <path name="applovin_exo_icon_rewind">res/T9.png</path>
    <path name="applovin_exo_icon_shuffle_off">res/qv.png</path>
    <path name="applovin_exo_icon_shuffle_on">res/kq.png</path>
    <path name="applovin_exo_icon_stop">res/5p.png</path>
    <path name="applovin_ic_baseline_add_circle_outline">res/Vv.png</path>
    <path name="applovin_ic_check_mark_bordered">res/3d.png</path>
    <path name="applovin_ic_check_mark_borderless">res/XU.png</path>
    <path name="applovin_ic_disclosure_arrow">res/hk.png</path>
    <path name="applovin_ic_mediation_adcolony">res/ec.png</path>
    <path name="applovin_ic_mediation_admob">res/Lz.png</path>
    <path name="applovin_ic_mediation_amazon_marketplace">res/rv.png</path>
    <path name="applovin_ic_mediation_applovin">res/E2.png</path>
    <path name="applovin_ic_mediation_bidmachine">res/We.png</path>
    <path name="applovin_ic_mediation_chartboost">res/w7.png</path>
    <path name="applovin_ic_mediation_criteo">res/GV.png</path>
    <path name="applovin_ic_mediation_facebook">res/y2.png</path>
    <path name="applovin_ic_mediation_fyber">res/KM.png</path>
    <path name="applovin_ic_mediation_google_ad_manager">res/vr.png</path>
    <path name="applovin_ic_mediation_hyprmx">res/rK.png</path>
    <path name="applovin_ic_mediation_inmobi">res/h2.png</path>
    <path name="applovin_ic_mediation_ironsource">res/yz.png</path>
    <path name="applovin_ic_mediation_line">res/-6.png</path>
    <path name="applovin_ic_mediation_maio">res/iC.png</path>
    <path name="applovin_ic_mediation_mintegral">res/Rk.png</path>
    <path name="applovin_ic_mediation_mobilefuse">res/Yt.png</path>
    <path name="applovin_ic_mediation_mytarget">res/YV1.png</path>
    <path name="applovin_ic_mediation_nend">res/ZZ.png</path>
    <path name="applovin_ic_mediation_ogury_presage">res/51.png</path>
    <path name="applovin_ic_mediation_pangle">res/W4.png</path>
    <path name="applovin_ic_mediation_smaato">res/vk.png</path>
    <path name="applovin_ic_mediation_tapjoy">res/WX.png</path>
    <path name="applovin_ic_mediation_tiktok">res/UV.png</path>
    <path name="applovin_ic_mediation_unity">res/YO.png</path>
    <path name="applovin_ic_mediation_verve">res/h_.png</path>
    <path name="applovin_ic_mediation_vungle">res/xs.png</path>
    <path name="applovin_ic_mediation_yandex">res/iz.png</path>
    <path name="applovin_ic_pause_icon">res/Df.png</path>
    <path name="applovin_ic_play_icon">res/71.png</path>
    <path name="applovin_ic_replay_icon">res/cS.png</path>
    <path name="applovin_ic_warning">res/g_.png</path>
    <path name="applovin_ic_warning_outline">res/Z1.png</path>
    <path name="applovin_ic_x_mark">res/ny.png</path>
    <path name="common_full_open_on_phone">res/iQ.png</path>
    <path name="common_google_signin_btn_icon_dark_normal_background">res/5J.9.png</path>
    <path name="common_google_signin_btn_icon_light_normal_background">res/Qd.9.png</path>
    <path name="common_google_signin_btn_text_dark_normal_background">res/ZL.9.png</path>
    <path name="common_google_signin_btn_text_light_normal_background">res/hP.9.png</path>
    <path name="exo_edit_mode_logo">res/5v.png</path>
    <path name="exo_icon_fastforward">res/_p1.png</path>
    <path name="exo_icon_next">res/NW.png</path>
    <path name="exo_icon_pause">res/J1.png</path>
    <path name="exo_icon_play">res/tj.png</path>
    <path name="exo_icon_previous">res/uG.png</path>
    <path name="exo_icon_repeat_all">res/Fx.png</path>
    <path name="exo_icon_repeat_off">res/1c.png</path>
    <path name="exo_icon_repeat_one">res/Bb.png</path>
    <path name="exo_icon_rewind">res/np.png</path>
    <path name="exo_icon_shuffle_off">res/2S.png</path>
    <path name="exo_icon_shuffle_on">res/qU.png</path>
    <path name="exo_icon_vr">res/96.png</path>
    <path name="googleg_disabled_color_18">res/7R.png</path>
    <path name="googleg_standard_color_18">res/-p.png</path>
    <path name="ic_call_decline">res/6d.png</path>
    <path name="notification_bg_low_normal">res/xa.9.png</path>
    <path name="notification_bg_low_pressed">res/o_.9.png</path>
    <path name="notification_bg_normal">res/z-.9.png</path>
    <path name="notification_bg_normal_pressed">res/Ma.9.png</path>
    <path name="notify_panel_notification_icon_bg">res/5c.png</path>
</resources>