<?xml version='1.0' encoding='utf-8' ?>
<resources>
    <path name="applovin_exo_edit_mode_logo">res/xi.xml</path>
    <path name="applovin_exo_ic_audiotrack">res/RP.xml</path>
    <path name="applovin_exo_ic_check">res/yK.xml</path>
    <path name="applovin_exo_ic_chevron_left">res/63.xml</path>
    <path name="applovin_exo_ic_chevron_right">res/-R.xml</path>
    <path name="applovin_exo_ic_default_album_image">res/Mi.xml</path>
    <path name="applovin_exo_ic_forward">res/xQ.xml</path>
    <path name="applovin_exo_ic_fullscreen_enter">res/Mc.xml</path>
    <path name="applovin_exo_ic_fullscreen_exit">res/RA.xml</path>
    <path name="applovin_exo_ic_pause_circle_filled">res/ri.xml</path>
    <path name="applovin_exo_ic_play_circle_filled">res/sX1.xml</path>
    <path name="applovin_exo_ic_rewind">res/5A.xml</path>
    <path name="applovin_exo_ic_settings">res/2C.xml</path>
    <path name="applovin_exo_ic_skip_next">res/Xg.xml</path>
    <path name="applovin_exo_ic_skip_previous">res/u3.xml</path>
    <path name="applovin_exo_ic_speed">res/uv.xml</path>
    <path name="applovin_exo_ic_subtitle_off">res/nz1.xml</path>
    <path name="applovin_exo_ic_subtitle_on">res/ER.xml</path>
    <path name="applovin_exo_icon_fastforward">res/hl.xml</path>
    <path name="applovin_exo_icon_fullscreen_enter">res/jx.xml</path>
    <path name="applovin_exo_icon_fullscreen_exit">res/6S.xml</path>
    <path name="applovin_exo_icon_next">res/5w.xml</path>
    <path name="applovin_exo_icon_pause">res/_H.xml</path>
    <path name="applovin_exo_icon_play">res/96.xml</path>
    <path name="applovin_exo_icon_previous">res/Bl1.xml</path>
    <path name="applovin_exo_icon_repeat_all">res/Id1.xml</path>
    <path name="applovin_exo_icon_repeat_off">res/vE.xml</path>
    <path name="applovin_exo_icon_repeat_one">res/uE.xml</path>
    <path name="applovin_exo_icon_rewind">res/lL.xml</path>
    <path name="applovin_exo_icon_shuffle_off">res/94.xml</path>
    <path name="applovin_exo_icon_shuffle_on">res/n1.xml</path>
    <path name="applovin_exo_icon_stop">res/fE.xml</path>
    <path name="applovin_ic_baseline_add_circle_outline">res/l0.xml</path>
    <path name="applovin_ic_check_mark_bordered">res/l-.xml</path>
    <path name="applovin_ic_check_mark_borderless">res/uS.xml</path>
    <path name="applovin_ic_disclosure_arrow">res/hO.xml</path>
    <path name="applovin_ic_mediation_adcolony">res/Ku.xml</path>
    <path name="applovin_ic_mediation_admob">res/gB.xml</path>
    <path name="applovin_ic_mediation_amazon_marketplace">res/1o.xml</path>
    <path name="applovin_ic_mediation_applovin">res/HD.xml</path>
    <path name="applovin_ic_mediation_bidmachine">res/Z6.xml</path>
    <path name="applovin_ic_mediation_chartboost">res/pV.xml</path>
    <path name="applovin_ic_mediation_criteo">res/iY.xml</path>
    <path name="applovin_ic_mediation_facebook">res/7K.xml</path>
    <path name="applovin_ic_mediation_fyber">res/mK1.xml</path>
    <path name="applovin_ic_mediation_google_ad_manager">res/Ez.xml</path>
    <path name="applovin_ic_mediation_hyprmx">res/mK.xml</path>
    <path name="applovin_ic_mediation_inmobi">res/z3.xml</path>
    <path name="applovin_ic_mediation_ironsource">res/tU.xml</path>
    <path name="applovin_ic_mediation_line">res/Dd.xml</path>
    <path name="applovin_ic_mediation_maio">res/Sd.xml</path>
    <path name="applovin_ic_mediation_mintegral">res/R91.xml</path>
    <path name="applovin_ic_mediation_mobilefuse">res/EK.xml</path>
    <path name="applovin_ic_mediation_mytarget">res/h-.xml</path>
    <path name="applovin_ic_mediation_nend">res/LA.xml</path>
    <path name="applovin_ic_mediation_ogury_presage">res/nI.xml</path>
    <path name="applovin_ic_mediation_pangle">res/dl.xml</path>
    <path name="applovin_ic_mediation_smaato">res/rM.xml</path>
    <path name="applovin_ic_mediation_tapjoy">res/sY.xml</path>
    <path name="applovin_ic_mediation_tiktok">res/NV.xml</path>
    <path name="applovin_ic_mediation_unity">res/Qr.xml</path>
    <path name="applovin_ic_mediation_verve">res/VN.xml</path>
    <path name="applovin_ic_mediation_vungle">res/D41.xml</path>
    <path name="applovin_ic_mediation_yandex">res/-f.xml</path>
    <path name="applovin_ic_pause_icon">res/uf.xml</path>
    <path name="applovin_ic_play_icon">res/5D.xml</path>
    <path name="applovin_ic_replay_icon">res/jK.xml</path>
    <path name="applovin_ic_warning">res/q0.xml</path>
    <path name="applovin_ic_warning_outline">res/QK.xml</path>
    <path name="applovin_ic_x_mark">res/mP.xml</path>
    <path name="exo_edit_mode_logo">res/G0.xml</path>
    <path name="exo_icon_fastforward">res/Fg.xml</path>
    <path name="exo_icon_next">res/_P.xml</path>
    <path name="exo_icon_pause">res/WV.xml</path>
    <path name="exo_icon_play">res/zb.xml</path>
    <path name="exo_icon_previous">res/N4.xml</path>
    <path name="exo_icon_repeat_all">res/r2.xml</path>
    <path name="exo_icon_repeat_off">res/Ui.xml</path>
    <path name="exo_icon_repeat_one">res/a9.xml</path>
    <path name="exo_icon_rewind">res/Fr.xml</path>
    <path name="exo_icon_shuffle_off">res/M-.xml</path>
    <path name="exo_icon_shuffle_on">res/UH.xml</path>
    <path name="ic_call_decline">res/D-.xml</path>
</resources>