<?xml version='1.0' encoding='utf-8' ?>
<resources>
    <path name="abc_ab_share_pack_mtrl_alpha">res/5D.9.png</path>
    <path name="abc_btn_check_to_on_mtrl_000">res/6t.png</path>
    <path name="abc_btn_check_to_on_mtrl_015">res/dY.png</path>
    <path name="abc_btn_radio_to_on_mtrl_000">res/7i.png</path>
    <path name="abc_btn_radio_to_on_mtrl_015">res/RV.png</path>
    <path name="abc_btn_switch_to_on_mtrl_00001">res/h7.9.png</path>
    <path name="abc_btn_switch_to_on_mtrl_00012">res/G2.9.png</path>
    <path name="abc_cab_background_top_mtrl_alpha">res/sg.9.png</path>
    <path name="abc_ic_commit_search_api_mtrl_alpha">res/Wh.png</path>
    <path name="abc_list_divider_mtrl_alpha">res/ej.9.png</path>
    <path name="abc_list_focused_holo">res/bX.9.png</path>
    <path name="abc_list_longpressed_holo">res/hh.9.png</path>
    <path name="abc_list_pressed_holo_dark">res/v4.9.png</path>
    <path name="abc_list_pressed_holo_light">res/tU.9.png</path>
    <path name="abc_list_selector_disabled_holo_dark">res/ev.9.png</path>
    <path name="abc_list_selector_disabled_holo_light">res/ZN.9.png</path>
    <path name="abc_menu_hardkey_panel_mtrl_mult">res/Pa.9.png</path>
    <path name="abc_popup_background_mtrl_mult">res/rj.9.png</path>
    <path name="abc_scrubber_control_off_mtrl_alpha">res/4k.png</path>
    <path name="abc_scrubber_control_to_pressed_mtrl_000">res/Wz1.png</path>
    <path name="abc_scrubber_control_to_pressed_mtrl_005">res/ly.png</path>
    <path name="abc_scrubber_primary_mtrl_alpha">res/gt.9.png</path>
    <path name="abc_scrubber_track_mtrl_alpha">res/uj.9.png</path>
    <path name="abc_spinner_mtrl_am_alpha">res/7I.9.png</path>
    <path name="abc_switch_track_mtrl_alpha">res/iR.9.png</path>
    <path name="abc_tab_indicator_mtrl_alpha">res/BG.9.png</path>
    <path name="abc_text_select_handle_left_mtrl">res/te.png</path>
    <path name="abc_text_select_handle_middle_mtrl">res/5U.png</path>
    <path name="abc_text_select_handle_right_mtrl">res/2P.png</path>
    <path name="abc_textfield_activated_mtrl_alpha">res/Yw.9.png</path>
    <path name="abc_textfield_default_mtrl_alpha">res/9X.9.png</path>
    <path name="abc_textfield_search_activated_mtrl_alpha">res/DL.9.png</path>
    <path name="abc_textfield_search_default_mtrl_alpha">res/9n.9.png</path>
    <path name="applovin_exo_edit_mode_logo">res/Yn.png</path>
    <path name="applovin_exo_ic_audiotrack">res/4R.png</path>
    <path name="applovin_exo_ic_check">res/yN.png</path>
    <path name="applovin_exo_ic_chevron_left">res/AM.png</path>
    <path name="applovin_exo_ic_chevron_right">res/32.png</path>
    <path name="applovin_exo_ic_default_album_image">res/HV.png</path>
    <path name="applovin_exo_ic_forward">res/ta.png</path>
    <path name="applovin_exo_ic_fullscreen_enter">res/Jm.png</path>
    <path name="applovin_exo_ic_fullscreen_exit">res/6C.png</path>
    <path name="applovin_exo_ic_pause_circle_filled">res/Cx.png</path>
    <path name="applovin_exo_ic_play_circle_filled">res/Fz.png</path>
    <path name="applovin_exo_ic_rewind">res/Jx.png</path>
    <path name="applovin_exo_ic_settings">res/Rh.png</path>
    <path name="applovin_exo_ic_skip_next">res/v-.png</path>
    <path name="applovin_exo_ic_skip_previous">res/GQ.png</path>
    <path name="applovin_exo_ic_speed">res/P2.png</path>
    <path name="applovin_exo_ic_subtitle_off">res/uD.png</path>
    <path name="applovin_exo_ic_subtitle_on">res/oA.png</path>
    <path name="applovin_exo_icon_fastforward">res/AQ.png</path>
    <path name="applovin_exo_icon_fullscreen_enter">res/SH.png</path>
    <path name="applovin_exo_icon_fullscreen_exit">res/-t.png</path>
    <path name="applovin_exo_icon_next">res/MW.png</path>
    <path name="applovin_exo_icon_pause">res/t4.png</path>
    <path name="applovin_exo_icon_play">res/Ey.png</path>
    <path name="applovin_exo_icon_previous">res/ss.png</path>
    <path name="applovin_exo_icon_repeat_all">res/Uo.png</path>
    <path name="applovin_exo_icon_repeat_off">res/YI.png</path>
    <path name="applovin_exo_icon_repeat_one">res/t1.png</path>
    <path name="applovin_exo_icon_rewind">res/90.png</path>
    <path name="applovin_exo_icon_shuffle_off">res/BS.png</path>
    <path name="applovin_exo_icon_shuffle_on">res/Bu.png</path>
    <path name="applovin_exo_icon_stop">res/jL.png</path>
    <path name="applovin_ic_baseline_add_circle_outline">res/nT.png</path>
    <path name="applovin_ic_check_mark_bordered">res/3S.png</path>
    <path name="applovin_ic_check_mark_borderless">res/Zd.png</path>
    <path name="applovin_ic_disclosure_arrow">res/eD1.png</path>
    <path name="applovin_ic_mediation_adcolony">res/S41.png</path>
    <path name="applovin_ic_mediation_admob">res/TE.png</path>
    <path name="applovin_ic_mediation_amazon_marketplace">res/N9.png</path>
    <path name="applovin_ic_mediation_applovin">res/VV.png</path>
    <path name="applovin_ic_mediation_bidmachine">res/nc.png</path>
    <path name="applovin_ic_mediation_chartboost">res/tW.png</path>
    <path name="applovin_ic_mediation_criteo">res/m1.png</path>
    <path name="applovin_ic_mediation_facebook">res/8a.png</path>
    <path name="applovin_ic_mediation_fyber">res/gW.png</path>
    <path name="applovin_ic_mediation_google_ad_manager">res/LK.png</path>
    <path name="applovin_ic_mediation_hyprmx">res/-8.png</path>
    <path name="applovin_ic_mediation_inmobi">res/2u.png</path>
    <path name="applovin_ic_mediation_ironsource">res/m2.png</path>
    <path name="applovin_ic_mediation_line">res/Z71.png</path>
    <path name="applovin_ic_mediation_maio">res/05.png</path>
    <path name="applovin_ic_mediation_mintegral">res/zn.png</path>
    <path name="applovin_ic_mediation_mobilefuse">res/ks.png</path>
    <path name="applovin_ic_mediation_mytarget">res/og.png</path>
    <path name="applovin_ic_mediation_nend">res/m-.png</path>
    <path name="applovin_ic_mediation_ogury_presage">res/gg.png</path>
    <path name="applovin_ic_mediation_pangle">res/JF.png</path>
    <path name="applovin_ic_mediation_smaato">res/xU.png</path>
    <path name="applovin_ic_mediation_tapjoy">res/ag.png</path>
    <path name="applovin_ic_mediation_tiktok">res/nA.png</path>
    <path name="applovin_ic_mediation_unity">res/C3.png</path>
    <path name="applovin_ic_mediation_verve">res/nG.png</path>
    <path name="applovin_ic_mediation_vungle">res/D8.png</path>
    <path name="applovin_ic_mediation_yandex">res/3M.png</path>
    <path name="applovin_ic_pause_icon">res/TY.png</path>
    <path name="applovin_ic_play_icon">res/SS.png</path>
    <path name="applovin_ic_replay_icon">res/Cu.png</path>
    <path name="applovin_ic_warning">res/q1.png</path>
    <path name="applovin_ic_warning_outline">res/IJ.png</path>
    <path name="applovin_ic_x_mark">res/-M.png</path>
    <path name="common_full_open_on_phone">res/ZI.png</path>
    <path name="common_google_signin_btn_icon_dark_normal_background">res/BQ.9.png</path>
    <path name="common_google_signin_btn_icon_light_normal_background">res/Af.9.png</path>
    <path name="common_google_signin_btn_text_dark_normal_background">res/tr.9.png</path>
    <path name="common_google_signin_btn_text_light_normal_background">res/79.9.png</path>
    <path name="exo_edit_mode_logo">res/OC.png</path>
    <path name="exo_icon_fastforward">res/3E.png</path>
    <path name="exo_icon_next">res/B5.png</path>
    <path name="exo_icon_pause">res/NP.png</path>
    <path name="exo_icon_play">res/wx.png</path>
    <path name="exo_icon_previous">res/D7.png</path>
    <path name="exo_icon_repeat_all">res/Qk.png</path>
    <path name="exo_icon_repeat_off">res/0n.png</path>
    <path name="exo_icon_repeat_one">res/ii.png</path>
    <path name="exo_icon_rewind">res/l9.png</path>
    <path name="exo_icon_shuffle_off">res/th.png</path>
    <path name="exo_icon_shuffle_on">res/lV.png</path>
    <path name="exo_icon_vr">res/S4.png</path>
    <path name="googleg_disabled_color_18">res/Eh.png</path>
    <path name="googleg_standard_color_18">res/iW.png</path>
    <path name="ic_call_decline">res/OX.png</path>
    <path name="notification_bg_low_normal">res/je.9.png</path>
    <path name="notification_bg_low_pressed">res/2K.9.png</path>
    <path name="notification_bg_normal">res/sA.9.png</path>
    <path name="notification_bg_normal_pressed">res/wN.9.png</path>
    <path name="notification_oversize_large_icon_bg">res/pu.png</path>
    <path name="notify_panel_notification_icon_bg">res/pY.png</path>
</resources>