<?xml version='1.0' encoding='utf-8' ?>
<resources>
    <path name="abc_ab_share_pack_mtrl_alpha">res/op.9.png</path>
    <path name="abc_btn_check_to_on_mtrl_000">res/FW.png</path>
    <path name="abc_btn_check_to_on_mtrl_015">res/9z.png</path>
    <path name="abc_btn_radio_to_on_mtrl_000">res/Gf.png</path>
    <path name="abc_btn_radio_to_on_mtrl_015">res/nf.png</path>
    <path name="abc_btn_switch_to_on_mtrl_00001">res/zV.9.png</path>
    <path name="abc_btn_switch_to_on_mtrl_00012">res/qD.9.png</path>
    <path name="abc_cab_background_top_mtrl_alpha">res/gj.9.png</path>
    <path name="abc_ic_commit_search_api_mtrl_alpha">res/kp.png</path>
    <path name="abc_list_divider_mtrl_alpha">res/1e.9.png</path>
    <path name="abc_list_focused_holo">res/s3.9.png</path>
    <path name="abc_list_longpressed_holo">res/X3.9.png</path>
    <path name="abc_list_pressed_holo_dark">res/Y7.9.png</path>
    <path name="abc_list_pressed_holo_light">res/x3.9.png</path>
    <path name="abc_list_selector_disabled_holo_dark">res/o9.9.png</path>
    <path name="abc_list_selector_disabled_holo_light">res/3u.9.png</path>
    <path name="abc_menu_hardkey_panel_mtrl_mult">res/Li.9.png</path>
    <path name="abc_popup_background_mtrl_mult">res/1I.9.png</path>
    <path name="abc_scrubber_control_off_mtrl_alpha">res/NG.png</path>
    <path name="abc_scrubber_control_to_pressed_mtrl_000">res/s0.png</path>
    <path name="abc_scrubber_control_to_pressed_mtrl_005">res/49.png</path>
    <path name="abc_scrubber_primary_mtrl_alpha">res/62.9.png</path>
    <path name="abc_scrubber_track_mtrl_alpha">res/nI.9.png</path>
    <path name="abc_spinner_mtrl_am_alpha">res/gZ.9.png</path>
    <path name="abc_switch_track_mtrl_alpha">res/d5.9.png</path>
    <path name="abc_tab_indicator_mtrl_alpha">res/uu.9.png</path>
    <path name="abc_text_select_handle_left_mtrl">res/Z8.png</path>
    <path name="abc_text_select_handle_middle_mtrl">res/jW.png</path>
    <path name="abc_text_select_handle_right_mtrl">res/UR.png</path>
    <path name="abc_textfield_activated_mtrl_alpha">res/No.9.png</path>
    <path name="abc_textfield_default_mtrl_alpha">res/EA.9.png</path>
    <path name="abc_textfield_search_activated_mtrl_alpha">res/X4.9.png</path>
    <path name="abc_textfield_search_default_mtrl_alpha">res/yY.9.png</path>
    <path name="common_google_signin_btn_icon_dark_normal_background">res/zw.9.png</path>
    <path name="common_google_signin_btn_icon_light_normal_background">res/w2.9.png</path>
    <path name="common_google_signin_btn_text_dark_normal_background">res/us.9.png</path>
    <path name="common_google_signin_btn_text_light_normal_background">res/I3.9.png</path>
    <path name="exo_edit_mode_logo">res/6X.png</path>
    <path name="exo_icon_fastforward">res/Mq.png</path>
    <path name="exo_icon_next">res/My.png</path>
    <path name="exo_icon_pause">res/o1.png</path>
    <path name="exo_icon_play">res/zN.png</path>
    <path name="exo_icon_previous">res/4N.png</path>
    <path name="exo_icon_repeat_all">res/C6.png</path>
    <path name="exo_icon_repeat_off">res/Eb.png</path>
    <path name="exo_icon_repeat_one">res/eO.png</path>
    <path name="exo_icon_rewind">res/AI.png</path>
    <path name="exo_icon_shuffle_off">res/IV.png</path>
    <path name="exo_icon_shuffle_on">res/1K.png</path>
    <path name="exo_icon_vr">res/JQ.png</path>
    <path name="googleg_disabled_color_18">res/vo.png</path>
    <path name="googleg_standard_color_18">res/_p.png</path>
    <path name="ic_call_decline">res/5P.png</path>
</resources>