<?xml version='1.0' encoding='utf-8' ?>
<type id="0x08">
    <entry id="0x7f080000" name="drawable0000" realName="$applovin_ic_mute_to_unmute__0" />
    <entry id="0x7f080001" name="drawable0001" realName="$applovin_ic_mute_to_unmute__1" />
    <entry id="0x7f080002" name="drawable0002" realName="$applovin_ic_mute_to_unmute__2" />
    <entry id="0x7f080003" name="drawable0003" realName="$applovin_ic_mute_to_unmute__3" />
    <entry id="0x7f080004" name="drawable0004" realName="$applovin_ic_mute_to_unmute__4" />
    <entry id="0x7f080005" name="drawable0005" realName="$applovin_ic_unmute_to_mute__0" />
    <entry id="0x7f080006" name="drawable0006" realName="$applovin_ic_unmute_to_mute__1" />
    <entry id="0x7f080007" name="drawable0007" realName="$applovin_ic_unmute_to_mute__2" />
    <entry id="0x7f080008" name="drawable0008" realName="$applovin_ic_unmute_to_mute__3" />
    <entry id="0x7f080009" name="drawable0009" realName="$applovin_ic_unmute_to_mute__4" />
    <entry id="0x7f08000a" name="drawable000a" realName="$avd_hide_password__0" />
    <entry id="0x7f08000b" name="drawable000b" realName="$avd_hide_password__1" />
    <entry id="0x7f08000c" name="drawable000c" realName="$avd_hide_password__2" />
    <entry id="0x7f08000d" name="drawable000d" realName="$avd_show_password__0" />
    <entry id="0x7f08000e" name="drawable000e" realName="$avd_show_password__1" />
    <entry id="0x7f08000f" name="drawable000f" realName="$avd_show_password__2" />
    <entry id="0x7f080016" name="drawable0016" realName="$mtrl_checkbox_button_checked_unchecked__0" />
    <entry id="0x7f080017" name="drawable0017" realName="$mtrl_checkbox_button_checked_unchecked__1" />
    <entry id="0x7f080018" name="drawable0018" realName="$mtrl_checkbox_button_checked_unchecked__2" />
    <entry id="0x7f080019" name="drawable0019" realName="$mtrl_checkbox_button_icon_checked_indeterminate__0" />
    <entry id="0x7f08001a" name="drawable001a" realName="$mtrl_checkbox_button_icon_checked_unchecked__0" />
    <entry id="0x7f08001b" name="drawable001b" realName="$mtrl_checkbox_button_icon_checked_unchecked__1" />
    <entry id="0x7f08001c" name="drawable001c" realName="$mtrl_checkbox_button_icon_checked_unchecked__2" />
    <entry id="0x7f08001d" name="drawable001d" realName="$mtrl_checkbox_button_icon_indeterminate_checked__0" />
    <entry id="0x7f08001e" name="drawable001e" realName="$mtrl_checkbox_button_icon_indeterminate_unchecked__0" />
    <entry id="0x7f08001f" name="drawable001f" realName="$mtrl_checkbox_button_icon_indeterminate_unchecked__1" />
    <entry id="0x7f080020" name="drawable0020" realName="$mtrl_checkbox_button_icon_indeterminate_unchecked__2" />
    <entry id="0x7f080021" name="drawable0021" realName="$mtrl_checkbox_button_icon_unchecked_checked__0" />
    <entry id="0x7f080022" name="drawable0022" realName="$mtrl_checkbox_button_icon_unchecked_checked__1" />
    <entry id="0x7f080023" name="drawable0023" realName="$mtrl_checkbox_button_icon_unchecked_checked__2" />
    <entry id="0x7f080024" name="drawable0024" realName="$mtrl_checkbox_button_icon_unchecked_indeterminate__0" />
    <entry id="0x7f080025" name="drawable0025" realName="$mtrl_checkbox_button_icon_unchecked_indeterminate__1" />
    <entry id="0x7f080026" name="drawable0026" realName="$mtrl_checkbox_button_icon_unchecked_indeterminate__2" />
    <entry id="0x7f080027" name="drawable0027" realName="$mtrl_checkbox_button_unchecked_checked__0" />
    <entry id="0x7f080028" name="drawable0028" realName="$mtrl_checkbox_button_unchecked_checked__1" />
    <entry id="0x7f080029" name="drawable0029" realName="$mtrl_checkbox_button_unchecked_checked__2" />
    <entry id="0x7f080032" name="abc_ab_share_pack_mtrl_alpha" />
    <entry id="0x7f080033" name="abc_action_bar_item_background_material" />
    <entry id="0x7f080034" name="abc_btn_borderless_material" />
    <entry id="0x7f080035" name="abc_btn_check_material" />
    <entry id="0x7f080036" name="abc_btn_check_material_anim" />
    <entry id="0x7f080037" name="abc_btn_check_to_on_mtrl_000" />
    <entry id="0x7f080038" name="abc_btn_check_to_on_mtrl_015" />
    <entry id="0x7f080039" name="abc_btn_colored_material" />
    <entry id="0x7f08003a" name="abc_btn_default_mtrl_shape" />
    <entry id="0x7f08003b" name="abc_btn_radio_material" />
    <entry id="0x7f08003c" name="abc_btn_radio_material_anim" />
    <entry id="0x7f08003d" name="abc_btn_radio_to_on_mtrl_000" />
    <entry id="0x7f08003e" name="abc_btn_radio_to_on_mtrl_015" />
    <entry id="0x7f08003f" name="abc_btn_switch_to_on_mtrl_00001" />
    <entry id="0x7f080040" name="abc_btn_switch_to_on_mtrl_00012" />
    <entry id="0x7f080041" name="abc_cab_background_internal_bg" />
    <entry id="0x7f080042" name="abc_cab_background_top_material" />
    <entry id="0x7f080043" name="abc_cab_background_top_mtrl_alpha" />
    <entry id="0x7f080044" name="abc_control_background_material" />
    <entry id="0x7f080045" name="abc_dialog_material_background" />
    <entry id="0x7f080046" name="abc_edit_text_material" />
    <entry id="0x7f080047" name="abc_ic_ab_back_material" />
    <entry id="0x7f080048" name="abc_ic_arrow_drop_right_black_24dp" />
    <entry id="0x7f080049" name="abc_ic_clear_material" />
    <entry id="0x7f08004a" name="abc_ic_commit_search_api_mtrl_alpha" />
    <entry id="0x7f08004b" name="abc_ic_go_search_api_material" />
    <entry id="0x7f08004c" name="abc_ic_menu_copy_mtrl_am_alpha" />
    <entry id="0x7f08004d" name="abc_ic_menu_cut_mtrl_alpha" />
    <entry id="0x7f08004e" name="abc_ic_menu_overflow_material" />
    <entry id="0x7f08004f" name="abc_ic_menu_paste_mtrl_am_alpha" />
    <entry id="0x7f080050" name="abc_ic_menu_selectall_mtrl_alpha" />
    <entry id="0x7f080051" name="abc_ic_menu_share_mtrl_alpha" />
    <entry id="0x7f080052" name="abc_ic_search_api_material" />
    <entry id="0x7f080053" name="abc_ic_voice_search_api_material" />
    <entry id="0x7f080054" name="abc_item_background_holo_dark" />
    <entry id="0x7f080055" name="abc_item_background_holo_light" />
    <entry id="0x7f080056" name="abc_list_divider_material" />
    <entry id="0x7f080057" name="abc_list_divider_mtrl_alpha" />
    <entry id="0x7f080058" name="abc_list_focused_holo" />
    <entry id="0x7f080059" name="abc_list_longpressed_holo" />
    <entry id="0x7f08005a" name="abc_list_pressed_holo_dark" />
    <entry id="0x7f08005b" name="abc_list_pressed_holo_light" />
    <entry id="0x7f08005c" name="abc_list_selector_background_transition_holo_dark" />
    <entry id="0x7f08005d" name="abc_list_selector_background_transition_holo_light" />
    <entry id="0x7f08005e" name="abc_list_selector_disabled_holo_dark" />
    <entry id="0x7f08005f" name="abc_list_selector_disabled_holo_light" />
    <entry id="0x7f080060" name="abc_list_selector_holo_dark" />
    <entry id="0x7f080061" name="abc_list_selector_holo_light" />
    <entry id="0x7f080062" name="abc_menu_hardkey_panel_mtrl_mult" />
    <entry id="0x7f080063" name="abc_popup_background_mtrl_mult" />
    <entry id="0x7f080064" name="abc_ratingbar_indicator_material" />
    <entry id="0x7f080065" name="abc_ratingbar_material" />
    <entry id="0x7f080066" name="abc_ratingbar_small_material" />
    <entry id="0x7f080067" name="abc_scrubber_control_off_mtrl_alpha" />
    <entry id="0x7f080068" name="abc_scrubber_control_to_pressed_mtrl_000" />
    <entry id="0x7f080069" name="abc_scrubber_control_to_pressed_mtrl_005" />
    <entry id="0x7f08006a" name="abc_scrubber_primary_mtrl_alpha" />
    <entry id="0x7f08006b" name="abc_scrubber_track_mtrl_alpha" />
    <entry id="0x7f08006c" name="abc_seekbar_thumb_material" />
    <entry id="0x7f08006d" name="abc_seekbar_tick_mark_material" />
    <entry id="0x7f08006e" name="abc_seekbar_track_material" />
    <entry id="0x7f08006f" name="abc_spinner_mtrl_am_alpha" />
    <entry id="0x7f080070" name="abc_spinner_textfield_background_material" />
    <entry id="0x7f080071" name="abc_star_black_48dp" />
    <entry id="0x7f080072" name="abc_star_half_black_48dp" />
    <entry id="0x7f080073" name="abc_switch_thumb_material" />
    <entry id="0x7f080074" name="abc_switch_track_mtrl_alpha" />
    <entry id="0x7f080075" name="abc_tab_indicator_material" />
    <entry id="0x7f080076" name="abc_tab_indicator_mtrl_alpha" />
    <entry id="0x7f080077" name="abc_text_cursor_material" />
    <entry id="0x7f080078" name="abc_text_select_handle_left_mtrl" />
    <entry id="0x7f080079" name="abc_text_select_handle_middle_mtrl" />
    <entry id="0x7f08007a" name="abc_text_select_handle_right_mtrl" />
    <entry id="0x7f08007b" name="abc_textfield_activated_mtrl_alpha" />
    <entry id="0x7f08007c" name="abc_textfield_default_mtrl_alpha" />
    <entry id="0x7f08007d" name="abc_textfield_search_activated_mtrl_alpha" />
    <entry id="0x7f08007e" name="abc_textfield_search_default_mtrl_alpha" />
    <entry id="0x7f08007f" name="abc_textfield_search_material" />
    <entry id="0x7f080080" name="abc_vector_test" />
    <entry id="0x7f080081" name="admob_close_button_black_circle_white_cross" />
    <entry id="0x7f080082" name="admob_close_button_white_circle_black_cross" />
    <entry id="0x7f080083" name="admob_close_button_white_cross" />
    <entry id="0x7f080084" name="al_exo_controls_fastforward" />
    <entry id="0x7f080085" name="al_exo_controls_fullscreen_enter" />
    <entry id="0x7f080086" name="al_exo_controls_fullscreen_exit" />
    <entry id="0x7f080087" name="al_exo_controls_next" />
    <entry id="0x7f080088" name="al_exo_controls_pause" />
    <entry id="0x7f080089" name="al_exo_controls_play" />
    <entry id="0x7f08008a" name="al_exo_controls_previous" />
    <entry id="0x7f08008b" name="al_exo_controls_repeat_all" />
    <entry id="0x7f08008c" name="al_exo_controls_repeat_off" />
    <entry id="0x7f08008d" name="al_exo_controls_repeat_one" />
    <entry id="0x7f08008e" name="al_exo_controls_rewind" />
    <entry id="0x7f08008f" name="al_exo_controls_shuffle_off" />
    <entry id="0x7f080090" name="al_exo_controls_shuffle_on" />
    <entry id="0x7f080091" name="al_exo_controls_vr" />
    <entry id="0x7f080092" name="al_exo_notification_fastforward" />
    <entry id="0x7f080093" name="al_exo_notification_next" />
    <entry id="0x7f080094" name="al_exo_notification_pause" />
    <entry id="0x7f080095" name="al_exo_notification_play" />
    <entry id="0x7f080096" name="al_exo_notification_previous" />
    <entry id="0x7f080097" name="al_exo_notification_rewind" />
    <entry id="0x7f080098" name="al_exo_notification_small_icon" />
    <entry id="0x7f080099" name="al_exo_notification_stop" />
    <entry id="0x7f08009a" name="al_exo_styled_controls_audiotrack" />
    <entry id="0x7f08009b" name="al_exo_styled_controls_check" />
    <entry id="0x7f08009c" name="al_exo_styled_controls_fastforward" />
    <entry id="0x7f08009d" name="al_exo_styled_controls_fullscreen_enter" />
    <entry id="0x7f08009e" name="al_exo_styled_controls_fullscreen_exit" />
    <entry id="0x7f08009f" name="al_exo_styled_controls_next" />
    <entry id="0x7f0800a0" name="al_exo_styled_controls_overflow_hide" />
    <entry id="0x7f0800a1" name="al_exo_styled_controls_overflow_show" />
    <entry id="0x7f0800a2" name="al_exo_styled_controls_pause" />
    <entry id="0x7f0800a3" name="al_exo_styled_controls_play" />
    <entry id="0x7f0800a4" name="al_exo_styled_controls_previous" />
    <entry id="0x7f0800a5" name="al_exo_styled_controls_repeat_all" />
    <entry id="0x7f0800a6" name="al_exo_styled_controls_repeat_off" />
    <entry id="0x7f0800a7" name="al_exo_styled_controls_repeat_one" />
    <entry id="0x7f0800a8" name="al_exo_styled_controls_rewind" />
    <entry id="0x7f0800a9" name="al_exo_styled_controls_settings" />
    <entry id="0x7f0800aa" name="al_exo_styled_controls_shuffle_off" />
    <entry id="0x7f0800ab" name="al_exo_styled_controls_shuffle_on" />
    <entry id="0x7f0800ac" name="al_exo_styled_controls_speed" />
    <entry id="0x7f0800ad" name="al_exo_styled_controls_subtitle_off" />
    <entry id="0x7f0800ae" name="al_exo_styled_controls_subtitle_on" />
    <entry id="0x7f0800af" name="al_exo_styled_controls_vr" />
    <entry id="0x7f0800b0" name="app_icon" />
    <entry id="0x7f0800b1" name="app_icon_round" />
    <entry id="0x7f0800b2" name="applovin_consent_flow_gdpr_flow_switch_thumb" />
    <entry id="0x7f0800b3" name="applovin_consent_flow_gdpr_flow_switch_track" />
    <entry id="0x7f0800b4" name="applovin_consent_flow_gdpr_positive_button_background" />
    <entry id="0x7f0800b5" name="applovin_consent_flow_gdpr_rounded_background" />
    <entry id="0x7f0800b6" name="applovin_creative_debugger_report_ad_rounded_button" />
    <entry id="0x7f0800b7" name="applovin_exo_edit_mode_logo" />
    <entry id="0x7f0800b8" name="applovin_exo_ic_audiotrack" />
    <entry id="0x7f0800b9" name="applovin_exo_ic_check" />
    <entry id="0x7f0800ba" name="applovin_exo_ic_chevron_left" />
    <entry id="0x7f0800bb" name="applovin_exo_ic_chevron_right" />
    <entry id="0x7f0800bc" name="applovin_exo_ic_default_album_image" />
    <entry id="0x7f0800bd" name="applovin_exo_ic_forward" />
    <entry id="0x7f0800be" name="applovin_exo_ic_fullscreen_enter" />
    <entry id="0x7f0800bf" name="applovin_exo_ic_fullscreen_exit" />
    <entry id="0x7f0800c0" name="applovin_exo_ic_pause_circle_filled" />
    <entry id="0x7f0800c1" name="applovin_exo_ic_play_circle_filled" />
    <entry id="0x7f0800c2" name="applovin_exo_ic_rewind" />
    <entry id="0x7f0800c3" name="applovin_exo_ic_settings" />
    <entry id="0x7f0800c4" name="applovin_exo_ic_skip_next" />
    <entry id="0x7f0800c5" name="applovin_exo_ic_skip_previous" />
    <entry id="0x7f0800c6" name="applovin_exo_ic_speed" />
    <entry id="0x7f0800c7" name="applovin_exo_ic_subtitle_off" />
    <entry id="0x7f0800c8" name="applovin_exo_ic_subtitle_on" />
    <entry id="0x7f0800c9" name="applovin_exo_icon_circular_play" />
    <entry id="0x7f0800ca" name="applovin_exo_icon_fastforward" />
    <entry id="0x7f0800cb" name="applovin_exo_icon_fullscreen_enter" />
    <entry id="0x7f0800cc" name="applovin_exo_icon_fullscreen_exit" />
    <entry id="0x7f0800cd" name="applovin_exo_icon_next" />
    <entry id="0x7f0800ce" name="applovin_exo_icon_pause" />
    <entry id="0x7f0800cf" name="applovin_exo_icon_play" />
    <entry id="0x7f0800d0" name="applovin_exo_icon_previous" />
    <entry id="0x7f0800d1" name="applovin_exo_icon_repeat_all" />
    <entry id="0x7f0800d2" name="applovin_exo_icon_repeat_off" />
    <entry id="0x7f0800d3" name="applovin_exo_icon_repeat_one" />
    <entry id="0x7f0800d4" name="applovin_exo_icon_rewind" />
    <entry id="0x7f0800d5" name="applovin_exo_icon_shuffle_off" />
    <entry id="0x7f0800d6" name="applovin_exo_icon_shuffle_on" />
    <entry id="0x7f0800d7" name="applovin_exo_icon_stop" />
    <entry id="0x7f0800d8" name="applovin_exo_icon_vr" />
    <entry id="0x7f0800d9" name="applovin_exo_rounded_rectangle" />
    <entry id="0x7f0800da" name="applovin_ic_baseline_add_circle_outline" />
    <entry id="0x7f0800db" name="applovin_ic_check_mark_bordered" />
    <entry id="0x7f0800dc" name="applovin_ic_check_mark_borderless" />
    <entry id="0x7f0800dd" name="applovin_ic_disclosure_arrow" />
    <entry id="0x7f0800de" name="applovin_ic_mediation_adcolony" />
    <entry id="0x7f0800df" name="applovin_ic_mediation_admob" />
    <entry id="0x7f0800e0" name="applovin_ic_mediation_amazon_marketplace" />
    <entry id="0x7f0800e1" name="applovin_ic_mediation_applovin" />
    <entry id="0x7f0800e2" name="applovin_ic_mediation_bidmachine" />
    <entry id="0x7f0800e3" name="applovin_ic_mediation_chartboost" />
    <entry id="0x7f0800e4" name="applovin_ic_mediation_criteo" />
    <entry id="0x7f0800e5" name="applovin_ic_mediation_facebook" />
    <entry id="0x7f0800e6" name="applovin_ic_mediation_fyber" />
    <entry id="0x7f0800e7" name="applovin_ic_mediation_google_ad_manager" />
    <entry id="0x7f0800e8" name="applovin_ic_mediation_hyprmx" />
    <entry id="0x7f0800e9" name="applovin_ic_mediation_inmobi" />
    <entry id="0x7f0800ea" name="applovin_ic_mediation_ironsource" />
    <entry id="0x7f0800eb" name="applovin_ic_mediation_line" />
    <entry id="0x7f0800ec" name="applovin_ic_mediation_maio" />
    <entry id="0x7f0800ed" name="applovin_ic_mediation_mintegral" />
    <entry id="0x7f0800ee" name="applovin_ic_mediation_mobilefuse" />
    <entry id="0x7f0800ef" name="applovin_ic_mediation_mytarget" />
    <entry id="0x7f0800f0" name="applovin_ic_mediation_nend" />
    <entry id="0x7f0800f1" name="applovin_ic_mediation_ogury_presage" />
    <entry id="0x7f0800f2" name="applovin_ic_mediation_pangle" />
    <entry id="0x7f0800f3" name="applovin_ic_mediation_placeholder" />
    <entry id="0x7f0800f4" name="applovin_ic_mediation_smaato" />
    <entry id="0x7f0800f5" name="applovin_ic_mediation_tapjoy" />
    <entry id="0x7f0800f6" name="applovin_ic_mediation_tiktok" />
    <entry id="0x7f0800f7" name="applovin_ic_mediation_unity" />
    <entry id="0x7f0800f8" name="applovin_ic_mediation_verve" />
    <entry id="0x7f0800f9" name="applovin_ic_mediation_vungle" />
    <entry id="0x7f0800fa" name="applovin_ic_mediation_yandex" />
    <entry id="0x7f0800fb" name="applovin_ic_mute_to_unmute" />
    <entry id="0x7f0800fc" name="applovin_ic_pause_icon" />
    <entry id="0x7f0800fd" name="applovin_ic_play_icon" />
    <entry id="0x7f0800fe" name="applovin_ic_privacy_icon" />
    <entry id="0x7f0800ff" name="applovin_ic_privacy_icon_layered_list" />
    <entry id="0x7f080100" name="applovin_ic_replay_icon" />
    <entry id="0x7f080101" name="applovin_ic_unmute_to_mute" />
    <entry id="0x7f080102" name="applovin_ic_warning" />
    <entry id="0x7f080103" name="applovin_ic_warning_outline" />
    <entry id="0x7f080104" name="applovin_ic_white_small" />
    <entry id="0x7f080105" name="applovin_ic_x_mark" />
    <entry id="0x7f080106" name="applovin_rounded_black_background" />
    <entry id="0x7f080107" name="applovin_rounded_button" />
    <entry id="0x7f080108" name="applovin_rounded_text_view_border" />
    <entry id="0x7f080109" name="avd_hide_password" />
    <entry id="0x7f08010a" name="avd_show_password" />
    <entry id="0x7f08010b" name="btn_checkbox_checked_mtrl" />
    <entry id="0x7f08010c" name="btn_checkbox_checked_to_unchecked_mtrl_animation" />
    <entry id="0x7f08010d" name="btn_checkbox_unchecked_mtrl" />
    <entry id="0x7f08010e" name="btn_checkbox_unchecked_to_checked_mtrl_animation" />
    <entry id="0x7f08010f" name="btn_radio_off_mtrl" />
    <entry id="0x7f080110" name="btn_radio_off_to_on_mtrl_animation" />
    <entry id="0x7f080111" name="btn_radio_on_mtrl" />
    <entry id="0x7f080112" name="btn_radio_on_to_off_mtrl_animation" />
    <entry id="0x7f080113" name="button_back" />
    <entry id="0x7f080114" name="category_back" />
    <entry id="0x7f080115" name="common_full_open_on_phone" />
    <entry id="0x7f080116" name="common_google_signin_btn_icon_dark" />
    <entry id="0x7f080117" name="common_google_signin_btn_icon_dark_focused" />
    <entry id="0x7f080118" name="common_google_signin_btn_icon_dark_normal" />
    <entry id="0x7f080119" name="common_google_signin_btn_icon_dark_normal_background" />
    <entry id="0x7f08011a" name="common_google_signin_btn_icon_disabled" />
    <entry id="0x7f08011b" name="common_google_signin_btn_icon_light" />
    <entry id="0x7f08011c" name="common_google_signin_btn_icon_light_focused" />
    <entry id="0x7f08011d" name="common_google_signin_btn_icon_light_normal" />
    <entry id="0x7f08011e" name="common_google_signin_btn_icon_light_normal_background" />
    <entry id="0x7f08011f" name="common_google_signin_btn_text_dark" />
    <entry id="0x7f080120" name="common_google_signin_btn_text_dark_focused" />
    <entry id="0x7f080121" name="common_google_signin_btn_text_dark_normal" />
    <entry id="0x7f080122" name="common_google_signin_btn_text_dark_normal_background" />
    <entry id="0x7f080123" name="common_google_signin_btn_text_disabled" />
    <entry id="0x7f080124" name="common_google_signin_btn_text_light" />
    <entry id="0x7f080125" name="common_google_signin_btn_text_light_focused" />
    <entry id="0x7f080126" name="common_google_signin_btn_text_light_normal" />
    <entry id="0x7f080127" name="common_google_signin_btn_text_light_normal_background" />
    <entry id="0x7f080128" name="design_fab_background" />
    <entry id="0x7f080129" name="design_ic_visibility" />
    <entry id="0x7f08012a" name="design_ic_visibility_off" />
    <entry id="0x7f08012b" name="design_password_eye" />
    <entry id="0x7f08012c" name="design_snackbar_background" />
    <entry id="0x7f08012d" name="exo_controls_fastforward" />
    <entry id="0x7f080130" name="exo_controls_next" />
    <entry id="0x7f080131" name="exo_controls_pause" />
    <entry id="0x7f080132" name="exo_controls_play" />
    <entry id="0x7f080133" name="exo_controls_previous" />
    <entry id="0x7f080134" name="exo_controls_repeat_all" />
    <entry id="0x7f080135" name="exo_controls_repeat_off" />
    <entry id="0x7f080136" name="exo_controls_repeat_one" />
    <entry id="0x7f080137" name="exo_controls_rewind" />
    <entry id="0x7f080138" name="exo_controls_shuffle_off" />
    <entry id="0x7f080139" name="exo_controls_shuffle_on" />
    <entry id="0x7f08013a" name="exo_controls_vr" />
    <entry id="0x7f08013b" name="exo_edit_mode_logo" />
    <entry id="0x7f08014e" name="exo_icon_fastforward" />
    <entry id="0x7f080151" name="exo_icon_next" />
    <entry id="0x7f080152" name="exo_icon_pause" />
    <entry id="0x7f080153" name="exo_icon_play" />
    <entry id="0x7f080154" name="exo_icon_previous" />
    <entry id="0x7f080155" name="exo_icon_repeat_all" />
    <entry id="0x7f080156" name="exo_icon_repeat_off" />
    <entry id="0x7f080157" name="exo_icon_repeat_one" />
    <entry id="0x7f080158" name="exo_icon_rewind" />
    <entry id="0x7f080159" name="exo_icon_shuffle_off" />
    <entry id="0x7f08015a" name="exo_icon_shuffle_on" />
    <entry id="0x7f08015c" name="exo_icon_vr" />
    <entry id="0x7f08017c" name="googleg_disabled_color_18" />
    <entry id="0x7f08017d" name="googleg_standard_color_18" />
    <entry id="0x7f08017f" name="ic_aspect_ratio" />
    <entry id="0x7f080180" name="ic_back" />
    <entry id="0x7f080181" name="ic_background" />
    <entry id="0x7f080186" name="ic_call_decline" />
    <entry id="0x7f080188" name="ic_cast" />
    <entry id="0x7f080189" name="ic_cast_1" />
    <entry id="0x7f08018a" name="ic_channels" />
    <entry id="0x7f08018e" name="ic_contact" />
    <entry id="0x7f080190" name="ic_exit_app" />
    <entry id="0x7f080191" name="ic_facebook" />
    <entry id="0x7f080192" name="ic_forward" />
    <entry id="0x7f080193" name="ic_fullscreen" />
    <entry id="0x7f080194" name="ic_home_whited" />
    <entry id="0x7f080195" name="ic_instagram" />
    <entry id="0x7f08019a" name="ic_matches" />
    <entry id="0x7f08019b" name="ic_menu" />
    <entry id="0x7f08019c" name="ic_mic" />
    <entry id="0x7f08019d" name="ic_movies" />
    <entry id="0x7f08019e" name="ic_mtrl_checked_circle" />
    <entry id="0x7f08019f" name="ic_mtrl_chip_checked_black" />
    <entry id="0x7f0801a0" name="ic_mtrl_chip_checked_circle" />
    <entry id="0x7f0801a1" name="ic_mtrl_chip_close_circle" />
    <entry id="0x7f0801a2" name="ic_notification" />
    <entry id="0x7f0801a3" name="ic_pause" />
    <entry id="0x7f0801a5" name="ic_play" />
    <entry id="0x7f0801a7" name="ic_rewind" />
    <entry id="0x7f0801a9" name="ic_settings" />
    <entry id="0x7f0801aa" name="ic_share" />
    <entry id="0x7f0801ac" name="ic_subscribe_icon" />
    <entry id="0x7f0801ad" name="ic_telegram" />
    <entry id="0x7f0801ae" name="ic_tube" />
    <entry id="0x7f0801b0" name="ic_volume_off" />
    <entry id="0x7f0801b1" name="ic_vpn" />
    <entry id="0x7f0801b2" name="iv_volume_on" />
    <entry id="0x7f0801be" name="material_cursor_drawable" />
    <entry id="0x7f0801bf" name="material_ic_calendar_black_24dp" />
    <entry id="0x7f0801c0" name="material_ic_clear_black_24dp" />
    <entry id="0x7f0801c1" name="material_ic_edit_black_24dp" />
    <entry id="0x7f0801c2" name="material_ic_keyboard_arrow_left_black_24dp" />
    <entry id="0x7f0801c3" name="material_ic_keyboard_arrow_next_black_24dp" />
    <entry id="0x7f0801c4" name="material_ic_keyboard_arrow_previous_black_24dp" />
    <entry id="0x7f0801c5" name="material_ic_keyboard_arrow_right_black_24dp" />
    <entry id="0x7f0801c6" name="material_ic_menu_arrow_down_black_24dp" />
    <entry id="0x7f0801c7" name="material_ic_menu_arrow_up_black_24dp" />
    <entry id="0x7f0801c9" name="mtrl_checkbox_button" />
    <entry id="0x7f0801ca" name="mtrl_checkbox_button_checked_unchecked" />
    <entry id="0x7f0801cb" name="mtrl_checkbox_button_icon" />
    <entry id="0x7f0801cc" name="mtrl_checkbox_button_icon_checked_indeterminate" />
    <entry id="0x7f0801cd" name="mtrl_checkbox_button_icon_checked_unchecked" />
    <entry id="0x7f0801ce" name="mtrl_checkbox_button_icon_indeterminate_checked" />
    <entry id="0x7f0801cf" name="mtrl_checkbox_button_icon_indeterminate_unchecked" />
    <entry id="0x7f0801d0" name="mtrl_checkbox_button_icon_unchecked_checked" />
    <entry id="0x7f0801d1" name="mtrl_checkbox_button_icon_unchecked_indeterminate" />
    <entry id="0x7f0801d2" name="mtrl_checkbox_button_unchecked_checked" />
    <entry id="0x7f0801d3" name="mtrl_dialog_background" />
    <entry id="0x7f0801d4" name="mtrl_dropdown_arrow" />
    <entry id="0x7f0801d5" name="mtrl_ic_arrow_drop_down" />
    <entry id="0x7f0801d6" name="mtrl_ic_arrow_drop_up" />
    <entry id="0x7f0801d7" name="mtrl_ic_cancel" />
    <entry id="0x7f0801d8" name="mtrl_ic_check_mark" />
    <entry id="0x7f0801d9" name="mtrl_ic_checkbox_checked" />
    <entry id="0x7f0801da" name="mtrl_ic_checkbox_unchecked" />
    <entry id="0x7f0801db" name="mtrl_ic_error" />
    <entry id="0x7f0801dc" name="mtrl_ic_indeterminate" />
    <entry id="0x7f0801dd" name="mtrl_navigation_bar_item_background" />
    <entry id="0x7f0801de" name="mtrl_popupmenu_background" />
    <entry id="0x7f0801df" name="mtrl_popupmenu_background_overlay" />
    <entry id="0x7f0801ec" name="mtrl_tabs_default_indicator" />
    <entry id="0x7f0801ed" name="navigation_empty_icon" />
    <entry id="0x7f0801ee" name="notification_action_background" />
    <entry id="0x7f0801ef" name="notification_bg" />
    <entry id="0x7f0801f0" name="notification_bg_low" />
    <entry id="0x7f0801f1" name="notification_bg_low_normal" />
    <entry id="0x7f0801f2" name="notification_bg_low_pressed" />
    <entry id="0x7f0801f3" name="notification_bg_normal" />
    <entry id="0x7f0801f4" name="notification_bg_normal_pressed" />
    <entry id="0x7f0801f5" name="notification_icon_background" />
    <entry id="0x7f0801f6" name="notification_oversize_large_icon_bg" />
    <entry id="0x7f0801f7" name="notification_template_icon_bg" />
    <entry id="0x7f0801f8" name="notification_template_icon_low_bg" />
    <entry id="0x7f0801f9" name="notification_tile_bg" />
    <entry id="0x7f0801fa" name="notify_panel_notification_icon_bg" />
    <entry id="0x7f0801fb" name="offline_dialog_background" />
    <entry id="0x7f0801fc" name="offline_dialog_default_icon_42dp" />
    <entry id="0x7f0801fd" name="retry_back" />
    <entry id="0x7f0801fe" name="test_level_drawable" />
    <entry id="0x7f0801ff" name="time_back" />
    <entry id="0x7f080200" name="tooltip_frame_dark" />
    <entry id="0x7f080201" name="tooltip_frame_light" />
</type>