<?xml version='1.0' encoding='utf-8' ?>
<resources>
    <color name="applovin_sdk_consentFlowGdprBackground">#121212</color>
    <color name="applovin_sdk_consentFlowGdprSwitchTrackDisabled">#818282</color>
    <color name="applovin_sdk_consentFlowGdprTextColor">#ffffff</color>
    <color name="material_timepicker_button_stroke">res/color-night-v8/material_timepicker_button_stroke.xml</color>
    <color name="material_timepicker_clockface">res/color-night-v8/material_timepicker_clockface.xml</color>
    <color name="material_timepicker_modebutton_tint">res/color-night-v8/material_timepicker_modebutton_tint.xml</color>
</resources>