<?xml version='1.0' encoding='utf-8' ?>
<resources>
    <color name="abc_background_cache_hint_selector_material_dark">res/color/abc_background_cache_hint_selector_material_dark.xml</color>
    <color name="abc_background_cache_hint_selector_material_light">res/color/abc_background_cache_hint_selector_material_light.xml</color>
    <color name="abc_btn_colored_borderless_text_material">res/color-v21/abc_btn_colored_borderless_text_material.xml</color>
    <color name="abc_btn_colored_text_material">res/color/abc_btn_colored_text_material.xml</color>
    <color name="abc_decor_view_status_guard">#000000</color>
    <color name="abc_decor_view_status_guard_light">#ffffff</color>
    <color name="abc_hint_foreground_material_dark">res/color/abc_hint_foreground_material_dark.xml</color>
    <color name="abc_hint_foreground_material_light">res/color/abc_hint_foreground_material_light.xml</color>
    <color name="abc_primary_text_disable_only_material_dark">res/color/abc_primary_text_disable_only_material_dark.xml</color>
    <color name="abc_primary_text_disable_only_material_light">res/color/abc_primary_text_disable_only_material_light.xml</color>
    <color name="abc_primary_text_material_dark">res/color/abc_primary_text_material_dark.xml</color>
    <color name="abc_primary_text_material_light">res/color/abc_primary_text_material_light.xml</color>
    <color name="abc_search_url_text">res/color/abc_search_url_text.xml</color>
    <color name="abc_search_url_text_normal">#7fa87f</color>
    <color name="abc_search_url_text_pressed">@android:color/black</color>
    <color name="abc_search_url_text_selected">@android:color/black</color>
    <color name="abc_secondary_text_material_dark">res/color/abc_secondary_text_material_dark.xml</color>
    <color name="abc_secondary_text_material_light">res/color/abc_secondary_text_material_light.xml</color>
    <color name="abc_tint_btn_checkable">res/color/abc_tint_btn_checkable.xml</color>
    <color name="abc_tint_default">res/color/abc_tint_default.xml</color>
    <color name="abc_tint_edittext">res/color/abc_tint_edittext.xml</color>
    <color name="abc_tint_seek_thumb">res/color/abc_tint_seek_thumb.xml</color>
    <color name="abc_tint_spinner">res/color/abc_tint_spinner.xml</color>
    <color name="abc_tint_switch_track">res/color/abc_tint_switch_track.xml</color>
    <color name="accent">@color/white</color>
    <color name="accent_material_dark">@color/material_deep_teal_200</color>
    <color name="accent_material_light">@color/material_deep_teal_500</color>
    <color name="al_exo_black_opacity_60">#98000000</color>
    <color name="al_exo_black_opacity_70">#b3000000</color>
    <color name="al_exo_bottom_bar_background">#b0000000</color>
    <color name="al_exo_edit_mode_background_color">#f4f3f0</color>
    <color name="al_exo_error_message_background_color">#aa000000</color>
    <color name="al_exo_styled_error_message_background">#80808080</color>
    <color name="al_exo_white">#ffffff</color>
    <color name="al_exo_white_opacity_70">#b3ffffff</color>
    <color name="androidx_core_ripple_material_light">#1f000000</color>
    <color name="androidx_core_secondary_text_default_material_light">#8a000000</color>
    <color name="app_icon_background">#005201</color>
    <color name="applovin_sdk_adBadgeTextColor">#0a5b17</color>
    <color name="applovin_sdk_adControlbutton_brightBlueColor">#1376ff</color>
    <color name="applovin_sdk_brand_color">#0583aa</color>
    <color name="applovin_sdk_brand_color_dark">#02627f</color>
    <color name="applovin_sdk_checkmarkColor">#4cd964</color>
    <color name="applovin_sdk_consentFlowGdprAccentActiveColor">#3fae7f</color>
    <color name="applovin_sdk_consentFlowGdprAccentColor">#2bcc9b</color>
    <color name="applovin_sdk_consentFlowGdprAccentDisabledColor">#a2dfc5</color>
    <color name="applovin_sdk_consentFlowGdprBackground">#ffffff</color>
    <color name="applovin_sdk_consentFlowGdprSwitchThumb">#fffefe</color>
    <color name="applovin_sdk_consentFlowGdprSwitchTrackDisabled">#cbcccc</color>
    <color name="applovin_sdk_consentFlowGdprTextColor">#000000</color>
    <color name="applovin_sdk_ctaButtonColor">#4285f4</color>
    <color name="applovin_sdk_ctaButtonPressedColor">#0059c1</color>
    <color name="applovin_sdk_disclosureButtonColor">#c4c4c4</color>
    <color name="applovin_sdk_greenColor">#4cd964</color>
    <color name="applovin_sdk_highlightListItemColor">#c8c8c8</color>
    <color name="applovin_sdk_highlightTextColor">#9f9f9f</color>
    <color name="applovin_sdk_listViewBackground">#efeff4</color>
    <color name="applovin_sdk_listViewSectionTextColor">#97979b</color>
    <color name="applovin_sdk_starColor">#ffc922</color>
    <color name="applovin_sdk_textColorPrimary">@android:color/white</color>
    <color name="applovin_sdk_textColorPrimaryDark">@android:color/black</color>
    <color name="applovin_sdk_textColorSecondaryDark">@android:color/darker_gray</color>
    <color name="applovin_sdk_warningColor">#ffcc00</color>
    <color name="applovin_sdk_xmarkColor">#ff3b30</color>
    <color name="background_floating_material_dark">@color/material_grey_800</color>
    <color name="background_floating_material_light">@android:color/white</color>
    <color name="background_material_dark">@color/material_grey_850</color>
    <color name="background_material_light">@color/material_grey_50</color>
    <color name="black">#000000</color>
    <color name="bottom_nav_color">res/color/bottom_nav_color.xml</color>
    <color name="bright_foreground_disabled_material_dark">#80ffffff</color>
    <color name="bright_foreground_disabled_material_light">#80000000</color>
    <color name="bright_foreground_inverse_material_dark">@color/bright_foreground_material_light</color>
    <color name="bright_foreground_inverse_material_light">@color/bright_foreground_material_dark</color>
    <color name="bright_foreground_material_dark">@android:color/white</color>
    <color name="bright_foreground_material_light">@android:color/black</color>
    <color name="browser_actions_bg_grey">#f5f5f5</color>
    <color name="browser_actions_divider_color">#1e000000</color>
    <color name="browser_actions_text_color">#de000000</color>
    <color name="browser_actions_title_color">#646464</color>
    <color name="button_material_dark">#5a595b</color>
    <color name="button_material_light">#d6d7d7</color>
    <color name="call_notification_answer_color">#1d873b</color>
    <color name="call_notification_decline_color">#d93025</color>
    <color name="cardview_dark_background">#424242</color>
    <color name="cardview_light_background">#ffffff</color>
    <color name="colorBody">#dc5252</color>
    <color name="common_google_signin_btn_text_dark">res/color/common_google_signin_btn_text_dark.xml</color>
    <color name="common_google_signin_btn_text_dark_default">@android:color/white</color>
    <color name="common_google_signin_btn_text_dark_disabled">#1f000000</color>
    <color name="common_google_signin_btn_text_dark_focused">@android:color/black</color>
    <color name="common_google_signin_btn_text_dark_pressed">@android:color/white</color>
    <color name="common_google_signin_btn_text_light">res/color/common_google_signin_btn_text_light.xml</color>
    <color name="common_google_signin_btn_text_light_default">#90000000</color>
    <color name="common_google_signin_btn_text_light_disabled">#1f000000</color>
    <color name="common_google_signin_btn_text_light_focused">#90000000</color>
    <color name="common_google_signin_btn_text_light_pressed">#de000000</color>
    <color name="common_google_signin_btn_tint">res/color/common_google_signin_btn_tint.xml</color>
    <color name="control">#ffffff</color>
    <color name="control1">#6993b9</color>
    <color name="control2">#c29c31</color>
    <color name="design_bottom_navigation_shadow_color">#14000000</color>
    <color name="design_box_stroke_color">res/color/design_box_stroke_color.xml</color>
    <color name="design_dark_default_color_background">#121212</color>
    <color name="design_dark_default_color_error">#cf6679</color>
    <color name="design_dark_default_color_on_background">#ffffff</color>
    <color name="design_dark_default_color_on_error">#000000</color>
    <color name="design_dark_default_color_on_primary">#000000</color>
    <color name="design_dark_default_color_on_secondary">#000000</color>
    <color name="design_dark_default_color_on_surface">#ffffff</color>
    <color name="design_dark_default_color_primary">#ba86fc</color>
    <color name="design_dark_default_color_primary_dark">#000000</color>
    <color name="design_dark_default_color_primary_variant">#3700b3</color>
    <color name="design_dark_default_color_secondary">#03dac6</color>
    <color name="design_dark_default_color_secondary_variant">#03dac6</color>
    <color name="design_dark_default_color_surface">#121212</color>
    <color name="design_default_color_background">#ffffff</color>
    <color name="design_default_color_error">#b00020</color>
    <color name="design_default_color_on_background">#000000</color>
    <color name="design_default_color_on_error">#ffffff</color>
    <color name="design_default_color_on_primary">#ffffff</color>
    <color name="design_default_color_on_secondary">#000000</color>
    <color name="design_default_color_on_surface">#000000</color>
    <color name="design_default_color_primary">#6200ee</color>
    <color name="design_default_color_primary_dark">#3700b3</color>
    <color name="design_default_color_primary_variant">#3700b3</color>
    <color name="design_default_color_secondary">#03dac6</color>
    <color name="design_default_color_secondary_variant">#018786</color>
    <color name="design_default_color_surface">#ffffff</color>
    <color name="design_error">res/color/design_error.xml</color>
    <color name="design_fab_shadow_end_color">@android:color/transparent</color>
    <color name="design_fab_shadow_mid_color">#14000000</color>
    <color name="design_fab_shadow_start_color">#44000000</color>
    <color name="design_fab_stroke_end_inner_color">#0a000000</color>
    <color name="design_fab_stroke_end_outer_color">#0f000000</color>
    <color name="design_fab_stroke_top_inner_color">#1affffff</color>
    <color name="design_fab_stroke_top_outer_color">#2effffff</color>
    <color name="design_icon_tint">res/color/design_icon_tint.xml</color>
    <color name="design_snackbar_background_color">#323232</color>
    <color name="error_color_material_dark">#ff7043</color>
    <color name="error_color_material_light">#ff5722</color>
    <color name="exo_edit_mode_background_color">#f4f3f0</color>
    <color name="exo_error_message_background_color">#aa000000</color>
    <color name="exo_white">#ffffff</color>
    <color name="exo_white_opacity_70">#b3ffffff</color>
    <color name="foreground_material_dark">@android:color/white</color>
    <color name="foreground_material_light">@android:color/black</color>
    <color name="highlight">#aeaeae</color>
    <color name="highlighted_text_material_dark">#6680cbc4</color>
    <color name="highlighted_text_material_light">#66009688</color>
    <color name="items_text_color">#525252</color>
    <color name="material_blue_grey_800">#37474f</color>
    <color name="material_blue_grey_900">#263238</color>
    <color name="material_blue_grey_950">#21272b</color>
    <color name="material_cursor_color">res/color/material_cursor_color.xml</color>
    <color name="material_deep_teal_200">#80cbc4</color>
    <color name="material_deep_teal_500">#008577</color>
    <color name="material_divider_color">res/color/material_divider_color.xml</color>
    <color name="material_grey_100">#f5f5f5</color>
    <color name="material_grey_300">#e0e0e0</color>
    <color name="material_grey_50">#fafafa</color>
    <color name="material_grey_600">#757575</color>
    <color name="material_grey_800">#424242</color>
    <color name="material_grey_850">#303030</color>
    <color name="material_grey_900">#212121</color>
    <color name="material_harmonized_color_error">#ffffff</color>
    <color name="material_harmonized_color_error_container">#ffffff</color>
    <color name="material_harmonized_color_on_error">#ffffff</color>
    <color name="material_harmonized_color_on_error_container">#ffffff</color>
    <color name="material_on_background_disabled">res/color/material_on_background_disabled.xml</color>
    <color name="material_on_background_emphasis_high_type">res/color/material_on_background_emphasis_high_type.xml</color>
    <color name="material_on_background_emphasis_medium">res/color/material_on_background_emphasis_medium.xml</color>
    <color name="material_on_primary_disabled">res/color/material_on_primary_disabled.xml</color>
    <color name="material_on_primary_emphasis_high_type">res/color/material_on_primary_emphasis_high_type.xml</color>
    <color name="material_on_primary_emphasis_medium">res/color/material_on_primary_emphasis_medium.xml</color>
    <color name="material_on_surface_disabled">res/color/material_on_surface_disabled.xml</color>
    <color name="material_on_surface_emphasis_high_type">res/color/material_on_surface_emphasis_high_type.xml</color>
    <color name="material_on_surface_emphasis_medium">res/color/material_on_surface_emphasis_medium.xml</color>
    <color name="material_on_surface_stroke">res/color/material_on_surface_stroke.xml</color>
    <color name="material_personalized__highlighted_text">res/color/material_personalized__highlighted_text.xml</color>
    <color name="material_personalized__highlighted_text_inverse">res/color/material_personalized__highlighted_text_inverse.xml</color>
    <color name="material_personalized_color_background">#ffffff</color>
    <color name="material_personalized_color_control_activated">#ffffff</color>
    <color name="material_personalized_color_control_highlight">#ffffff</color>
    <color name="material_personalized_color_control_normal">#ffffff</color>
    <color name="material_personalized_color_error">#ffffff</color>
    <color name="material_personalized_color_error_container">#ffffff</color>
    <color name="material_personalized_color_on_background">#ffffff</color>
    <color name="material_personalized_color_on_error">#ffffff</color>
    <color name="material_personalized_color_on_error_container">#ffffff</color>
    <color name="material_personalized_color_on_primary">#ffffff</color>
    <color name="material_personalized_color_on_primary_container">#ffffff</color>
    <color name="material_personalized_color_on_secondary">#ffffff</color>
    <color name="material_personalized_color_on_secondary_container">#ffffff</color>
    <color name="material_personalized_color_on_surface">#ffffff</color>
    <color name="material_personalized_color_on_surface_inverse">#ffffff</color>
    <color name="material_personalized_color_on_surface_variant">#ffffff</color>
    <color name="material_personalized_color_on_tertiary">#ffffff</color>
    <color name="material_personalized_color_on_tertiary_container">#ffffff</color>
    <color name="material_personalized_color_outline">#ffffff</color>
    <color name="material_personalized_color_outline_variant">#ffffff</color>
    <color name="material_personalized_color_primary">#ffffff</color>
    <color name="material_personalized_color_primary_container">#ffffff</color>
    <color name="material_personalized_color_primary_inverse">#ffffff</color>
    <color name="material_personalized_color_primary_text">res/color/material_personalized_color_primary_text.xml</color>
    <color name="material_personalized_color_primary_text_inverse">res/color/material_personalized_color_primary_text_inverse.xml</color>
    <color name="material_personalized_color_secondary">#ffffff</color>
    <color name="material_personalized_color_secondary_container">#ffffff</color>
    <color name="material_personalized_color_secondary_text">res/color/material_personalized_color_secondary_text.xml</color>
    <color name="material_personalized_color_secondary_text_inverse">res/color/material_personalized_color_secondary_text_inverse.xml</color>
    <color name="material_personalized_color_surface">#ffffff</color>
    <color name="material_personalized_color_surface_bright">#ffffff</color>
    <color name="material_personalized_color_surface_container">#ffffff</color>
    <color name="material_personalized_color_surface_container_high">#ffffff</color>
    <color name="material_personalized_color_surface_container_highest">#ffffff</color>
    <color name="material_personalized_color_surface_container_low">#ffffff</color>
    <color name="material_personalized_color_surface_container_lowest">#ffffff</color>
    <color name="material_personalized_color_surface_dim">#ffffff</color>
    <color name="material_personalized_color_surface_inverse">#ffffff</color>
    <color name="material_personalized_color_surface_variant">#ffffff</color>
    <color name="material_personalized_color_tertiary">#ffffff</color>
    <color name="material_personalized_color_tertiary_container">#ffffff</color>
    <color name="material_personalized_color_text_hint_foreground_inverse">#ffffff</color>
    <color name="material_personalized_color_text_primary_inverse">#ffffff</color>
    <color name="material_personalized_color_text_primary_inverse_disable_only">#ffffff</color>
    <color name="material_personalized_color_text_secondary_and_tertiary_inverse">#ffffff</color>
    <color name="material_personalized_color_text_secondary_and_tertiary_inverse_disabled">#ffffff</color>
    <color name="material_personalized_hint_foreground">res/color/material_personalized_hint_foreground.xml</color>
    <color name="material_personalized_hint_foreground_inverse">res/color/material_personalized_hint_foreground_inverse.xml</color>
    <color name="material_personalized_primary_inverse_text_disable_only">res/color/material_personalized_primary_inverse_text_disable_only.xml</color>
    <color name="material_personalized_primary_text_disable_only">res/color/material_personalized_primary_text_disable_only.xml</color>
    <color name="material_slider_active_tick_marks_color">res/color/material_slider_active_tick_marks_color.xml</color>
    <color name="material_slider_active_track_color">res/color/material_slider_active_track_color.xml</color>
    <color name="material_slider_halo_color">res/color/material_slider_halo_color.xml</color>
    <color name="material_slider_inactive_tick_marks_color">res/color/material_slider_inactive_tick_marks_color.xml</color>
    <color name="material_slider_inactive_track_color">res/color/material_slider_inactive_track_color.xml</color>
    <color name="material_slider_thumb_color">res/color/material_slider_thumb_color.xml</color>
    <color name="material_timepicker_button_background">res/color/material_timepicker_button_background.xml</color>
    <color name="material_timepicker_button_stroke">res/color/material_timepicker_button_stroke.xml</color>
    <color name="material_timepicker_clock_text_color">res/color/material_timepicker_clock_text_color.xml</color>
    <color name="material_timepicker_clockface">res/color/material_timepicker_clockface.xml</color>
    <color name="material_timepicker_modebutton_tint">res/color/material_timepicker_modebutton_tint.xml</color>
    <color name="mtrl_btn_bg_color_selector">res/color/mtrl_btn_bg_color_selector.xml</color>
    <color name="mtrl_btn_ripple_color">res/color/mtrl_btn_ripple_color.xml</color>
    <color name="mtrl_btn_stroke_color_selector">res/color/mtrl_btn_stroke_color_selector.xml</color>
    <color name="mtrl_btn_text_btn_bg_color_selector">res/color/mtrl_btn_text_btn_bg_color_selector.xml</color>
    <color name="mtrl_btn_text_btn_ripple_color">res/color/mtrl_btn_text_btn_ripple_color.xml</color>
    <color name="mtrl_btn_text_color_selector">res/color/mtrl_btn_text_color_selector.xml</color>
    <color name="mtrl_calendar_item_stroke_color">res/color/mtrl_calendar_item_stroke_color.xml</color>
    <color name="mtrl_calendar_selected_range">res/color/mtrl_calendar_selected_range.xml</color>
    <color name="mtrl_card_view_foreground">res/color/mtrl_card_view_foreground.xml</color>
    <color name="mtrl_card_view_ripple">res/color/mtrl_card_view_ripple.xml</color>
    <color name="mtrl_chip_background_color">res/color/mtrl_chip_background_color.xml</color>
    <color name="mtrl_chip_close_icon_tint">res/color/mtrl_chip_close_icon_tint.xml</color>
    <color name="mtrl_chip_surface_color">res/color/mtrl_chip_surface_color.xml</color>
    <color name="mtrl_chip_text_color">res/color/mtrl_chip_text_color.xml</color>
    <color name="mtrl_choice_chip_background_color">res/color/mtrl_choice_chip_background_color.xml</color>
    <color name="mtrl_choice_chip_ripple_color">res/color/mtrl_choice_chip_ripple_color.xml</color>
    <color name="mtrl_choice_chip_text_color">res/color/mtrl_choice_chip_text_color.xml</color>
    <color name="mtrl_error">res/color/mtrl_error.xml</color>
    <color name="mtrl_fab_bg_color_selector">res/color/mtrl_fab_bg_color_selector.xml</color>
    <color name="mtrl_fab_icon_text_color_selector">res/color/mtrl_fab_icon_text_color_selector.xml</color>
    <color name="mtrl_fab_ripple_color">res/color/mtrl_fab_ripple_color.xml</color>
    <color name="mtrl_filled_background_color">res/color/mtrl_filled_background_color.xml</color>
    <color name="mtrl_filled_icon_tint">res/color/mtrl_filled_icon_tint.xml</color>
    <color name="mtrl_filled_stroke_color">res/color/mtrl_filled_stroke_color.xml</color>
    <color name="mtrl_indicator_text_color">res/color/mtrl_indicator_text_color.xml</color>
    <color name="mtrl_navigation_bar_item_tint">res/color/mtrl_navigation_bar_item_tint.xml</color>
    <color name="mtrl_navigation_bar_ripple_color">res/color/mtrl_navigation_bar_ripple_color.xml</color>
    <color name="mtrl_navigation_item_background_color">res/color/mtrl_navigation_item_background_color.xml</color>
    <color name="mtrl_navigation_item_icon_tint">res/color/mtrl_navigation_item_icon_tint.xml</color>
    <color name="mtrl_navigation_item_text_color">res/color/mtrl_navigation_item_text_color.xml</color>
    <color name="mtrl_on_primary_text_btn_text_color_selector">res/color/mtrl_on_primary_text_btn_text_color_selector.xml</color>
    <color name="mtrl_on_surface_ripple_color">res/color/mtrl_on_surface_ripple_color.xml</color>
    <color name="mtrl_outlined_icon_tint">res/color/mtrl_outlined_icon_tint.xml</color>
    <color name="mtrl_outlined_stroke_color">res/color/mtrl_outlined_stroke_color.xml</color>
    <color name="mtrl_popupmenu_overlay_color">res/color/mtrl_popupmenu_overlay_color.xml</color>
    <color name="mtrl_scrim_color">#52000000</color>
    <color name="mtrl_tabs_icon_color_selector">res/color/mtrl_tabs_icon_color_selector.xml</color>
    <color name="mtrl_tabs_legacy_text_color_selector">res/color/mtrl_tabs_legacy_text_color_selector.xml</color>
    <color name="mtrl_tabs_ripple_color">res/color/mtrl_tabs_ripple_color.xml</color>
    <color name="mtrl_text_btn_text_color_selector">res/color/mtrl_text_btn_text_color_selector.xml</color>
    <color name="mtrl_textinput_default_box_stroke_color">#6b000000</color>
    <color name="mtrl_textinput_disabled_color">#1f000000</color>
    <color name="mtrl_textinput_focused_box_stroke_color">#00000000</color>
    <color name="mtrl_textinput_hovered_box_stroke_color">#de000000</color>
    <color name="navigation">@color/primary</color>
    <color name="notification_action_color_filter">@color/androidx_core_secondary_text_default_material_light</color>
    <color name="notification_icon_bg_color">#9e9e9e</color>
    <color name="notification_material_background_media_default_color">#424242</color>
    <color name="primary">#a80001</color>
    <color name="primary_dark_material_dark">@android:color/black</color>
    <color name="primary_dark_material_light">@color/material_grey_600</color>
    <color name="primary_material_dark">@color/material_grey_900</color>
    <color name="primary_material_light">@color/material_grey_100</color>
    <color name="primary_text_default_material_dark">#ffffff</color>
    <color name="primary_text_default_material_light">#de000000</color>
    <color name="primary_text_disabled_material_dark">#4dffffff</color>
    <color name="primary_text_disabled_material_light">#39000000</color>
    <color name="purple_200">#bb86fc</color>
    <color name="purple_500">#6200ee</color>
    <color name="purple_700">#3700b3</color>
    <color name="ripple_material_dark">#33ffffff</color>
    <color name="ripple_material_light">#1f000000</color>
    <color name="secondary">#ffffff</color>
    <color name="secondary_text_default_material_dark">#b3ffffff</color>
    <color name="secondary_text_default_material_light">#8a000000</color>
    <color name="secondary_text_disabled_material_dark">#36ffffff</color>
    <color name="secondary_text_disabled_material_light">#24000000</color>
    <color name="switch_thumb_disabled_material_dark">#616161</color>
    <color name="switch_thumb_disabled_material_light">#bdbdbd</color>
    <color name="switch_thumb_material_dark">res/color/switch_thumb_material_dark.xml</color>
    <color name="switch_thumb_material_light">res/color/switch_thumb_material_light.xml</color>
    <color name="switch_thumb_normal_material_dark">#bdbdbd</color>
    <color name="switch_thumb_normal_material_light">#f1f1f1</color>
    <color name="teal_200">#03dac5</color>
    <color name="teal_700">#018786</color>
    <color name="text_hint_color">@color/white</color>
    <color name="tooltip_background_dark">#e6616161</color>
    <color name="tooltip_background_light">#e6ffffff</color>
    <color name="white">#ffffff</color>
</resources>