<?xml version='1.0' encoding='utf-8' ?>
<type id="0x06">
    <entry id="0x7f060000" name="abc_background_cache_hint_selector_material_dark" />
    <entry id="0x7f060001" name="abc_background_cache_hint_selector_material_light" />
    <entry id="0x7f060002" name="abc_btn_colored_borderless_text_material" />
    <entry id="0x7f060003" name="abc_btn_colored_text_material" />
    <entry id="0x7f060004" name="abc_color_highlight_material" />
    <entry id="0x7f060005" name="abc_decor_view_status_guard" />
    <entry id="0x7f060006" name="abc_decor_view_status_guard_light" />
    <entry id="0x7f060007" name="abc_hint_foreground_material_dark" />
    <entry id="0x7f060008" name="abc_hint_foreground_material_light" />
    <entry id="0x7f060009" name="abc_primary_text_disable_only_material_dark" />
    <entry id="0x7f06000a" name="abc_primary_text_disable_only_material_light" />
    <entry id="0x7f06000b" name="abc_primary_text_material_dark" />
    <entry id="0x7f06000c" name="abc_primary_text_material_light" />
    <entry id="0x7f06000d" name="abc_search_url_text" />
    <entry id="0x7f06000e" name="abc_search_url_text_normal" />
    <entry id="0x7f06000f" name="abc_search_url_text_pressed" />
    <entry id="0x7f060010" name="abc_search_url_text_selected" />
    <entry id="0x7f060011" name="abc_secondary_text_material_dark" />
    <entry id="0x7f060012" name="abc_secondary_text_material_light" />
    <entry id="0x7f060013" name="abc_tint_btn_checkable" />
    <entry id="0x7f060014" name="abc_tint_default" />
    <entry id="0x7f060015" name="abc_tint_edittext" />
    <entry id="0x7f060016" name="abc_tint_seek_thumb" />
    <entry id="0x7f060017" name="abc_tint_spinner" />
    <entry id="0x7f060018" name="abc_tint_switch_track" />
    <entry id="0x7f060019" name="accent" />
    <entry id="0x7f06001a" name="accent_material_dark" />
    <entry id="0x7f06001b" name="accent_material_light" />
    <entry id="0x7f06001c" name="al_exo_black_opacity_60" />
    <entry id="0x7f06001d" name="al_exo_black_opacity_70" />
    <entry id="0x7f06001e" name="al_exo_bottom_bar_background" />
    <entry id="0x7f06001f" name="al_exo_edit_mode_background_color" />
    <entry id="0x7f060020" name="al_exo_error_message_background_color" />
    <entry id="0x7f060021" name="al_exo_styled_error_message_background" />
    <entry id="0x7f060022" name="al_exo_white" />
    <entry id="0x7f060023" name="al_exo_white_opacity_70" />
    <entry id="0x7f060024" name="androidx_core_ripple_material_light" />
    <entry id="0x7f060025" name="androidx_core_secondary_text_default_material_light" />
    <entry id="0x7f060026" name="app_icon_background" />
    <entry id="0x7f060027" name="applovin_sdk_adBadgeTextColor" />
    <entry id="0x7f060028" name="applovin_sdk_adControlbutton_brightBlueColor" />
    <entry id="0x7f060029" name="applovin_sdk_brand_color" />
    <entry id="0x7f06002a" name="applovin_sdk_brand_color_dark" />
    <entry id="0x7f06002b" name="applovin_sdk_checkmarkColor" />
    <entry id="0x7f06002c" name="applovin_sdk_consentFlowGdprAccentActiveColor" />
    <entry id="0x7f06002d" name="applovin_sdk_consentFlowGdprAccentColor" />
    <entry id="0x7f06002e" name="applovin_sdk_consentFlowGdprAccentDisabledColor" />
    <entry id="0x7f06002f" name="applovin_sdk_consentFlowGdprBackground" />
    <entry id="0x7f060030" name="applovin_sdk_consentFlowGdprSwitchThumb" />
    <entry id="0x7f060031" name="applovin_sdk_consentFlowGdprSwitchTrackDisabled" />
    <entry id="0x7f060032" name="applovin_sdk_consentFlowGdprTextColor" />
    <entry id="0x7f060033" name="applovin_sdk_ctaButtonColor" />
    <entry id="0x7f060034" name="applovin_sdk_ctaButtonPressedColor" />
    <entry id="0x7f060035" name="applovin_sdk_disclosureButtonColor" />
    <entry id="0x7f060036" name="applovin_sdk_greenColor" />
    <entry id="0x7f060037" name="applovin_sdk_highlightListItemColor" />
    <entry id="0x7f060038" name="applovin_sdk_highlightTextColor" />
    <entry id="0x7f060039" name="applovin_sdk_listViewBackground" />
    <entry id="0x7f06003a" name="applovin_sdk_listViewSectionTextColor" />
    <entry id="0x7f06003b" name="applovin_sdk_starColor" />
    <entry id="0x7f06003c" name="applovin_sdk_textColorPrimary" />
    <entry id="0x7f06003d" name="applovin_sdk_textColorPrimaryDark" />
    <entry id="0x7f06003e" name="applovin_sdk_textColorSecondaryDark" />
    <entry id="0x7f06003f" name="applovin_sdk_warningColor" />
    <entry id="0x7f060040" name="applovin_sdk_xmarkColor" />
    <entry id="0x7f060041" name="background_floating_material_dark" />
    <entry id="0x7f060042" name="background_floating_material_light" />
    <entry id="0x7f060043" name="background_material_dark" />
    <entry id="0x7f060044" name="background_material_light" />
    <entry id="0x7f060045" name="black" />
    <entry id="0x7f060046" name="bottom_nav_color" />
    <entry id="0x7f060047" name="bright_foreground_disabled_material_dark" />
    <entry id="0x7f060048" name="bright_foreground_disabled_material_light" />
    <entry id="0x7f060049" name="bright_foreground_inverse_material_dark" />
    <entry id="0x7f06004a" name="bright_foreground_inverse_material_light" />
    <entry id="0x7f06004b" name="bright_foreground_material_dark" />
    <entry id="0x7f06004c" name="bright_foreground_material_light" />
    <entry id="0x7f06004d" name="browser_actions_bg_grey" />
    <entry id="0x7f06004e" name="browser_actions_divider_color" />
    <entry id="0x7f06004f" name="browser_actions_text_color" />
    <entry id="0x7f060050" name="browser_actions_title_color" />
    <entry id="0x7f060051" name="button_material_dark" />
    <entry id="0x7f060052" name="button_material_light" />
    <entry id="0x7f060053" name="call_notification_answer_color" />
    <entry id="0x7f060054" name="call_notification_decline_color" />
    <entry id="0x7f060055" name="cardview_dark_background" />
    <entry id="0x7f060056" name="cardview_light_background" />
    <entry id="0x7f060059" name="colorBody" />
    <entry id="0x7f06005a" name="common_google_signin_btn_text_dark" />
    <entry id="0x7f06005b" name="common_google_signin_btn_text_dark_default" />
    <entry id="0x7f06005c" name="common_google_signin_btn_text_dark_disabled" />
    <entry id="0x7f06005d" name="common_google_signin_btn_text_dark_focused" />
    <entry id="0x7f06005e" name="common_google_signin_btn_text_dark_pressed" />
    <entry id="0x7f06005f" name="common_google_signin_btn_text_light" />
    <entry id="0x7f060060" name="common_google_signin_btn_text_light_default" />
    <entry id="0x7f060061" name="common_google_signin_btn_text_light_disabled" />
    <entry id="0x7f060062" name="common_google_signin_btn_text_light_focused" />
    <entry id="0x7f060063" name="common_google_signin_btn_text_light_pressed" />
    <entry id="0x7f060064" name="common_google_signin_btn_tint" />
    <entry id="0x7f060065" name="control" />
    <entry id="0x7f060066" name="control1" />
    <entry id="0x7f060067" name="control2" />
    <entry id="0x7f060068" name="design_bottom_navigation_shadow_color" />
    <entry id="0x7f060069" name="design_box_stroke_color" />
    <entry id="0x7f06006a" name="design_dark_default_color_background" />
    <entry id="0x7f06006b" name="design_dark_default_color_error" />
    <entry id="0x7f06006c" name="design_dark_default_color_on_background" />
    <entry id="0x7f06006d" name="design_dark_default_color_on_error" />
    <entry id="0x7f06006e" name="design_dark_default_color_on_primary" />
    <entry id="0x7f06006f" name="design_dark_default_color_on_secondary" />
    <entry id="0x7f060070" name="design_dark_default_color_on_surface" />
    <entry id="0x7f060071" name="design_dark_default_color_primary" />
    <entry id="0x7f060072" name="design_dark_default_color_primary_dark" />
    <entry id="0x7f060073" name="design_dark_default_color_primary_variant" />
    <entry id="0x7f060074" name="design_dark_default_color_secondary" />
    <entry id="0x7f060075" name="design_dark_default_color_secondary_variant" />
    <entry id="0x7f060076" name="design_dark_default_color_surface" />
    <entry id="0x7f060077" name="design_default_color_background" />
    <entry id="0x7f060078" name="design_default_color_error" />
    <entry id="0x7f060079" name="design_default_color_on_background" />
    <entry id="0x7f06007a" name="design_default_color_on_error" />
    <entry id="0x7f06007b" name="design_default_color_on_primary" />
    <entry id="0x7f06007c" name="design_default_color_on_secondary" />
    <entry id="0x7f06007d" name="design_default_color_on_surface" />
    <entry id="0x7f06007e" name="design_default_color_primary" />
    <entry id="0x7f06007f" name="design_default_color_primary_dark" />
    <entry id="0x7f060080" name="design_default_color_primary_variant" />
    <entry id="0x7f060081" name="design_default_color_secondary" />
    <entry id="0x7f060082" name="design_default_color_secondary_variant" />
    <entry id="0x7f060083" name="design_default_color_surface" />
    <entry id="0x7f060084" name="design_error" />
    <entry id="0x7f060085" name="design_fab_shadow_end_color" />
    <entry id="0x7f060086" name="design_fab_shadow_mid_color" />
    <entry id="0x7f060087" name="design_fab_shadow_start_color" />
    <entry id="0x7f060088" name="design_fab_stroke_end_inner_color" />
    <entry id="0x7f060089" name="design_fab_stroke_end_outer_color" />
    <entry id="0x7f06008a" name="design_fab_stroke_top_inner_color" />
    <entry id="0x7f06008b" name="design_fab_stroke_top_outer_color" />
    <entry id="0x7f06008c" name="design_icon_tint" />
    <entry id="0x7f06008d" name="design_snackbar_background_color" />
    <entry id="0x7f060093" name="error_color_material_dark" />
    <entry id="0x7f060094" name="error_color_material_light" />
    <entry id="0x7f060098" name="exo_edit_mode_background_color" />
    <entry id="0x7f060099" name="exo_error_message_background_color" />
    <entry id="0x7f06009b" name="exo_white" />
    <entry id="0x7f06009c" name="exo_white_opacity_70" />
    <entry id="0x7f06009d" name="foreground_material_dark" />
    <entry id="0x7f06009e" name="foreground_material_light" />
    <entry id="0x7f06009f" name="highlight" />
    <entry id="0x7f0600a0" name="highlighted_text_material_dark" />
    <entry id="0x7f0600a1" name="highlighted_text_material_light" />
    <entry id="0x7f0600a2" name="items_text_color" />
    <entry id="0x7f0600e0" name="m3_ref_palette_dynamic_neutral0" />
    <entry id="0x7f0600e1" name="m3_ref_palette_dynamic_neutral10" />
    <entry id="0x7f0600e2" name="m3_ref_palette_dynamic_neutral100" />
    <entry id="0x7f0600e5" name="m3_ref_palette_dynamic_neutral20" />
    <entry id="0x7f0600e8" name="m3_ref_palette_dynamic_neutral30" />
    <entry id="0x7f0600ea" name="m3_ref_palette_dynamic_neutral40" />
    <entry id="0x7f0600eb" name="m3_ref_palette_dynamic_neutral50" />
    <entry id="0x7f0600ed" name="m3_ref_palette_dynamic_neutral60" />
    <entry id="0x7f0600ee" name="m3_ref_palette_dynamic_neutral70" />
    <entry id="0x7f0600ef" name="m3_ref_palette_dynamic_neutral80" />
    <entry id="0x7f0600f1" name="m3_ref_palette_dynamic_neutral90" />
    <entry id="0x7f0600f4" name="m3_ref_palette_dynamic_neutral95" />
    <entry id="0x7f0600f7" name="m3_ref_palette_dynamic_neutral99" />
    <entry id="0x7f0600f8" name="m3_ref_palette_dynamic_neutral_variant0" />
    <entry id="0x7f0600f9" name="m3_ref_palette_dynamic_neutral_variant10" />
    <entry id="0x7f0600fa" name="m3_ref_palette_dynamic_neutral_variant100" />
    <entry id="0x7f0600fb" name="m3_ref_palette_dynamic_neutral_variant20" />
    <entry id="0x7f0600fc" name="m3_ref_palette_dynamic_neutral_variant30" />
    <entry id="0x7f0600fd" name="m3_ref_palette_dynamic_neutral_variant40" />
    <entry id="0x7f0600fe" name="m3_ref_palette_dynamic_neutral_variant50" />
    <entry id="0x7f0600ff" name="m3_ref_palette_dynamic_neutral_variant60" />
    <entry id="0x7f060100" name="m3_ref_palette_dynamic_neutral_variant70" />
    <entry id="0x7f060101" name="m3_ref_palette_dynamic_neutral_variant80" />
    <entry id="0x7f060102" name="m3_ref_palette_dynamic_neutral_variant90" />
    <entry id="0x7f060103" name="m3_ref_palette_dynamic_neutral_variant95" />
    <entry id="0x7f060104" name="m3_ref_palette_dynamic_neutral_variant99" />
    <entry id="0x7f060105" name="m3_ref_palette_dynamic_primary0" />
    <entry id="0x7f060106" name="m3_ref_palette_dynamic_primary10" />
    <entry id="0x7f060107" name="m3_ref_palette_dynamic_primary100" />
    <entry id="0x7f060108" name="m3_ref_palette_dynamic_primary20" />
    <entry id="0x7f060109" name="m3_ref_palette_dynamic_primary30" />
    <entry id="0x7f06010a" name="m3_ref_palette_dynamic_primary40" />
    <entry id="0x7f06010b" name="m3_ref_palette_dynamic_primary50" />
    <entry id="0x7f06010c" name="m3_ref_palette_dynamic_primary60" />
    <entry id="0x7f06010d" name="m3_ref_palette_dynamic_primary70" />
    <entry id="0x7f06010e" name="m3_ref_palette_dynamic_primary80" />
    <entry id="0x7f06010f" name="m3_ref_palette_dynamic_primary90" />
    <entry id="0x7f060110" name="m3_ref_palette_dynamic_primary95" />
    <entry id="0x7f060111" name="m3_ref_palette_dynamic_primary99" />
    <entry id="0x7f060112" name="m3_ref_palette_dynamic_secondary0" />
    <entry id="0x7f060113" name="m3_ref_palette_dynamic_secondary10" />
    <entry id="0x7f060114" name="m3_ref_palette_dynamic_secondary100" />
    <entry id="0x7f060115" name="m3_ref_palette_dynamic_secondary20" />
    <entry id="0x7f060116" name="m3_ref_palette_dynamic_secondary30" />
    <entry id="0x7f060117" name="m3_ref_palette_dynamic_secondary40" />
    <entry id="0x7f060118" name="m3_ref_palette_dynamic_secondary50" />
    <entry id="0x7f060119" name="m3_ref_palette_dynamic_secondary60" />
    <entry id="0x7f06011a" name="m3_ref_palette_dynamic_secondary70" />
    <entry id="0x7f06011b" name="m3_ref_palette_dynamic_secondary80" />
    <entry id="0x7f06011c" name="m3_ref_palette_dynamic_secondary90" />
    <entry id="0x7f06011d" name="m3_ref_palette_dynamic_secondary95" />
    <entry id="0x7f06011e" name="m3_ref_palette_dynamic_secondary99" />
    <entry id="0x7f06011f" name="m3_ref_palette_dynamic_tertiary0" />
    <entry id="0x7f060120" name="m3_ref_palette_dynamic_tertiary10" />
    <entry id="0x7f060121" name="m3_ref_palette_dynamic_tertiary100" />
    <entry id="0x7f060122" name="m3_ref_palette_dynamic_tertiary20" />
    <entry id="0x7f060123" name="m3_ref_palette_dynamic_tertiary30" />
    <entry id="0x7f060124" name="m3_ref_palette_dynamic_tertiary40" />
    <entry id="0x7f060125" name="m3_ref_palette_dynamic_tertiary50" />
    <entry id="0x7f060126" name="m3_ref_palette_dynamic_tertiary60" />
    <entry id="0x7f060127" name="m3_ref_palette_dynamic_tertiary70" />
    <entry id="0x7f060128" name="m3_ref_palette_dynamic_tertiary80" />
    <entry id="0x7f060129" name="m3_ref_palette_dynamic_tertiary90" />
    <entry id="0x7f06012a" name="m3_ref_palette_dynamic_tertiary95" />
    <entry id="0x7f06012b" name="m3_ref_palette_dynamic_tertiary99" />
    <entry id="0x7f06023f" name="material_blue_grey_800" />
    <entry id="0x7f060240" name="material_blue_grey_900" />
    <entry id="0x7f060241" name="material_blue_grey_950" />
    <entry id="0x7f060242" name="material_cursor_color" />
    <entry id="0x7f060243" name="material_deep_teal_200" />
    <entry id="0x7f060244" name="material_deep_teal_500" />
    <entry id="0x7f060245" name="material_divider_color" />
    <entry id="0x7f060246" name="material_dynamic_neutral0" />
    <entry id="0x7f060247" name="material_dynamic_neutral10" />
    <entry id="0x7f060248" name="material_dynamic_neutral100" />
    <entry id="0x7f060249" name="material_dynamic_neutral20" />
    <entry id="0x7f06024a" name="material_dynamic_neutral30" />
    <entry id="0x7f06024b" name="material_dynamic_neutral40" />
    <entry id="0x7f06024c" name="material_dynamic_neutral50" />
    <entry id="0x7f06024d" name="material_dynamic_neutral60" />
    <entry id="0x7f06024e" name="material_dynamic_neutral70" />
    <entry id="0x7f06024f" name="material_dynamic_neutral80" />
    <entry id="0x7f060250" name="material_dynamic_neutral90" />
    <entry id="0x7f060251" name="material_dynamic_neutral95" />
    <entry id="0x7f060252" name="material_dynamic_neutral99" />
    <entry id="0x7f060253" name="material_dynamic_neutral_variant0" />
    <entry id="0x7f060254" name="material_dynamic_neutral_variant10" />
    <entry id="0x7f060255" name="material_dynamic_neutral_variant100" />
    <entry id="0x7f060256" name="material_dynamic_neutral_variant20" />
    <entry id="0x7f060257" name="material_dynamic_neutral_variant30" />
    <entry id="0x7f060258" name="material_dynamic_neutral_variant40" />
    <entry id="0x7f060259" name="material_dynamic_neutral_variant50" />
    <entry id="0x7f06025a" name="material_dynamic_neutral_variant60" />
    <entry id="0x7f06025b" name="material_dynamic_neutral_variant70" />
    <entry id="0x7f06025c" name="material_dynamic_neutral_variant80" />
    <entry id="0x7f06025d" name="material_dynamic_neutral_variant90" />
    <entry id="0x7f06025e" name="material_dynamic_neutral_variant95" />
    <entry id="0x7f06025f" name="material_dynamic_neutral_variant99" />
    <entry id="0x7f060260" name="material_dynamic_primary0" />
    <entry id="0x7f060261" name="material_dynamic_primary10" />
    <entry id="0x7f060262" name="material_dynamic_primary100" />
    <entry id="0x7f060263" name="material_dynamic_primary20" />
    <entry id="0x7f060264" name="material_dynamic_primary30" />
    <entry id="0x7f060265" name="material_dynamic_primary40" />
    <entry id="0x7f060266" name="material_dynamic_primary50" />
    <entry id="0x7f060267" name="material_dynamic_primary60" />
    <entry id="0x7f060268" name="material_dynamic_primary70" />
    <entry id="0x7f060269" name="material_dynamic_primary80" />
    <entry id="0x7f06026a" name="material_dynamic_primary90" />
    <entry id="0x7f06026b" name="material_dynamic_primary95" />
    <entry id="0x7f06026c" name="material_dynamic_primary99" />
    <entry id="0x7f06026d" name="material_dynamic_secondary0" />
    <entry id="0x7f06026e" name="material_dynamic_secondary10" />
    <entry id="0x7f06026f" name="material_dynamic_secondary100" />
    <entry id="0x7f060270" name="material_dynamic_secondary20" />
    <entry id="0x7f060271" name="material_dynamic_secondary30" />
    <entry id="0x7f060272" name="material_dynamic_secondary40" />
    <entry id="0x7f060273" name="material_dynamic_secondary50" />
    <entry id="0x7f060274" name="material_dynamic_secondary60" />
    <entry id="0x7f060275" name="material_dynamic_secondary70" />
    <entry id="0x7f060276" name="material_dynamic_secondary80" />
    <entry id="0x7f060277" name="material_dynamic_secondary90" />
    <entry id="0x7f060278" name="material_dynamic_secondary95" />
    <entry id="0x7f060279" name="material_dynamic_secondary99" />
    <entry id="0x7f06027a" name="material_dynamic_tertiary0" />
    <entry id="0x7f06027b" name="material_dynamic_tertiary10" />
    <entry id="0x7f06027c" name="material_dynamic_tertiary100" />
    <entry id="0x7f06027d" name="material_dynamic_tertiary20" />
    <entry id="0x7f06027e" name="material_dynamic_tertiary30" />
    <entry id="0x7f06027f" name="material_dynamic_tertiary40" />
    <entry id="0x7f060280" name="material_dynamic_tertiary50" />
    <entry id="0x7f060281" name="material_dynamic_tertiary60" />
    <entry id="0x7f060282" name="material_dynamic_tertiary70" />
    <entry id="0x7f060283" name="material_dynamic_tertiary80" />
    <entry id="0x7f060284" name="material_dynamic_tertiary90" />
    <entry id="0x7f060285" name="material_dynamic_tertiary95" />
    <entry id="0x7f060286" name="material_dynamic_tertiary99" />
    <entry id="0x7f060287" name="material_grey_100" />
    <entry id="0x7f060288" name="material_grey_300" />
    <entry id="0x7f060289" name="material_grey_50" />
    <entry id="0x7f06028a" name="material_grey_600" />
    <entry id="0x7f06028b" name="material_grey_800" />
    <entry id="0x7f06028c" name="material_grey_850" />
    <entry id="0x7f06028d" name="material_grey_900" />
    <entry id="0x7f06028e" name="material_harmonized_color_error" />
    <entry id="0x7f06028f" name="material_harmonized_color_error_container" />
    <entry id="0x7f060290" name="material_harmonized_color_on_error" />
    <entry id="0x7f060291" name="material_harmonized_color_on_error_container" />
    <entry id="0x7f060292" name="material_on_background_disabled" />
    <entry id="0x7f060293" name="material_on_background_emphasis_high_type" />
    <entry id="0x7f060294" name="material_on_background_emphasis_medium" />
    <entry id="0x7f060295" name="material_on_primary_disabled" />
    <entry id="0x7f060296" name="material_on_primary_emphasis_high_type" />
    <entry id="0x7f060297" name="material_on_primary_emphasis_medium" />
    <entry id="0x7f060298" name="material_on_surface_disabled" />
    <entry id="0x7f060299" name="material_on_surface_emphasis_high_type" />
    <entry id="0x7f06029a" name="material_on_surface_emphasis_medium" />
    <entry id="0x7f06029b" name="material_on_surface_stroke" />
    <entry id="0x7f06029c" name="material_personalized__highlighted_text" />
    <entry id="0x7f06029d" name="material_personalized__highlighted_text_inverse" />
    <entry id="0x7f06029e" name="material_personalized_color_background" />
    <entry id="0x7f06029f" name="material_personalized_color_control_activated" />
    <entry id="0x7f0602a0" name="material_personalized_color_control_highlight" />
    <entry id="0x7f0602a1" name="material_personalized_color_control_normal" />
    <entry id="0x7f0602a2" name="material_personalized_color_error" />
    <entry id="0x7f0602a3" name="material_personalized_color_error_container" />
    <entry id="0x7f0602a4" name="material_personalized_color_on_background" />
    <entry id="0x7f0602a5" name="material_personalized_color_on_error" />
    <entry id="0x7f0602a6" name="material_personalized_color_on_error_container" />
    <entry id="0x7f0602a7" name="material_personalized_color_on_primary" />
    <entry id="0x7f0602a8" name="material_personalized_color_on_primary_container" />
    <entry id="0x7f0602a9" name="material_personalized_color_on_secondary" />
    <entry id="0x7f0602aa" name="material_personalized_color_on_secondary_container" />
    <entry id="0x7f0602ab" name="material_personalized_color_on_surface" />
    <entry id="0x7f0602ac" name="material_personalized_color_on_surface_inverse" />
    <entry id="0x7f0602ad" name="material_personalized_color_on_surface_variant" />
    <entry id="0x7f0602ae" name="material_personalized_color_on_tertiary" />
    <entry id="0x7f0602af" name="material_personalized_color_on_tertiary_container" />
    <entry id="0x7f0602b0" name="material_personalized_color_outline" />
    <entry id="0x7f0602b1" name="material_personalized_color_outline_variant" />
    <entry id="0x7f0602b2" name="material_personalized_color_primary" />
    <entry id="0x7f0602b3" name="material_personalized_color_primary_container" />
    <entry id="0x7f0602b4" name="material_personalized_color_primary_inverse" />
    <entry id="0x7f0602b5" name="material_personalized_color_primary_text" />
    <entry id="0x7f0602b6" name="material_personalized_color_primary_text_inverse" />
    <entry id="0x7f0602b7" name="material_personalized_color_secondary" />
    <entry id="0x7f0602b8" name="material_personalized_color_secondary_container" />
    <entry id="0x7f0602b9" name="material_personalized_color_secondary_text" />
    <entry id="0x7f0602ba" name="material_personalized_color_secondary_text_inverse" />
    <entry id="0x7f0602bb" name="material_personalized_color_surface" />
    <entry id="0x7f0602bc" name="material_personalized_color_surface_bright" />
    <entry id="0x7f0602bd" name="material_personalized_color_surface_container" />
    <entry id="0x7f0602be" name="material_personalized_color_surface_container_high" />
    <entry id="0x7f0602bf" name="material_personalized_color_surface_container_highest" />
    <entry id="0x7f0602c0" name="material_personalized_color_surface_container_low" />
    <entry id="0x7f0602c1" name="material_personalized_color_surface_container_lowest" />
    <entry id="0x7f0602c2" name="material_personalized_color_surface_dim" />
    <entry id="0x7f0602c3" name="material_personalized_color_surface_inverse" />
    <entry id="0x7f0602c4" name="material_personalized_color_surface_variant" />
    <entry id="0x7f0602c5" name="material_personalized_color_tertiary" />
    <entry id="0x7f0602c6" name="material_personalized_color_tertiary_container" />
    <entry id="0x7f0602c7" name="material_personalized_color_text_hint_foreground_inverse" />
    <entry id="0x7f0602c8" name="material_personalized_color_text_primary_inverse" />
    <entry id="0x7f0602c9" name="material_personalized_color_text_primary_inverse_disable_only" />
    <entry id="0x7f0602ca" name="material_personalized_color_text_secondary_and_tertiary_inverse" />
    <entry id="0x7f0602cb" name="material_personalized_color_text_secondary_and_tertiary_inverse_disabled" />
    <entry id="0x7f0602cc" name="material_personalized_hint_foreground" />
    <entry id="0x7f0602cd" name="material_personalized_hint_foreground_inverse" />
    <entry id="0x7f0602ce" name="material_personalized_primary_inverse_text_disable_only" />
    <entry id="0x7f0602cf" name="material_personalized_primary_text_disable_only" />
    <entry id="0x7f0602d0" name="material_slider_active_tick_marks_color" />
    <entry id="0x7f0602d1" name="material_slider_active_track_color" />
    <entry id="0x7f0602d2" name="material_slider_halo_color" />
    <entry id="0x7f0602d3" name="material_slider_inactive_tick_marks_color" />
    <entry id="0x7f0602d4" name="material_slider_inactive_track_color" />
    <entry id="0x7f0602d5" name="material_slider_thumb_color" />
    <entry id="0x7f0602d6" name="material_timepicker_button_background" />
    <entry id="0x7f0602d7" name="material_timepicker_button_stroke" />
    <entry id="0x7f0602d8" name="material_timepicker_clock_text_color" />
    <entry id="0x7f0602d9" name="material_timepicker_clockface" />
    <entry id="0x7f0602da" name="material_timepicker_modebutton_tint" />
    <entry id="0x7f0602db" name="mtrl_btn_bg_color_selector" />
    <entry id="0x7f0602dc" name="mtrl_btn_ripple_color" />
    <entry id="0x7f0602dd" name="mtrl_btn_stroke_color_selector" />
    <entry id="0x7f0602de" name="mtrl_btn_text_btn_bg_color_selector" />
    <entry id="0x7f0602df" name="mtrl_btn_text_btn_ripple_color" />
    <entry id="0x7f0602e1" name="mtrl_btn_text_color_selector" />
    <entry id="0x7f0602e3" name="mtrl_calendar_item_stroke_color" />
    <entry id="0x7f0602e4" name="mtrl_calendar_selected_range" />
    <entry id="0x7f0602e5" name="mtrl_card_view_foreground" />
    <entry id="0x7f0602e6" name="mtrl_card_view_ripple" />
    <entry id="0x7f0602e7" name="mtrl_chip_background_color" />
    <entry id="0x7f0602e8" name="mtrl_chip_close_icon_tint" />
    <entry id="0x7f0602e9" name="mtrl_chip_surface_color" />
    <entry id="0x7f0602ea" name="mtrl_chip_text_color" />
    <entry id="0x7f0602eb" name="mtrl_choice_chip_background_color" />
    <entry id="0x7f0602ec" name="mtrl_choice_chip_ripple_color" />
    <entry id="0x7f0602ed" name="mtrl_choice_chip_text_color" />
    <entry id="0x7f0602ee" name="mtrl_error" />
    <entry id="0x7f0602ef" name="mtrl_fab_bg_color_selector" />
    <entry id="0x7f0602f0" name="mtrl_fab_icon_text_color_selector" />
    <entry id="0x7f0602f1" name="mtrl_fab_ripple_color" />
    <entry id="0x7f0602f2" name="mtrl_filled_background_color" />
    <entry id="0x7f0602f3" name="mtrl_filled_icon_tint" />
    <entry id="0x7f0602f4" name="mtrl_filled_stroke_color" />
    <entry id="0x7f0602f5" name="mtrl_indicator_text_color" />
    <entry id="0x7f0602f8" name="mtrl_navigation_bar_item_tint" />
    <entry id="0x7f0602f9" name="mtrl_navigation_bar_ripple_color" />
    <entry id="0x7f0602fa" name="mtrl_navigation_item_background_color" />
    <entry id="0x7f0602fb" name="mtrl_navigation_item_icon_tint" />
    <entry id="0x7f0602fc" name="mtrl_navigation_item_text_color" />
    <entry id="0x7f0602fd" name="mtrl_on_primary_text_btn_text_color_selector" />
    <entry id="0x7f0602fe" name="mtrl_on_surface_ripple_color" />
    <entry id="0x7f0602ff" name="mtrl_outlined_icon_tint" />
    <entry id="0x7f060300" name="mtrl_outlined_stroke_color" />
    <entry id="0x7f060301" name="mtrl_popupmenu_overlay_color" />
    <entry id="0x7f060302" name="mtrl_scrim_color" />
    <entry id="0x7f060308" name="mtrl_tabs_icon_color_selector" />
    <entry id="0x7f06030a" name="mtrl_tabs_legacy_text_color_selector" />
    <entry id="0x7f06030b" name="mtrl_tabs_ripple_color" />
    <entry id="0x7f06030c" name="mtrl_text_btn_text_color_selector" />
    <entry id="0x7f06030d" name="mtrl_textinput_default_box_stroke_color" />
    <entry id="0x7f06030e" name="mtrl_textinput_disabled_color" />
    <entry id="0x7f060310" name="mtrl_textinput_focused_box_stroke_color" />
    <entry id="0x7f060311" name="mtrl_textinput_hovered_box_stroke_color" />
    <entry id="0x7f060312" name="navigation" />
    <entry id="0x7f060313" name="notification_action_color_filter" />
    <entry id="0x7f060314" name="notification_icon_bg_color" />
    <entry id="0x7f060315" name="notification_material_background_media_default_color" />
    <entry id="0x7f060316" name="primary" />
    <entry id="0x7f060317" name="primary_dark_material_dark" />
    <entry id="0x7f060318" name="primary_dark_material_light" />
    <entry id="0x7f060319" name="primary_material_dark" />
    <entry id="0x7f06031a" name="primary_material_light" />
    <entry id="0x7f06031b" name="primary_text_default_material_dark" />
    <entry id="0x7f06031c" name="primary_text_default_material_light" />
    <entry id="0x7f06031d" name="primary_text_disabled_material_dark" />
    <entry id="0x7f06031e" name="primary_text_disabled_material_light" />
    <entry id="0x7f06031f" name="purple_200" />
    <entry id="0x7f060320" name="purple_500" />
    <entry id="0x7f060321" name="purple_700" />
    <entry id="0x7f060322" name="ripple_material_dark" />
    <entry id="0x7f060323" name="ripple_material_light" />
    <entry id="0x7f060324" name="secondary" />
    <entry id="0x7f060325" name="secondary_text_default_material_dark" />
    <entry id="0x7f060326" name="secondary_text_default_material_light" />
    <entry id="0x7f060327" name="secondary_text_disabled_material_dark" />
    <entry id="0x7f060328" name="secondary_text_disabled_material_light" />
    <entry id="0x7f060329" name="switch_thumb_disabled_material_dark" />
    <entry id="0x7f06032a" name="switch_thumb_disabled_material_light" />
    <entry id="0x7f06032b" name="switch_thumb_material_dark" />
    <entry id="0x7f06032c" name="switch_thumb_material_light" />
    <entry id="0x7f06032d" name="switch_thumb_normal_material_dark" />
    <entry id="0x7f06032e" name="switch_thumb_normal_material_light" />
    <entry id="0x7f06032f" name="teal_200" />
    <entry id="0x7f060330" name="teal_700" />
    <entry id="0x7f060331" name="text_hint_color" />
    <entry id="0x7f060332" name="tooltip_background_dark" />
    <entry id="0x7f060333" name="tooltip_background_light" />
    <entry id="0x7f060334" name="white" />
</type>