<?xml version='1.0' encoding='utf-8' ?>
<resources>
    <path name="btn_checkbox_checked_mtrl_animation_interpolator_0">res/c5.xml</path>
    <path name="btn_checkbox_checked_mtrl_animation_interpolator_1">res/NF.xml</path>
    <path name="btn_checkbox_unchecked_mtrl_animation_interpolator_0">res/_o.xml</path>
    <path name="btn_checkbox_unchecked_mtrl_animation_interpolator_1">res/VM.xml</path>
    <path name="btn_radio_to_off_mtrl_animation_interpolator_0">res/lN.xml</path>
    <path name="btn_radio_to_on_mtrl_animation_interpolator_0">res/DZ.xml</path>
    <path name="fast_out_slow_in">res/sn.xml</path>
    <path name="m3_sys_motion_easing_emphasized">res/7R.xml</path>
    <path name="mtrl_fast_out_linear_in">res/aa.xml</path>
    <path name="mtrl_fast_out_slow_in">res/TB.xml</path>
    <path name="mtrl_linear">res/Lv.xml</path>
    <path name="mtrl_linear_out_slow_in">res/NB.xml</path>
</resources>