<?xml version='1.0' encoding='utf-8' ?>
<type id="0x0c">
    <entry id="0x7f0c0000" name="btn_checkbox_checked_mtrl_animation_interpolator_0" />
    <entry id="0x7f0c0001" name="btn_checkbox_checked_mtrl_animation_interpolator_1" />
    <entry id="0x7f0c0002" name="btn_checkbox_unchecked_mtrl_animation_interpolator_0" />
    <entry id="0x7f0c0003" name="btn_checkbox_unchecked_mtrl_animation_interpolator_1" />
    <entry id="0x7f0c0004" name="btn_radio_to_off_mtrl_animation_interpolator_0" />
    <entry id="0x7f0c0005" name="btn_radio_to_on_mtrl_animation_interpolator_0" />
    <entry id="0x7f0c0006" name="fast_out_slow_in" />
    <entry id="0x7f0c0007" name="m3_sys_motion_easing_emphasized" />
    <entry id="0x7f0c000e" name="mtrl_fast_out_linear_in" />
    <entry id="0x7f0c000f" name="mtrl_fast_out_slow_in" />
    <entry id="0x7f0c0010" name="mtrl_linear" />
    <entry id="0x7f0c0011" name="mtrl_linear_out_slow_in" />
</type>